sequence_id,reenactment_id,participant_id,perspective,true_class,final_predicted_class,correct_final,ever_correct,never_correct,first_correct_timestep,stabilization_timestep,prediction_switches,earlier_correct_final_wrong
1700478995850-2-1-1-0-0-0,1700478995850-2-1-1-0-0,1,Central,Anger,Anger,True,True,False,1.0,30,12,False
1700478995850-2-1-1-0-0-1,1700478995850-2-1-1-0-0,1,Side,Anger,Disgust,False,True,False,1.0,29,7,True
1700478998549-2-1-1-1-5-0,1700478998549-2-1-1-1-5,1,Central,Sadness,Sadness,True,True,False,1.0,1,0,False
1700478998549-2-1-1-1-5-1,1700478998549-2-1-1-1-5,1,Side,Sadness,Sadness,True,True,False,1.0,1,0,False
1700479001137-2-1-1-2-3-0,1700479001137-2-1-1-2-3,1,Central,Happiness,Happiness,True,True,False,1.0,1,0,False
1700479001137-2-1-1-2-3-1,1700479001137-2-1-1-2-3,1,Side,Happiness,Fear,False,True,False,1.0,13,1,True
1700479004312-2-1-1-3-0-0,1700479004312-2-1-1-3-0,1,Central,Anger,Neutral,False,True,False,1.0,15,1,True
1700479004312-2-1-1-3-0-1,1700479004312-2-1-1-3-0,1,Side,Anger,Disgust,False,True,False,1.0,30,2,True
1700479005401-2-1-1-4-0-0,1700479005401-2-1-1-4-0,1,Central,Anger,Anger,True,True,False,19.0,21,3,False
1700479005401-2-1-1-4-0-1,1700479005401-2-1-1-4-0,1,Side,Anger,Anger,True,True,False,1.0,29,8,False
1700479007738-2-1-1-5-5-0,1700479007738-2-1-1-5-5,1,Central,Sadness,Sadness,True,True,False,1.0,1,0,False
1700479007738-2-1-1-5-5-1,1700479007738-2-1-1-5-5,1,Side,Sadness,Sadness,True,True,False,3.0,21,5,False
1700479015441-2-1-1-8-3-0,1700479015441-2-1-1-8-3,1,Central,Happiness,Happiness,True,True,False,8.0,8,1,False
1700479015441-2-1-1-8-3-1,1700479015441-2-1-1-8-3,1,Side,Happiness,Happiness,True,True,False,5.0,5,1,False
1700479105264-2-1-2-0-4-0,1700479105264-2-1-2-0-4,1,Central,Neutral,Neutral,True,True,False,7.0,7,1,False
1700479105264-2-1-2-0-4-1,1700479105264-2-1-2-0-4,1,Side,Neutral,Neutral,True,True,False,4.0,4,1,False
1700479106931-2-1-2-1-1-0,1700479106931-2-1-2-1-1,1,Central,Disgust,Disgust,True,True,False,13.0,13,6,False
1700479106931-2-1-2-1-1-1,1700479106931-2-1-2-1-1,1,Side,Disgust,Sadness,False,True,False,11.0,27,3,True
1700479111705-2-1-2-3-2-0,1700479111705-2-1-2-3-2,1,Central,Fear,Fear,True,True,False,1.0,1,0,False
1700479111705-2-1-2-3-2-1,1700479111705-2-1-2-3-2,1,Side,Fear,Fear,True,True,False,1.0,1,0,False
1700479113933-2-1-2-4-1-0,1700479113933-2-1-2-4-1,1,Central,Disgust,Disgust,True,True,False,1.0,18,2,False
1700479113933-2-1-2-4-1-1,1700479113933-2-1-2-4-1,1,Side,Disgust,Disgust,True,True,False,1.0,1,0,False
1700479117593-2-1-2-5-1-0,1700479117593-2-1-2-5-1,1,Central,Disgust,Disgust,True,True,False,1.0,29,4,False
1700479117593-2-1-2-5-1-1,1700479117593-2-1-2-5-1,1,Side,Disgust,Disgust,True,True,False,29.0,29,3,False
1700479119890-2-1-2-6-2-0,1700479119890-2-1-2-6-2,1,Central,Fear,Fear,True,True,False,27.0,27,1,False
1700479119890-2-1-2-6-2-1,1700479119890-2-1-2-6-2,1,Side,Fear,Fear,True,True,False,1.0,16,4,False
1700479129747-2-1-2-10-2-0,1700479129747-2-1-2-10-2,1,Central,Fear,Fear,True,True,False,29.0,29,1,False
1700479129747-2-1-2-10-2-1,1700479129747-2-1-2-10-2,1,Side,Fear,Fear,True,True,False,1.0,1,0,False
1700479131977-2-1-2-11-4-0,1700479131977-2-1-2-11-4,1,Central,Neutral,Neutral,True,True,False,1.0,1,0,False
1700479131977-2-1-2-11-4-1,1700479131977-2-1-2-11-4,1,Side,Neutral,Neutral,True,True,False,1.0,1,0,False
1700479238544-2-1-3-0-4-0,1700479238544-2-1-3-0-4,1,Central,Neutral,Neutral,True,True,False,21.0,21,1,False
1700479238544-2-1-3-0-4-1,1700479238544-2-1-3-0-4,1,Side,Neutral,Neutral,True,True,False,19.0,19,1,False
1700479240547-2-1-3-1-1-0,1700479240547-2-1-3-1-1,1,Central,Disgust,Disgust,True,True,False,23.0,23,3,False
1700479240547-2-1-3-1-1-1,1700479240547-2-1-3-1-1,1,Side,Disgust,Surprise,False,False,True,,28,4,False
1700479243878-2-1-3-3-6-0,1700479243878-2-1-3-3-6,1,Central,Surprise,Surprise,True,True,False,28.0,28,3,False
1700479243878-2-1-3-3-6-1,1700479243878-2-1-3-3-6,1,Side,Surprise,Surprise,True,True,False,25.0,25,2,False
1700479245714-2-1-3-4-3-0,1700479245714-2-1-3-4-3,1,Central,Happiness,Happiness,True,True,False,24.0,24,1,False
1700479245714-2-1-3-4-3-1,1700479245714-2-1-3-4-3,1,Side,Happiness,Happiness,True,True,False,20.0,20,1,False
1700479248151-2-1-3-5-2-0,1700479248151-2-1-3-5-2,1,Central,Fear,Fear,True,True,False,1.0,1,0,False
1700479248151-2-1-3-5-2-1,1700479248151-2-1-3-5-2,1,Side,Fear,Fear,True,True,False,1.0,1,0,False
1700479250572-2-1-3-6-5-0,1700479250572-2-1-3-6-5,1,Central,Sadness,Sadness,True,True,False,6.0,6,2,False
1700479250572-2-1-3-6-5-1,1700479250572-2-1-3-6-5,1,Side,Sadness,Neutral,False,True,False,14.0,29,5,True
1700479253441-2-1-3-8-0-0,1700479253441-2-1-3-8-0,1,Central,Anger,Neutral,False,False,True,,1,0,False
1700479253441-2-1-3-8-0-1,1700479253441-2-1-3-8-0,1,Side,Anger,Disgust,False,False,True,,21,1,False
1700479258342-2-1-3-10-0-0,1700479258342-2-1-3-10-0,1,Central,Anger,Disgust,False,False,True,,22,1,False
1700479258342-2-1-3-10-0-1,1700479258342-2-1-3-10-0,1,Side,Anger,Neutral,False,False,True,,18,1,False
1700479260806-2-1-3-11-3-0,1700479260806-2-1-3-11-3,1,Central,Happiness,Happiness,True,True,False,1.0,1,0,False
1700479260806-2-1-3-11-3-1,1700479260806-2-1-3-11-3,1,Side,Happiness,Happiness,True,True,False,1.0,1,0,False
1700479262241-2-1-3-12-4-0,1700479262241-2-1-3-12-4,1,Central,Neutral,Neutral,True,True,False,5.0,8,3,False
1700479262241-2-1-3-12-4-1,1700479262241-2-1-3-12-4,1,Side,Neutral,Neutral,True,True,False,1.0,1,0,False
1700479264139-2-1-3-13-6-0,1700479264139-2-1-3-13-6,1,Central,Surprise,Surprise,True,True,False,17.0,17,1,False
1700479264139-2-1-3-13-6-1,1700479264139-2-1-3-13-6,1,Side,Surprise,Surprise,True,True,False,12.0,12,1,False
1700479265444-2-1-3-14-4-0,1700479265444-2-1-3-14-4,1,Central,Neutral,Neutral,True,True,False,1.0,1,0,False
1700479265444-2-1-3-14-4-1,1700479265444-2-1-3-14-4,1,Side,Neutral,Neutral,True,True,False,1.0,1,0,False
1700479274174-2-1-3-18-1-0,1700479274174-2-1-3-18-1,1,Central,Disgust,Disgust,True,True,False,19.0,19,2,False
1700479274174-2-1-3-18-1-1,1700479274174-2-1-3-18-1,1,Side,Disgust,Disgust,True,True,False,16.0,16,3,False
1700479276498-2-1-3-19-6-0,1700479276498-2-1-3-19-6,1,Central,Surprise,Surprise,True,True,False,20.0,20,1,False
1700479276498-2-1-3-19-6-1,1700479276498-2-1-3-19-6,1,Side,Surprise,Surprise,True,True,False,16.0,16,1,False
1700479278671-2-1-3-20-2-0,1700479278671-2-1-3-20-2,1,Central,Fear,Disgust,False,True,False,1.0,19,1,True
1700479278671-2-1-3-20-2-1,1700479278671-2-1-3-20-2,1,Side,Fear,Fear,True,True,False,1.0,1,0,False
1700479411435-2-1-4-0-1-0,1700479411435-2-1-4-0-1,1,Central,Disgust,Fear,False,True,False,1.0,12,1,True
1700479411435-2-1-4-0-1-1,1700479411435-2-1-4-0-1,1,Side,Disgust,Fear,False,True,False,1.0,5,1,True
1700479413527-2-1-4-1-5-0,1700479413527-2-1-4-1-5,1,Central,Sadness,Sadness,True,True,False,5.0,5,1,False
1700479413527-2-1-4-1-5-1,1700479413527-2-1-4-1-5,1,Side,Sadness,Sadness,True,True,False,1.0,1,0,False
1700479417615-2-1-4-3-6-0,1700479417615-2-1-4-3-6,1,Central,Surprise,Surprise,True,True,False,10.0,10,1,False
1700479417615-2-1-4-3-6-1,1700479417615-2-1-4-3-6,1,Side,Surprise,Surprise,True,True,False,5.0,5,1,False
1700479420641-2-1-4-5-4-0,1700479420641-2-1-4-5-4,1,Central,Neutral,Neutral,True,True,False,1.0,1,0,False
1700479420641-2-1-4-5-4-1,1700479420641-2-1-4-5-4,1,Side,Neutral,Neutral,True,True,False,1.0,1,0,False
1700479422411-2-1-4-6-3-0,1700479422411-2-1-4-6-3,1,Central,Happiness,Happiness,True,True,False,15.0,15,1,False
1700479422411-2-1-4-6-3-1,1700479422411-2-1-4-6-3,1,Side,Happiness,Happiness,True,True,False,13.0,13,1,False
1700479424021-2-1-4-7-0-0,1700479424021-2-1-4-7-0,1,Central,Anger,Sadness,False,False,True,,25,1,False
1700479424021-2-1-4-7-0-1,1700479424021-2-1-4-7-0,1,Side,Anger,Sadness,False,False,True,,25,1,False
1700479426367-2-1-4-8-5-0,1700479426367-2-1-4-8-5,1,Central,Sadness,Sadness,True,True,False,9.0,9,1,False
1700479426367-2-1-4-8-5-1,1700479426367-2-1-4-8-5,1,Side,Sadness,Sadness,True,True,False,5.0,5,1,False
1700479427742-2-1-4-9-2-0,1700479427742-2-1-4-9-2,1,Central,Fear,Fear,True,True,False,21.0,21,3,False
1700479427742-2-1-4-9-2-1,1700479427742-2-1-4-9-2,1,Side,Fear,Fear,True,True,False,17.0,17,1,False
1700479432977-2-1-4-12-1-0,1700479432977-2-1-4-12-1,1,Central,Disgust,Disgust,True,True,False,25.0,25,1,False
1700479432977-2-1-4-12-1-1,1700479432977-2-1-4-12-1,1,Side,Disgust,Disgust,True,True,False,19.0,19,2,False
1700479435090-2-1-4-13-3-0,1700479435090-2-1-4-13-3,1,Central,Happiness,Happiness,True,True,False,1.0,1,0,False
1700479435090-2-1-4-13-3-1,1700479435090-2-1-4-13-3,1,Side,Happiness,Happiness,True,True,False,1.0,1,0,False
1700479438658-2-1-4-15-1-0,1700479438658-2-1-4-15-1,1,Central,Disgust,Disgust,True,True,False,24.0,24,4,False
1700479438658-2-1-4-15-1-1,1700479438658-2-1-4-15-1,1,Side,Disgust,Disgust,True,True,False,21.0,21,4,False
1700479442178-2-1-4-17-5-0,1700479442178-2-1-4-17-5,1,Central,Sadness,Sadness,True,True,False,20.0,20,1,False
1700479442178-2-1-4-17-5-1,1700479442178-2-1-4-17-5,1,Side,Sadness,Sadness,True,True,False,17.0,17,1,False
1700479445256-2-1-4-19-6-0,1700479445256-2-1-4-19-6,1,Central,Surprise,Surprise,True,True,False,11.0,11,1,False
1700479445256-2-1-4-19-6-1,1700479445256-2-1-4-19-6,1,Side,Surprise,Surprise,True,True,False,9.0,9,1,False
1700479447373-2-1-4-20-5-0,1700479447373-2-1-4-20-5,1,Central,Sadness,Sadness,True,True,False,1.0,1,0,False
1700479447373-2-1-4-20-5-1,1700479447373-2-1-4-20-5,1,Side,Sadness,Sadness,True,True,False,1.0,1,0,False
1700479452800-2-1-4-23-2-0,1700479452800-2-1-4-23-2,1,Central,Fear,Fear,True,True,False,21.0,21,1,False
1700479452800-2-1-4-23-2-1,1700479452800-2-1-4-23-2,1,Side,Fear,Fear,True,True,False,19.0,19,1,False
1700479457287-2-1-4-26-1-0,1700479457287-2-1-4-26-1,1,Central,Disgust,Disgust,True,True,False,26.0,26,3,False
1700479457287-2-1-4-26-1-1,1700479457287-2-1-4-26-1,1,Side,Disgust,Disgust,True,True,False,22.0,22,2,False
1700479459026-2-1-4-27-6-0,1700479459026-2-1-4-27-6,1,Central,Surprise,Surprise,True,True,False,22.0,22,3,False
1700479459026-2-1-4-27-6-1,1700479459026-2-1-4-27-6,1,Side,Surprise,Surprise,True,True,False,18.0,18,1,False
1700567688235-2-8-1-0-0-0,1700567688235-2-8-1-0-0,8,Central,Anger,Disgust,False,True,False,2.0,3,2,True
1700567688235-2-8-1-0-0-1,1700567688235-2-8-1-0-0,8,Side,Anger,Disgust,False,False,True,,1,0,False
1700567691497-2-8-1-1-5-0,1700567691497-2-8-1-1-5,8,Central,Sadness,Sadness,True,True,False,1.0,1,0,False
1700567691497-2-8-1-1-5-1,1700567691497-2-8-1-1-5,8,Side,Sadness,Sadness,True,True,False,29.0,29,8,False
1700567693686-2-8-1-2-3-0,1700567693686-2-8-1-2-3,8,Central,Happiness,Happiness,True,True,False,23.0,23,1,False
1700567693686-2-8-1-2-3-1,1700567693686-2-8-1-2-3,8,Side,Happiness,Happiness,True,True,False,23.0,27,4,False
1700567695958-2-8-1-3-0-0,1700567695958-2-8-1-3-0,8,Central,Anger,Disgust,False,False,True,,1,0,False
1700567695958-2-8-1-3-0-1,1700567695958-2-8-1-3-0,8,Side,Anger,Disgust,False,True,False,10.0,21,5,True
1700567698824-2-8-1-4-0-0,1700567698824-2-8-1-4-0,8,Central,Anger,Disgust,False,True,False,1.0,19,3,True
1700567698824-2-8-1-4-0-1,1700567698824-2-8-1-4-0,8,Side,Anger,Disgust,False,True,False,1.0,17,1,True
1700567702985-2-8-1-6-3-0,1700567702985-2-8-1-6-3,8,Central,Happiness,Anger,False,False,True,,10,1,False
1700567702985-2-8-1-6-3-1,1700567702985-2-8-1-6-3,8,Side,Happiness,Anger,False,False,True,,1,0,False
1700567706828-2-8-1-7-5-0,1700567706828-2-8-1-7-5,8,Central,Sadness,Sadness,True,True,False,1.0,1,0,False
1700567706828-2-8-1-7-5-1,1700567706828-2-8-1-7-5,8,Side,Sadness,Anger,False,False,True,,1,0,False
1700567708570-2-8-1-8-3-0,1700567708570-2-8-1-8-3,8,Central,Happiness,Happiness,True,True,False,29.0,29,7,False
1700567708570-2-8-1-8-3-1,1700567708570-2-8-1-8-3,8,Side,Happiness,Disgust,False,True,False,28.0,29,3,True
1700567787758-2-8-2-1-1-0,1700567787758-2-8-2-1-1,8,Central,Disgust,Disgust,True,True,False,5.0,13,3,False
1700567787758-2-8-2-1-1-1,1700567787758-2-8-2-1-1,8,Side,Disgust,Disgust,True,True,False,3.0,9,3,False
1700567790485-2-8-2-2-6-0,1700567790485-2-8-2-2-6,8,Central,Surprise,Disgust,False,False,True,,29,1,False
1700567790485-2-8-2-2-6-1,1700567790485-2-8-2-2-6,8,Side,Surprise,Surprise,True,True,False,27.0,27,2,False
1700567792669-2-8-2-3-2-0,1700567792669-2-8-2-3-2,8,Central,Fear,Disgust,False,True,False,9.0,23,4,True
1700567792669-2-8-2-3-2-1,1700567792669-2-8-2-3-2,8,Side,Fear,Fear,True,True,False,1.0,27,10,False
1700567795123-2-8-2-4-1-0,1700567795123-2-8-2-4-1,8,Central,Disgust,Disgust,True,True,False,2.0,2,1,False
1700567795123-2-8-2-4-1-1,1700567795123-2-8-2-4-1,8,Side,Disgust,Disgust,True,True,False,8.0,8,1,False
1700567799982-2-8-2-6-2-0,1700567799982-2-8-2-6-2,8,Central,Fear,Fear,True,True,False,28.0,28,3,False
1700567799982-2-8-2-6-2-1,1700567799982-2-8-2-6-2,8,Side,Fear,Disgust,False,False,True,,1,0,False
1700567803057-2-8-2-7-4-0,1700567803057-2-8-2-7-4,8,Central,Neutral,Sadness,False,False,True,,1,0,False
1700567803057-2-8-2-7-4-1,1700567803057-2-8-2-7-4,8,Side,Neutral,Anger,False,False,True,,8,2,False
1700567804174-2-8-2-8-6-0,1700567804174-2-8-2-8-6,8,Central,Surprise,Surprise,True,True,False,22.0,22,1,False
1700567804174-2-8-2-8-6-1,1700567804174-2-8-2-8-6,8,Side,Surprise,Surprise,True,True,False,18.0,18,1,False
1700567807289-2-8-2-9-6-0,1700567807289-2-8-2-9-6,8,Central,Surprise,Sadness,False,False,True,,1,0,False
1700567807289-2-8-2-9-6-1,1700567807289-2-8-2-9-6,8,Side,Surprise,Surprise,True,True,False,28.0,28,3,False
1700567809324-2-8-2-10-2-0,1700567809324-2-8-2-10-2,8,Central,Fear,Fear,True,True,False,1.0,19,2,False
1700567809324-2-8-2-10-2-1,1700567809324-2-8-2-10-2,8,Side,Fear,Fear,True,True,False,2.0,28,3,False
1700567812479-2-8-2-11-4-0,1700567812479-2-8-2-11-4,8,Central,Neutral,Sadness,False,True,False,2.0,3,2,True
1700567812479-2-8-2-11-4-1,1700567812479-2-8-2-11-4,8,Side,Neutral,Anger,False,False,True,,17,2,False
1700567902030-2-8-3-0-4-0,1700567902030-2-8-3-0-4,8,Central,Neutral,Sadness,False,False,True,,25,4,False
1700567902030-2-8-3-0-4-1,1700567902030-2-8-3-0-4,8,Side,Neutral,Anger,False,False,True,,1,0,False
1700567903352-2-8-3-1-1-0,1700567903352-2-8-3-1-1,8,Central,Disgust,Disgust,True,True,False,11.0,11,1,False
1700567903352-2-8-3-1-1-1,1700567903352-2-8-3-1-1,8,Side,Disgust,Disgust,True,True,False,8.0,8,1,False
1700567906760-2-8-3-2-0-0,1700567906760-2-8-3-2-0,8,Central,Anger,Disgust,False,True,False,1.0,8,1,True
1700567906760-2-8-3-2-0-1,1700567906760-2-8-3-2-0,8,Side,Anger,Disgust,False,True,False,1.0,7,1,True
1700567907954-2-8-3-3-6-0,1700567907954-2-8-3-3-6,8,Central,Surprise,Surprise,True,True,False,26.0,26,3,False
1700567907954-2-8-3-3-6-1,1700567907954-2-8-3-3-6,8,Side,Surprise,Surprise,True,True,False,21.0,21,1,False
1700567911689-2-8-3-5-2-0,1700567911689-2-8-3-5-2,8,Central,Fear,Disgust,False,True,False,3.0,21,2,True
1700567911689-2-8-3-5-2-1,1700567911689-2-8-3-5-2,8,Side,Fear,Fear,True,True,False,1.0,9,2,False
1700567914515-2-8-3-6-5-0,1700567914515-2-8-3-6-5,8,Central,Sadness,Sadness,True,True,False,1.0,1,0,False
1700567914515-2-8-3-6-5-1,1700567914515-2-8-3-6-5,8,Side,Sadness,Sadness,True,True,False,2.0,2,1,False
1700567916813-2-8-3-7-5-0,1700567916813-2-8-3-7-5,8,Central,Sadness,Sadness,True,True,False,1.0,1,0,False
1700567916813-2-8-3-7-5-1,1700567916813-2-8-3-7-5,8,Side,Sadness,Anger,False,True,False,1.0,30,3,True
1700567918385-2-8-3-8-0-0,1700567918385-2-8-3-8-0,8,Central,Anger,Disgust,False,True,False,17.0,21,2,True
1700567918385-2-8-3-8-0-1,1700567918385-2-8-3-8-0,8,Side,Anger,Disgust,False,True,False,1.0,18,3,True
1700567920333-2-8-3-9-1-0,1700567920333-2-8-3-9-1,8,Central,Disgust,Disgust,True,True,False,17.0,17,1,False
1700567920333-2-8-3-9-1-1,1700567920333-2-8-3-9-1,8,Side,Disgust,Disgust,True,True,False,12.0,16,4,False
1700567922812-2-8-3-10-0-0,1700567922812-2-8-3-10-0,8,Central,Anger,Disgust,False,True,False,4.0,19,3,True
1700567922812-2-8-3-10-0-1,1700567922812-2-8-3-10-0,8,Side,Anger,Disgust,False,True,False,1.0,18,1,True
1700567926584-2-8-3-12-4-0,1700567926584-2-8-3-12-4,8,Central,Neutral,Sadness,False,False,True,,1,0,False
1700567926584-2-8-3-12-4-1,1700567926584-2-8-3-12-4,8,Side,Neutral,Anger,False,False,True,,1,0,False
1700567928618-2-8-3-13-6-0,1700567928618-2-8-3-13-6,8,Central,Surprise,Surprise,True,True,False,10.0,10,3,False
1700567928618-2-8-3-13-6-1,1700567928618-2-8-3-13-6,8,Side,Surprise,Surprise,True,True,False,5.0,5,2,False
1700567932221-2-8-3-15-5-0,1700567932221-2-8-3-15-5,8,Central,Sadness,Sadness,True,True,False,1.0,4,2,False
1700567932221-2-8-3-15-5-1,1700567932221-2-8-3-15-5,8,Side,Sadness,Sadness,True,True,False,13.0,13,1,False
1700567934618-2-8-3-16-2-0,1700567934618-2-8-3-16-2,8,Central,Fear,Disgust,False,True,False,13.0,19,3,True
1700567934618-2-8-3-16-2-1,1700567934618-2-8-3-16-2,8,Side,Fear,Fear,True,True,False,2.0,2,1,False
1700567938373-2-8-3-18-1-0,1700567938373-2-8-3-18-1,8,Central,Disgust,Disgust,True,True,False,1.0,1,0,False
1700567938373-2-8-3-18-1-1,1700567938373-2-8-3-18-1,8,Side,Disgust,Disgust,True,True,False,1.0,5,2,False
1700567942412-2-8-3-20-2-0,1700567942412-2-8-3-20-2,8,Central,Fear,Fear,True,True,False,17.0,17,1,False
1700567942412-2-8-3-20-2-1,1700567942412-2-8-3-20-2,8,Side,Fear,Fear,True,True,False,1.0,1,0,False
1700568075798-2-8-4-0-1-0,1700568075798-2-8-4-0-1,8,Central,Disgust,Disgust,True,True,False,1.0,1,0,False
1700568075798-2-8-4-0-1-1,1700568075798-2-8-4-0-1,8,Side,Disgust,Disgust,True,True,False,1.0,1,0,False
1700568077758-2-8-4-1-5-0,1700568077758-2-8-4-1-5,8,Central,Sadness,Sadness,True,True,False,1.0,1,0,False
1700568077758-2-8-4-1-5-1,1700568077758-2-8-4-1-5,8,Side,Sadness,Sadness,True,True,False,1.0,1,0,False
1700568081350-2-8-4-3-6-0,1700568081350-2-8-4-3-6,8,Central,Surprise,Surprise,True,True,False,8.0,8,1,False
1700568081350-2-8-4-3-6-1,1700568081350-2-8-4-3-6,8,Side,Surprise,Surprise,True,True,False,5.0,5,2,False
1700568082939-2-8-4-4-4-0,1700568082939-2-8-4-4-4,8,Central,Neutral,Sadness,False,False,True,,4,1,False
1700568082939-2-8-4-4-4-1,1700568082939-2-8-4-4-4,8,Side,Neutral,Anger,False,False,True,,2,1,False
1700568086128-2-8-4-6-3-0,1700568086128-2-8-4-6-3,8,Central,Happiness,Happiness,True,True,False,27.0,27,7,False
1700568086128-2-8-4-6-3-1,1700568086128-2-8-4-6-3,8,Side,Happiness,Disgust,False,False,True,,21,1,False
1700568088202-2-8-4-7-0-0,1700568088202-2-8-4-7-0,8,Central,Anger,Disgust,False,False,True,,1,0,False
1700568088202-2-8-4-7-0-1,1700568088202-2-8-4-7-0,8,Side,Anger,Disgust,False,False,True,,5,3,False
1700568090919-2-8-4-9-2-0,1700568090919-2-8-4-9-2,8,Central,Fear,Fear,True,True,False,19.0,19,1,False
1700568090919-2-8-4-9-2-1,1700568090919-2-8-4-9-2,8,Side,Fear,Fear,True,True,False,1.0,18,2,False
1700568092978-2-8-4-10-0-0,1700568092978-2-8-4-10-0,8,Central,Anger,Disgust,False,False,True,,3,1,False
1700568092978-2-8-4-10-0-1,1700568092978-2-8-4-10-0,8,Side,Anger,Disgust,False,True,False,1.0,20,6,True
1700568095008-2-8-4-11-3-0,1700568095008-2-8-4-11-3,8,Central,Happiness,Happiness,True,True,False,19.0,19,4,False
1700568095008-2-8-4-11-3-1,1700568095008-2-8-4-11-3,8,Side,Happiness,Anger,False,False,True,,1,0,False
1700568096451-2-8-4-12-1-0,1700568096451-2-8-4-12-1,8,Central,Disgust,Disgust,True,True,False,1.0,10,4,False
1700568096451-2-8-4-12-1-1,1700568096451-2-8-4-12-1,8,Side,Disgust,Disgust,True,True,False,10.0,18,3,False
1700568100175-2-8-4-14-0-0,1700568100175-2-8-4-14-0,8,Central,Anger,Disgust,False,False,True,,2,1,False
1700568100175-2-8-4-14-0-1,1700568100175-2-8-4-14-0,8,Side,Anger,Disgust,False,True,False,5.0,22,6,True
1700568102387-2-8-4-15-1-0,1700568102387-2-8-4-15-1,8,Central,Disgust,Disgust,True,True,False,11.0,11,1,False
1700568102387-2-8-4-15-1-1,1700568102387-2-8-4-15-1,8,Side,Disgust,Disgust,True,True,False,3.0,3,1,False
1700568103657-2-8-4-16-2-0,1700568103657-2-8-4-16-2,8,Central,Fear,Fear,True,True,False,27.0,27,1,False
1700568103657-2-8-4-16-2-1,1700568103657-2-8-4-16-2,8,Side,Fear,Disgust,False,True,False,2.0,21,4,True
1700568107499-2-8-4-18-4-0,1700568107499-2-8-4-18-4,8,Central,Neutral,Sadness,False,False,True,,1,0,False
1700568107499-2-8-4-18-4-1,1700568107499-2-8-4-18-4,8,Side,Neutral,Anger,False,True,False,6.0,8,2,True
1700568112955-2-8-4-21-6-0,1700568112955-2-8-4-21-6,8,Central,Surprise,Surprise,True,True,False,11.0,11,3,False
1700568112955-2-8-4-21-6-1,1700568112955-2-8-4-21-6,8,Side,Surprise,Surprise,True,True,False,8.0,8,3,False
1700568114265-2-8-4-22-0-0,1700568114265-2-8-4-22-0,8,Central,Anger,Disgust,False,False,True,,21,3,False
1700568114265-2-8-4-22-0-1,1700568114265-2-8-4-22-0,8,Side,Anger,Disgust,False,True,False,1.0,18,5,True
1700568116382-2-8-4-23-2-0,1700568116382-2-8-4-23-2,8,Central,Fear,Fear,True,True,False,19.0,19,2,False
1700568116382-2-8-4-23-2-1,1700568116382-2-8-4-23-2,8,Side,Fear,Fear,True,True,False,10.0,10,2,False
1700568118260-2-8-4-24-3-0,1700568118260-2-8-4-24-3,8,Central,Happiness,Anger,False,True,False,17.0,18,3,True
1700568118260-2-8-4-24-3-1,1700568118260-2-8-4-24-3,8,Side,Happiness,Anger,False,False,True,,27,3,False
1700568119916-2-8-4-25-2-0,1700568119916-2-8-4-25-2,8,Central,Fear,Fear,True,True,False,17.0,17,6,False
1700568119916-2-8-4-25-2-1,1700568119916-2-8-4-25-2,8,Side,Fear,Fear,True,True,False,14.0,14,1,False
1700568121727-2-8-4-26-1-0,1700568121727-2-8-4-26-1,8,Central,Disgust,Disgust,True,True,False,2.0,2,1,False
1700568121727-2-8-4-26-1-1,1700568121727-2-8-4-26-1,8,Side,Disgust,Disgust,True,True,False,6.0,6,1,False
1700577641790-2-10-1-1-5-0,1700577641790-2-10-1-1-5,10,Central,Sadness,Sadness,True,True,False,1.0,1,0,False
1700577641790-2-10-1-1-5-1,1700577641790-2-10-1-1-5,10,Side,Sadness,Sadness,True,True,False,1.0,1,0,False
1700577644246-2-10-1-2-3-0,1700577644246-2-10-1-2-3,10,Central,Happiness,Happiness,True,True,False,1.0,1,0,False
1700577644246-2-10-1-2-3-1,1700577644246-2-10-1-2-3,10,Side,Happiness,Happiness,True,True,False,1.0,1,0,False
1700577653948-2-10-1-6-3-0,1700577653948-2-10-1-6-3,10,Central,Happiness,Happiness,True,True,False,3.0,3,2,False
1700577653948-2-10-1-6-3-1,1700577653948-2-10-1-6-3,10,Side,Happiness,Happiness,True,True,False,2.0,22,3,False
1700577659103-2-10-1-8-3-0,1700577659103-2-10-1-8-3,10,Central,Happiness,Happiness,True,True,False,1.0,10,2,False
1700577659103-2-10-1-8-3-1,1700577659103-2-10-1-8-3,10,Side,Happiness,Happiness,True,True,False,1.0,1,0,False
1700577731858-2-10-2-0-4-0,1700577731858-2-10-2-0-4,10,Central,Neutral,Neutral,True,True,False,14.0,26,5,False
1700577731858-2-10-2-0-4-1,1700577731858-2-10-2-0-4,10,Side,Neutral,Happiness,False,False,True,,1,0,False
1700577733309-2-10-2-1-1-0,1700577733309-2-10-2-1-1,10,Central,Disgust,Neutral,False,False,True,,30,3,False
1700577733309-2-10-2-1-1-1,1700577733309-2-10-2-1-1,10,Side,Disgust,Disgust,True,True,False,29.0,29,1,False
1700577738960-2-10-2-3-2-0,1700577738960-2-10-2-3-2,10,Central,Fear,Fear,True,True,False,17.0,17,2,False
1700577738960-2-10-2-3-2-1,1700577738960-2-10-2-3-2,10,Side,Fear,Disgust,False,True,False,16.0,26,2,True
1700577740656-2-10-2-4-1-0,1700577740656-2-10-2-4-1,10,Central,Disgust,Anger,False,False,True,,1,0,False
1700577740656-2-10-2-4-1-1,1700577740656-2-10-2-4-1,10,Side,Disgust,Disgust,True,True,False,2.0,2,1,False
1700577744274-2-10-2-5-1-0,1700577744274-2-10-2-5-1,10,Central,Disgust,Fear,False,True,False,16.0,20,5,True
1700577744274-2-10-2-5-1-1,1700577744274-2-10-2-5-1,10,Side,Disgust,Disgust,True,True,False,1.0,1,0,False
1700577751365-2-10-2-8-6-0,1700577751365-2-10-2-8-6,10,Central,Surprise,Surprise,True,True,False,26.0,26,6,False
1700577751365-2-10-2-8-6-1,1700577751365-2-10-2-8-6,10,Side,Surprise,Fear,False,False,True,,25,1,False
1700577753271-2-10-2-9-6-0,1700577753271-2-10-2-9-6,10,Central,Surprise,Fear,False,False,True,,22,2,False
1700577753271-2-10-2-9-6-1,1700577753271-2-10-2-9-6,10,Side,Surprise,Surprise,True,True,False,30.0,30,2,False
1700577756759-2-10-2-10-2-0,1700577756759-2-10-2-10-2,10,Central,Fear,Fear,True,True,False,1.0,1,0,False
1700577756759-2-10-2-10-2-1,1700577756759-2-10-2-10-2,10,Side,Fear,Fear,True,True,False,1.0,1,0,False
1700577759366-2-10-2-11-4-0,1700577759366-2-10-2-11-4,10,Central,Neutral,Neutral,True,True,False,4.0,4,1,False
1700577759366-2-10-2-11-4-1,1700577759366-2-10-2-11-4,10,Side,Neutral,Anger,False,False,True,,28,5,False
1700577839039-2-10-3-0-4-0,1700577839039-2-10-3-0-4,10,Central,Neutral,Disgust,False,False,True,,1,0,False
1700577839039-2-10-3-0-4-1,1700577839039-2-10-3-0-4,10,Side,Neutral,Happiness,False,False,True,,1,0,False
1700577841033-2-10-3-1-1-0,1700577841033-2-10-3-1-1,10,Central,Disgust,Disgust,True,True,False,1.0,1,0,False
1700577841033-2-10-3-1-1-1,1700577841033-2-10-3-1-1,10,Side,Disgust,Disgust,True,True,False,23.0,30,3,False
1700577843732-2-10-3-2-0-0,1700577843732-2-10-3-2-0,10,Central,Anger,Anger,True,True,False,1.0,1,0,False
1700577843732-2-10-3-2-0-1,1700577843732-2-10-3-2-0,10,Side,Anger,Anger,True,True,False,1.0,25,4,False
1700577847201-2-10-3-4-3-0,1700577847201-2-10-3-4-3,10,Central,Happiness,Happiness,True,True,False,19.0,19,1,False
1700577847201-2-10-3-4-3-1,1700577847201-2-10-3-4-3,10,Side,Happiness,Happiness,True,True,False,12.0,12,1,False
1700577849695-2-10-3-5-2-0,1700577849695-2-10-3-5-2,10,Central,Fear,Happiness,False,False,True,,1,0,False
1700577849695-2-10-3-5-2-1,1700577849695-2-10-3-5-2,10,Side,Fear,Fear,True,True,False,12.0,12,1,False
1700577851526-2-10-3-6-5-0,1700577851526-2-10-3-6-5,10,Central,Sadness,Sadness,True,True,False,29.0,29,2,False
1700577851526-2-10-3-6-5-1,1700577851526-2-10-3-6-5,10,Side,Sadness,Disgust,False,False,True,,12,3,False
1700577854173-2-10-3-7-5-0,1700577854173-2-10-3-7-5,10,Central,Sadness,Anger,False,False,True,,1,0,False
1700577854173-2-10-3-7-5-1,1700577854173-2-10-3-7-5,10,Side,Sadness,Anger,False,False,True,,1,0,False
1700577855799-2-10-3-8-0-0,1700577855799-2-10-3-8-0,10,Central,Anger,Disgust,False,True,False,23.0,25,2,True
1700577855799-2-10-3-8-0-1,1700577855799-2-10-3-8-0,10,Side,Anger,Disgust,False,True,False,18.0,23,5,True
1700577857687-2-10-3-9-1-0,1700577857687-2-10-3-9-1,10,Central,Disgust,Disgust,True,True,False,30.0,30,4,False
1700577857687-2-10-3-9-1-1,1700577857687-2-10-3-9-1,10,Side,Disgust,Disgust,True,True,False,30.0,30,2,False
1700577863441-2-10-3-12-4-0,1700577863441-2-10-3-12-4,10,Central,Neutral,Neutral,True,True,False,24.0,24,1,False
1700577863441-2-10-3-12-4-1,1700577863441-2-10-3-12-4,10,Side,Neutral,Happiness,False,False,True,,1,0,False
1700577867123-2-10-3-14-4-0,1700577867123-2-10-3-14-4,10,Central,Neutral,Anger,False,True,False,22.0,30,3,True
1700577867123-2-10-3-14-4-1,1700577867123-2-10-3-14-4,10,Side,Neutral,Happiness,False,False,True,,13,1,False
1700577870256-2-10-3-15-5-0,1700577870256-2-10-3-15-5,10,Central,Sadness,Sadness,True,True,False,23.0,23,1,False
1700577870256-2-10-3-15-5-1,1700577870256-2-10-3-15-5,10,Side,Sadness,Anger,False,True,False,10.0,30,2,True
1700577877659-2-10-3-19-6-0,1700577877659-2-10-3-19-6,10,Central,Surprise,Surprise,True,True,False,27.0,27,7,False
1700577877659-2-10-3-19-6-1,1700577877659-2-10-3-19-6,10,Side,Surprise,Fear,False,True,False,25.0,28,5,True
1700577880261-2-10-3-20-2-0,1700577880261-2-10-3-20-2,10,Central,Fear,Fear,True,True,False,19.0,19,4,False
1700577880261-2-10-3-20-2-1,1700577880261-2-10-3-20-2,10,Side,Fear,Disgust,False,True,False,18.0,25,2,True
1700578007024-2-10-4-0-1-0,1700578007024-2-10-4-0-1,10,Central,Disgust,Happiness,False,False,True,,1,0,False
1700578007024-2-10-4-0-1-1,1700578007024-2-10-4-0-1,10,Side,Disgust,Happiness,False,False,True,,1,0,False
1700578011711-2-10-4-3-6-0,1700578011711-2-10-4-3-6,10,Central,Surprise,Fear,False,False,True,,13,1,False
1700578011711-2-10-4-3-6-1,1700578011711-2-10-4-3-6,10,Side,Surprise,Fear,False,False,True,,11,1,False
1700578014206-2-10-4-4-4-0,1700578014206-2-10-4-4-4,10,Central,Neutral,Neutral,True,True,False,1.0,1,0,False
1700578014206-2-10-4-4-4-1,1700578014206-2-10-4-4-4,10,Side,Neutral,Anger,False,True,False,7.0,26,3,True
1700578015880-2-10-4-5-4-0,1700578015880-2-10-4-5-4,10,Central,Neutral,Neutral,True,True,False,3.0,16,5,False
1700578015880-2-10-4-5-4-1,1700578015880-2-10-4-5-4,10,Side,Neutral,Neutral,True,True,False,1.0,1,0,False
1700578017539-2-10-4-6-3-0,1700578017539-2-10-4-6-3,10,Central,Happiness,Happiness,True,True,False,15.0,15,1,False
1700578017539-2-10-4-6-3-1,1700578017539-2-10-4-6-3,10,Side,Happiness,Happiness,True,True,False,11.0,11,1,False
1700578020748-2-10-4-8-5-0,1700578020748-2-10-4-8-5,10,Central,Sadness,Sadness,True,True,False,30.0,30,2,False
1700578020748-2-10-4-8-5-1,1700578020748-2-10-4-8-5,10,Side,Sadness,Sadness,True,True,False,21.0,21,4,False
1700578022517-2-10-4-9-2-0,1700578022517-2-10-4-9-2,10,Central,Fear,Fear,True,True,False,25.0,25,2,False
1700578022517-2-10-4-9-2-1,1700578022517-2-10-4-9-2,10,Side,Fear,Fear,True,True,False,22.0,22,3,False
1700578026276-2-10-4-11-3-0,1700578026276-2-10-4-11-3,10,Central,Happiness,Happiness,True,True,False,13.0,13,1,False
1700578026276-2-10-4-11-3-1,1700578026276-2-10-4-11-3,10,Side,Happiness,Happiness,True,True,False,1.0,7,2,False
1700578027679-2-10-4-12-1-0,1700578027679-2-10-4-12-1,10,Central,Disgust,Happiness,False,False,True,,1,0,False
1700578027679-2-10-4-12-1-1,1700578027679-2-10-4-12-1,10,Side,Disgust,Disgust,True,True,False,30.0,30,1,False
1700578029507-2-10-4-13-3-0,1700578029507-2-10-4-13-3,10,Central,Happiness,Happiness,True,True,False,1.0,1,0,False
1700578029507-2-10-4-13-3-1,1700578029507-2-10-4-13-3,10,Side,Happiness,Happiness,True,True,False,1.0,1,0,False
1700578035450-2-10-4-16-2-0,1700578035450-2-10-4-16-2,10,Central,Fear,Fear,True,True,False,10.0,10,1,False
1700578035450-2-10-4-16-2-1,1700578035450-2-10-4-16-2,10,Side,Fear,Fear,True,True,False,7.0,7,1,False
1700578036809-2-10-4-17-5-0,1700578036809-2-10-4-17-5,10,Central,Sadness,Anger,False,False,True,,23,1,False
1700578036809-2-10-4-17-5-1,1700578036809-2-10-4-17-5,10,Side,Sadness,Sadness,True,True,False,25.0,25,4,False
1700578042343-2-10-4-20-5-0,1700578042343-2-10-4-20-5,10,Central,Sadness,Sadness,True,True,False,23.0,23,2,False
1700578042343-2-10-4-20-5-1,1700578042343-2-10-4-20-5,10,Side,Sadness,Sadness,True,True,False,12.0,12,4,False
1700578043747-2-10-4-21-6-0,1700578043747-2-10-4-21-6,10,Central,Surprise,Fear,False,False,True,,29,2,False
1700578043747-2-10-4-21-6-1,1700578043747-2-10-4-21-6,10,Side,Surprise,Fear,False,False,True,,26,1,False
1700578045766-2-10-4-22-0-0,1700578045766-2-10-4-22-0,10,Central,Anger,Fear,False,False,True,,29,1,False
1700578045766-2-10-4-22-0-1,1700578045766-2-10-4-22-0,10,Side,Anger,Disgust,False,True,False,25.0,26,4,True
1700578047686-2-10-4-23-2-0,1700578047686-2-10-4-23-2,10,Central,Fear,Fear,True,True,False,19.0,19,1,False
1700578047686-2-10-4-23-2-1,1700578047686-2-10-4-23-2,10,Side,Fear,Fear,True,True,False,18.0,18,1,False
1700578050680-2-10-4-25-2-0,1700578050680-2-10-4-25-2,10,Central,Fear,Fear,True,True,False,30.0,30,1,False
1700578050680-2-10-4-25-2-1,1700578050680-2-10-4-25-2,10,Side,Fear,Fear,True,True,False,28.0,28,1,False
1700578052853-2-10-4-26-1-0,1700578052853-2-10-4-26-1,10,Central,Disgust,Disgust,True,True,False,19.0,19,2,False
1700578052853-2-10-4-26-1-1,1700578052853-2-10-4-26-1,10,Side,Disgust,Disgust,True,True,False,18.0,18,1,False
1700578053937-2-10-4-27-6-0,1700578053937-2-10-4-27-6,10,Central,Surprise,Fear,False,True,False,26.0,30,5,True
1700578053937-2-10-4-27-6-1,1700578053937-2-10-4-27-6,10,Side,Surprise,Fear,False,False,True,,18,1,False
1700583797412-2-13-1-0-0-0,1700583797412-2-13-1-0-0,13,Central,Anger,Anger,True,True,False,11.0,11,1,False
1700583797412-2-13-1-0-0-1,1700583797412-2-13-1-0-0,13,Side,Anger,Disgust,False,True,False,8.0,24,6,True
1700583805997-2-13-1-3-0-0,1700583805997-2-13-1-3-0,13,Central,Anger,Disgust,False,False,True,,7,2,False
1700583805997-2-13-1-3-0-1,1700583805997-2-13-1-3-0,13,Side,Anger,Disgust,False,False,True,,1,0,False
1700583807891-2-13-1-4-0-0,1700583807891-2-13-1-4-0,13,Central,Anger,Anger,True,True,False,24.0,26,5,False
1700583807891-2-13-1-4-0-1,1700583807891-2-13-1-4-0,13,Side,Anger,Anger,True,True,False,26.0,26,3,False
1700583813812-2-13-1-6-3-0,1700583813812-2-13-1-6-3,13,Central,Happiness,Happiness,True,True,False,1.0,1,0,False
1700583813812-2-13-1-6-3-1,1700583813812-2-13-1-6-3,13,Side,Happiness,Happiness,True,True,False,1.0,1,0,False
1700583815717-2-13-1-7-5-0,1700583815717-2-13-1-7-5,13,Central,Sadness,Anger,False,False,True,,8,1,False
1700583815717-2-13-1-7-5-1,1700583815717-2-13-1-7-5,13,Side,Sadness,Anger,False,True,False,7.0,30,9,True
1700583883653-2-13-2-0-4-0,1700583883653-2-13-2-0-4,13,Central,Neutral,Neutral,True,True,False,1.0,1,0,False
1700583883653-2-13-2-0-4-1,1700583883653-2-13-2-0-4,13,Side,Neutral,Neutral,True,True,False,1.0,1,0,False
1700583887578-2-13-2-2-6-0,1700583887578-2-13-2-2-6,13,Central,Surprise,Surprise,True,True,False,21.0,21,2,False
1700583887578-2-13-2-2-6-1,1700583887578-2-13-2-2-6,13,Side,Surprise,Surprise,True,True,False,16.0,16,3,False
1700583891213-2-13-2-3-2-0,1700583891213-2-13-2-3-2,13,Central,Fear,Neutral,False,False,True,,24,1,False
1700583891213-2-13-2-3-2-1,1700583891213-2-13-2-3-2,13,Side,Fear,Fear,True,True,False,29.0,29,3,False
1700583893370-2-13-2-4-1-0,1700583893370-2-13-2-4-1,13,Central,Disgust,Disgust,True,True,False,13.0,13,1,False
1700583893370-2-13-2-4-1-1,1700583893370-2-13-2-4-1,13,Side,Disgust,Disgust,True,True,False,8.0,8,1,False
1700583897868-2-13-2-6-2-0,1700583897868-2-13-2-6-2,13,Central,Fear,Fear,True,True,False,27.0,27,1,False
1700583897868-2-13-2-6-2-1,1700583897868-2-13-2-6-2,13,Side,Fear,Fear,True,True,False,23.0,23,3,False
1700583903979-2-13-2-8-6-0,1700583903979-2-13-2-8-6,13,Central,Surprise,Surprise,True,True,False,10.0,10,1,False
1700583903979-2-13-2-8-6-1,1700583903979-2-13-2-8-6,13,Side,Surprise,Surprise,True,True,False,1.0,1,0,False
1700583910942-2-13-2-11-4-0,1700583910942-2-13-2-11-4,13,Central,Neutral,Neutral,True,True,False,22.0,22,3,False
1700583910942-2-13-2-11-4-1,1700583910942-2-13-2-11-4,13,Side,Neutral,Neutral,True,True,False,5.0,18,3,False
1700583999169-2-13-3-0-4-0,1700583999169-2-13-3-0-4,13,Central,Neutral,Neutral,True,True,False,1.0,1,0,False
1700583999169-2-13-3-0-4-1,1700583999169-2-13-3-0-4,13,Side,Neutral,Neutral,True,True,False,1.0,1,0,False
1700584001197-2-13-3-1-1-0,1700584001197-2-13-3-1-1,13,Central,Disgust,Anger,False,False,True,,14,1,False
1700584001197-2-13-3-1-1-1,1700584001197-2-13-3-1-1,13,Side,Disgust,Anger,False,True,False,1.0,13,5,True
1700584007863-2-13-3-4-3-0,1700584007863-2-13-3-4-3,13,Central,Happiness,Happiness,True,True,False,3.0,3,1,False
1700584007863-2-13-3-4-3-1,1700584007863-2-13-3-4-3,13,Side,Happiness,Happiness,True,True,False,1.0,1,0,False
1700584009992-2-13-3-5-2-0,1700584009992-2-13-3-5-2,13,Central,Fear,Fear,True,True,False,14.0,14,2,False
1700584009992-2-13-3-5-2-1,1700584009992-2-13-3-5-2,13,Side,Fear,Fear,True,True,False,10.0,10,2,False
1700584012456-2-13-3-6-5-0,1700584012456-2-13-3-6-5,13,Central,Sadness,Sadness,True,True,False,29.0,29,2,False
1700584012456-2-13-3-6-5-1,1700584012456-2-13-3-6-5,13,Side,Sadness,Sadness,True,True,False,12.0,12,2,False
1700584020161-2-13-3-10-0-0,1700584020161-2-13-3-10-0,13,Central,Anger,Anger,True,True,False,19.0,19,1,False
1700584020161-2-13-3-10-0-1,1700584020161-2-13-3-10-0,13,Side,Anger,Disgust,False,True,False,16.0,24,3,True
1700584022622-2-13-3-11-3-0,1700584022622-2-13-3-11-3,13,Central,Happiness,Happiness,True,True,False,1.0,1,0,False
1700584022622-2-13-3-11-3-1,1700584022622-2-13-3-11-3,13,Side,Happiness,Happiness,True,True,False,18.0,18,1,False
1700584023624-2-13-3-12-4-0,1700584023624-2-13-3-12-4,13,Central,Neutral,Neutral,True,True,False,26.0,26,1,False
1700584023624-2-13-3-12-4-1,1700584023624-2-13-3-12-4,13,Side,Neutral,Neutral,True,True,False,25.0,25,2,False
1700584025989-2-13-3-13-6-0,1700584025989-2-13-3-13-6,13,Central,Surprise,Fear,False,False,True,,3,1,False
1700584025989-2-13-3-13-6-1,1700584025989-2-13-3-13-6,13,Side,Surprise,Surprise,True,True,False,1.0,17,2,False
1700584027538-2-13-3-14-4-0,1700584027538-2-13-3-14-4,13,Central,Neutral,Neutral,True,True,False,1.0,6,2,False
1700584027538-2-13-3-14-4-1,1700584027538-2-13-3-14-4,13,Side,Neutral,Neutral,True,True,False,9.0,9,1,False
1700584030294-2-13-3-15-5-0,1700584030294-2-13-3-15-5,13,Central,Sadness,Sadness,True,True,False,7.0,11,3,False
1700584030294-2-13-3-15-5-1,1700584030294-2-13-3-15-5,13,Side,Sadness,Sadness,True,True,False,5.0,5,2,False
1700584032421-2-13-3-16-2-0,1700584032421-2-13-3-16-2,13,Central,Fear,Fear,True,True,False,13.0,13,2,False
1700584032421-2-13-3-16-2-1,1700584032421-2-13-3-16-2,13,Side,Fear,Fear,True,True,False,9.0,9,2,False
1700584034051-2-13-3-17-3-0,1700584034051-2-13-3-17-3,13,Central,Happiness,Happiness,True,True,False,16.0,16,2,False
1700584034051-2-13-3-17-3-1,1700584034051-2-13-3-17-3,13,Side,Happiness,Happiness,True,True,False,15.0,18,5,False
1700584035954-2-13-3-18-1-0,1700584035954-2-13-3-18-1,13,Central,Disgust,Disgust,True,True,False,13.0,13,2,False
1700584035954-2-13-3-18-1-1,1700584035954-2-13-3-18-1,13,Side,Disgust,Disgust,True,True,False,14.0,14,2,False
1700584037726-2-13-3-19-6-0,1700584037726-2-13-3-19-6,13,Central,Surprise,Surprise,True,True,False,26.0,26,3,False
1700584037726-2-13-3-19-6-1,1700584037726-2-13-3-19-6,13,Side,Surprise,Surprise,True,True,False,4.0,22,4,False
1700584201525-2-13-4-0-1-0,1700584201525-2-13-4-0-1,13,Central,Disgust,Disgust,True,True,False,1.0,1,0,False
1700584201525-2-13-4-0-1-1,1700584201525-2-13-4-0-1,13,Side,Disgust,Disgust,True,True,False,1.0,1,0,False
1700584204317-2-13-4-1-5-0,1700584204317-2-13-4-1-5,13,Central,Sadness,Sadness,True,True,False,1.0,1,0,False
1700584204317-2-13-4-1-5-1,1700584204317-2-13-4-1-5,13,Side,Sadness,Sadness,True,True,False,1.0,1,0,False
1700584206113-2-13-4-2-4-0,1700584206113-2-13-4-2-4,13,Central,Neutral,Neutral,True,True,False,5.0,5,1,False
1700584206113-2-13-4-2-4-1,1700584206113-2-13-4-2-4,13,Side,Neutral,Neutral,True,True,False,3.0,3,1,False
1700584207271-2-13-4-3-6-0,1700584207271-2-13-4-3-6,13,Central,Surprise,Surprise,True,True,False,22.0,22,2,False
1700584207271-2-13-4-3-6-1,1700584207271-2-13-4-3-6,13,Side,Surprise,Surprise,True,True,False,18.0,18,2,False
1700584212931-2-13-4-6-3-0,1700584212931-2-13-4-6-3,13,Central,Happiness,Happiness,True,True,False,11.0,11,1,False
1700584212931-2-13-4-6-3-1,1700584212931-2-13-4-6-3,13,Side,Happiness,Happiness,True,True,False,6.0,6,1,False
1700584214184-2-13-4-7-0-0,1700584214184-2-13-4-7-0,13,Central,Anger,Disgust,False,False,True,,24,3,False
1700584214184-2-13-4-7-0-1,1700584214184-2-13-4-7-0,13,Side,Anger,Disgust,False,False,True,,14,1,False
1700584216493-2-13-4-8-5-0,1700584216493-2-13-4-8-5,13,Central,Sadness,Sadness,True,True,False,22.0,22,2,False
1700584216493-2-13-4-8-5-1,1700584216493-2-13-4-8-5,13,Side,Sadness,Sadness,True,True,False,19.0,19,3,False
1700584217663-2-13-4-9-2-0,1700584217663-2-13-4-9-2,13,Central,Fear,Neutral,False,True,False,24.0,30,3,True
1700584217663-2-13-4-9-2-1,1700584217663-2-13-4-9-2,13,Side,Fear,Neutral,False,True,False,19.0,30,4,True
1700584219640-2-13-4-10-0-0,1700584219640-2-13-4-10-0,13,Central,Anger,Anger,True,True,False,22.0,22,5,False
1700584219640-2-13-4-10-0-1,1700584219640-2-13-4-10-0,13,Side,Anger,Anger,True,True,False,24.0,30,6,False
1700584221354-2-13-4-11-3-0,1700584221354-2-13-4-11-3,13,Central,Happiness,Happiness,True,True,False,1.0,1,0,False
1700584221354-2-13-4-11-3-1,1700584221354-2-13-4-11-3,13,Side,Happiness,Happiness,True,True,False,14.0,14,2,False
1700584223413-2-13-4-12-1-0,1700584223413-2-13-4-12-1,13,Central,Disgust,Disgust,True,True,False,7.0,7,1,False
1700584223413-2-13-4-12-1-1,1700584223413-2-13-4-12-1,13,Side,Disgust,Disgust,True,True,False,1.0,1,0,False
1700584232123-2-13-4-17-5-0,1700584232123-2-13-4-17-5,13,Central,Sadness,Anger,False,False,True,,24,1,False
1700584232123-2-13-4-17-5-1,1700584232123-2-13-4-17-5,13,Side,Sadness,Sadness,True,True,False,20.0,20,1,False
1700584234061-2-13-4-18-4-0,1700584234061-2-13-4-18-4,13,Central,Neutral,Neutral,True,True,False,10.0,10,2,False
1700584234061-2-13-4-18-4-1,1700584234061-2-13-4-18-4,13,Side,Neutral,Neutral,True,True,False,7.0,7,1,False
1700584237227-2-13-4-20-5-0,1700584237227-2-13-4-20-5,13,Central,Sadness,Sadness,True,True,False,18.0,23,5,False
1700584237227-2-13-4-20-5-1,1700584237227-2-13-4-20-5,13,Side,Sadness,Sadness,True,True,False,8.0,20,6,False
1700584238451-2-13-4-21-6-0,1700584238451-2-13-4-21-6,13,Central,Surprise,Surprise,True,True,False,19.0,19,3,False
1700584238451-2-13-4-21-6-1,1700584238451-2-13-4-21-6,13,Side,Surprise,Surprise,True,True,False,3.0,3,2,False
1700584240494-2-13-4-22-0-0,1700584240494-2-13-4-22-0,13,Central,Anger,Neutral,False,False,True,,30,3,False
1700584240494-2-13-4-22-0-1,1700584240494-2-13-4-22-0,13,Side,Anger,Disgust,False,False,True,,20,3,False
1700584242638-2-13-4-23-2-0,1700584242638-2-13-4-23-2,13,Central,Fear,Neutral,False,False,True,,1,0,False
1700584242638-2-13-4-23-2-1,1700584242638-2-13-4-23-2,13,Side,Fear,Fear,True,True,False,16.0,16,1,False
1700584244435-2-13-4-24-3-0,1700584244435-2-13-4-24-3,13,Central,Happiness,Happiness,True,True,False,12.0,12,1,False
1700584244435-2-13-4-24-3-1,1700584244435-2-13-4-24-3,13,Side,Happiness,Happiness,True,True,False,10.0,10,1,False
1700584249628-2-13-4-27-6-0,1700584249628-2-13-4-27-6,13,Central,Surprise,Surprise,True,True,False,26.0,26,4,False
1700584249628-2-13-4-27-6-1,1700584249628-2-13-4-27-6,13,Side,Surprise,Surprise,True,True,False,21.0,21,2,False
1700747144334-2-15-1-0-0-0,1700747144334-2-15-1-0-0,15,Central,Anger,Anger,True,True,False,27.0,27,2,False
1700747144334-2-15-1-0-0-1,1700747144334-2-15-1-0-0,15,Side,Anger,Anger,True,True,False,26.0,26,2,False
1700747147435-2-15-1-1-5-0,1700747147435-2-15-1-1-5,15,Central,Sadness,Sadness,True,True,False,1.0,1,0,False
1700747147435-2-15-1-1-5-1,1700747147435-2-15-1-1-5,15,Side,Sadness,Sadness,True,True,False,1.0,1,0,False
1700747149418-2-15-1-2-3-0,1700747149418-2-15-1-2-3,15,Central,Happiness,Happiness,True,True,False,17.0,17,5,False
1700747149418-2-15-1-2-3-1,1700747149418-2-15-1-2-3,15,Side,Happiness,Happiness,True,True,False,14.0,14,2,False
1700747151558-2-15-1-3-0-0,1700747151558-2-15-1-3-0,15,Central,Anger,Neutral,False,False,True,,1,0,False
1700747151558-2-15-1-3-0-1,1700747151558-2-15-1-3-0,15,Side,Anger,Anger,True,True,False,30.0,30,1,False
1700747153913-2-15-1-4-0-0,1700747153913-2-15-1-4-0,15,Central,Anger,Fear,False,False,True,,1,0,False
1700747153913-2-15-1-4-0-1,1700747153913-2-15-1-4-0,15,Side,Anger,Anger,True,True,False,30.0,30,1,False
1700747157106-2-15-1-5-5-0,1700747157106-2-15-1-5-5,15,Central,Sadness,Sadness,True,True,False,9.0,9,1,False
1700747157106-2-15-1-5-5-1,1700747157106-2-15-1-5-5,15,Side,Sadness,Sadness,True,True,False,7.0,7,1,False
1700747159259-2-15-1-6-3-0,1700747159259-2-15-1-6-3,15,Central,Happiness,Happiness,True,True,False,26.0,26,5,False
1700747159259-2-15-1-6-3-1,1700747159259-2-15-1-6-3,15,Side,Happiness,Happiness,True,True,False,23.0,23,2,False
1700747164257-2-15-1-8-3-0,1700747164257-2-15-1-8-3,15,Central,Happiness,Happiness,True,True,False,23.0,23,3,False
1700747164257-2-15-1-8-3-1,1700747164257-2-15-1-8-3,15,Side,Happiness,Happiness,True,True,False,18.0,18,4,False
1700747228293-2-15-2-0-4-0,1700747228293-2-15-2-0-4,15,Central,Neutral,Neutral,True,True,False,1.0,1,0,False
1700747228293-2-15-2-0-4-1,1700747228293-2-15-2-0-4,15,Side,Neutral,Neutral,True,True,False,7.0,7,1,False
1700747230387-2-15-2-1-1-0,1700747230387-2-15-2-1-1,15,Central,Disgust,Disgust,True,True,False,23.0,23,1,False
1700747230387-2-15-2-1-1-1,1700747230387-2-15-2-1-1,15,Side,Disgust,Happiness,False,False,True,,22,1,False
1700747233836-2-15-2-2-6-0,1700747233836-2-15-2-2-6,15,Central,Surprise,Surprise,True,True,False,11.0,11,2,False
1700747233836-2-15-2-2-6-1,1700747233836-2-15-2-2-6,15,Side,Surprise,Surprise,True,True,False,4.0,4,1,False
1700747235785-2-15-2-3-2-0,1700747235785-2-15-2-3-2,15,Central,Fear,Fear,True,True,False,24.0,24,1,False
1700747235785-2-15-2-3-2-1,1700747235785-2-15-2-3-2,15,Side,Fear,Fear,True,True,False,21.0,21,3,False
1700747237919-2-15-2-4-1-0,1700747237919-2-15-2-4-1,15,Central,Disgust,Disgust,True,True,False,30.0,30,1,False
1700747237919-2-15-2-4-1-1,1700747237919-2-15-2-4-1,15,Side,Disgust,Happiness,False,True,False,28.0,30,5,True
1700747240521-2-15-2-5-1-0,1700747240521-2-15-2-5-1,15,Central,Disgust,Sadness,False,False,True,,5,2,False
1700747240521-2-15-2-5-1-1,1700747240521-2-15-2-5-1,15,Side,Disgust,Sadness,False,False,True,,3,1,False
1700747244029-2-15-2-6-2-0,1700747244029-2-15-2-6-2,15,Central,Fear,Fear,True,True,False,5.0,30,4,False
1700747244029-2-15-2-6-2-1,1700747244029-2-15-2-6-2,15,Side,Fear,Disgust,False,True,False,3.0,15,2,True
1700747244934-2-15-2-7-4-0,1700747244934-2-15-2-7-4,15,Central,Neutral,Sadness,False,False,True,,7,2,False
1700747244934-2-15-2-7-4-1,1700747244934-2-15-2-7-4,15,Side,Neutral,Neutral,True,True,False,24.0,24,2,False
1700747248666-2-15-2-8-6-0,1700747248666-2-15-2-8-6,15,Central,Surprise,Surprise,True,True,False,11.0,11,3,False
1700747248666-2-15-2-8-6-1,1700747248666-2-15-2-8-6,15,Side,Surprise,Surprise,True,True,False,7.0,7,1,False
1700747250542-2-15-2-9-6-0,1700747250542-2-15-2-9-6,15,Central,Surprise,Fear,False,False,True,,20,2,False
1700747250542-2-15-2-9-6-1,1700747250542-2-15-2-9-6,15,Side,Surprise,Fear,False,False,True,,17,1,False
1700747253760-2-15-2-10-2-0,1700747253760-2-15-2-10-2,15,Central,Fear,Fear,True,True,False,2.0,6,3,False
1700747253760-2-15-2-10-2-1,1700747253760-2-15-2-10-2,15,Side,Fear,Fear,True,True,False,4.0,4,1,False
1700747345899-2-15-3-0-4-0,1700747345899-2-15-3-0-4,15,Central,Neutral,Neutral,True,True,False,13.0,16,3,False
1700747345899-2-15-3-0-4-1,1700747345899-2-15-3-0-4,15,Side,Neutral,Neutral,True,True,False,1.0,1,0,False
1700747349332-2-15-3-1-1-0,1700747349332-2-15-3-1-1,15,Central,Disgust,Happiness,False,False,True,,1,0,False
1700747349332-2-15-3-1-1-1,1700747349332-2-15-3-1-1,15,Side,Disgust,Happiness,False,False,True,,1,0,False
1700747349900-2-15-3-2-0-0,1700747349900-2-15-3-2-0,15,Central,Anger,Anger,True,True,False,21.0,21,3,False
1700747349900-2-15-3-2-0-1,1700747349900-2-15-3-2-0,15,Side,Anger,Anger,True,True,False,19.0,19,1,False
1700747352492-2-15-3-3-6-0,1700747352492-2-15-3-3-6,15,Central,Surprise,Surprise,True,True,False,16.0,16,2,False
1700747352492-2-15-3-3-6-1,1700747352492-2-15-3-3-6,15,Side,Surprise,Surprise,True,True,False,12.0,12,2,False
1700747359928-2-15-3-7-5-0,1700747359928-2-15-3-7-5,15,Central,Sadness,Sadness,True,True,False,18.0,18,1,False
1700747359928-2-15-3-7-5-1,1700747359928-2-15-3-7-5,15,Side,Sadness,Sadness,True,True,False,16.0,16,1,False
1700747368098-2-15-3-11-3-0,1700747368098-2-15-3-11-3,15,Central,Happiness,Happiness,True,True,False,18.0,18,3,False
1700747368098-2-15-3-11-3-1,1700747368098-2-15-3-11-3,15,Side,Happiness,Happiness,True,True,False,1.0,1,0,False
1700747372332-2-15-3-13-6-0,1700747372332-2-15-3-13-6,15,Central,Surprise,Fear,False,True,False,19.0,28,7,True
1700747372332-2-15-3-13-6-1,1700747372332-2-15-3-13-6,15,Side,Surprise,Fear,False,True,False,14.0,28,2,True
1700747374991-2-15-3-14-4-0,1700747374991-2-15-3-14-4,15,Central,Neutral,Neutral,True,True,False,1.0,24,4,False
1700747374991-2-15-3-14-4-1,1700747374991-2-15-3-14-4,15,Side,Neutral,Neutral,True,True,False,1.0,1,0,False
1700747376723-2-15-3-15-5-0,1700747376723-2-15-3-15-5,15,Central,Sadness,Sadness,True,True,False,1.0,1,0,False
1700747376723-2-15-3-15-5-1,1700747376723-2-15-3-15-5,15,Side,Sadness,Sadness,True,True,False,1.0,1,0,False
1700747378458-2-15-3-16-2-0,1700747378458-2-15-3-16-2,15,Central,Fear,Fear,True,True,False,24.0,24,1,False
1700747378458-2-15-3-16-2-1,1700747378458-2-15-3-16-2,15,Side,Fear,Fear,True,True,False,20.0,20,4,False
1700747380059-2-15-3-17-3-0,1700747380059-2-15-3-17-3,15,Central,Happiness,Happiness,True,True,False,17.0,17,1,False
1700747380059-2-15-3-17-3-1,1700747380059-2-15-3-17-3,15,Side,Happiness,Happiness,True,True,False,14.0,14,1,False
1700747382885-2-15-3-18-1-0,1700747382885-2-15-3-18-1,15,Central,Disgust,Happiness,False,False,True,,1,0,False
1700747382885-2-15-3-18-1-1,1700747382885-2-15-3-18-1,15,Side,Disgust,Happiness,False,False,True,,1,0,False
1700747384624-2-15-3-19-6-0,1700747384624-2-15-3-19-6,15,Central,Surprise,Fear,False,True,False,1.0,25,1,True
1700747384624-2-15-3-19-6-1,1700747384624-2-15-3-19-6,15,Side,Surprise,Fear,False,True,False,1.0,18,1,True
1700747386351-2-15-3-20-2-0,1700747386351-2-15-3-20-2,15,Central,Fear,Fear,True,True,False,2.0,6,3,False
1700747386351-2-15-3-20-2-1,1700747386351-2-15-3-20-2,15,Side,Fear,Fear,True,True,False,1.0,1,0,False
1700747514980-2-15-4-1-5-0,1700747514980-2-15-4-1-5,15,Central,Sadness,Sadness,True,True,False,11.0,11,2,False
1700747514980-2-15-4-1-5-1,1700747514980-2-15-4-1-5,15,Side,Sadness,Sadness,True,True,False,9.0,9,1,False
1700747516587-2-15-4-2-4-0,1700747516587-2-15-4-2-4,15,Central,Neutral,Sadness,False,True,False,11.0,20,4,True
1700747516587-2-15-4-2-4-1,1700747516587-2-15-4-2-4,15,Side,Neutral,Sadness,False,True,False,5.0,30,2,True
1700747522488-2-15-4-5-4-0,1700747522488-2-15-4-5-4,15,Central,Neutral,Sadness,False,False,True,,1,0,False
1700747522488-2-15-4-5-4-1,1700747522488-2-15-4-5-4,15,Side,Neutral,Neutral,True,True,False,27.0,27,1,False
1700747523299-2-15-4-6-3-0,1700747523299-2-15-4-6-3,15,Central,Happiness,Happiness,True,True,False,1.0,1,0,False
1700747523299-2-15-4-6-3-1,1700747523299-2-15-4-6-3,15,Side,Happiness,Happiness,True,True,False,1.0,1,0,False
1700747526081-2-15-4-7-0-0,1700747526081-2-15-4-7-0,15,Central,Anger,Anger,True,True,False,1.0,1,0,False
1700747526081-2-15-4-7-0-1,1700747526081-2-15-4-7-0,15,Side,Anger,Happiness,False,False,True,,1,0,False
1700747527030-2-15-4-8-5-0,1700747527030-2-15-4-8-5,15,Central,Sadness,Sadness,True,True,False,4.0,4,1,False
1700747527030-2-15-4-8-5-1,1700747527030-2-15-4-8-5,15,Side,Sadness,Sadness,True,True,False,1.0,1,0,False
1700747528937-2-15-4-9-2-0,1700747528937-2-15-4-9-2,15,Central,Fear,Fear,True,True,False,1.0,1,0,False
1700747528937-2-15-4-9-2-1,1700747528937-2-15-4-9-2,15,Side,Fear,Fear,True,True,False,1.0,1,0,False
1700747534547-2-15-4-12-1-0,1700747534547-2-15-4-12-1,15,Central,Disgust,Happiness,False,False,True,,1,0,False
1700747534547-2-15-4-12-1-1,1700747534547-2-15-4-12-1,15,Side,Disgust,Happiness,False,False,True,,1,0,False
1700747535828-2-15-4-13-3-0,1700747535828-2-15-4-13-3,15,Central,Happiness,Anger,False,False,True,,1,0,False
1700747535828-2-15-4-13-3-1,1700747535828-2-15-4-13-3,15,Side,Happiness,Happiness,True,True,False,1.0,1,0,False
1700747538056-2-15-4-14-0-0,1700747538056-2-15-4-14-0,15,Central,Anger,Disgust,False,True,False,1.0,21,4,True
1700747538056-2-15-4-14-0-1,1700747538056-2-15-4-14-0,15,Side,Anger,Anger,True,True,False,4.0,4,1,False
1700747543178-2-15-4-17-5-0,1700747543178-2-15-4-17-5,15,Central,Sadness,Sadness,True,True,False,6.0,6,1,False
1700747543178-2-15-4-17-5-1,1700747543178-2-15-4-17-5,15,Side,Sadness,Sadness,True,True,False,3.0,3,1,False
1700747545324-2-15-4-18-4-0,1700747545324-2-15-4-18-4,15,Central,Neutral,Neutral,True,True,False,28.0,28,1,False
1700747545324-2-15-4-18-4-1,1700747545324-2-15-4-18-4,15,Side,Neutral,Neutral,True,True,False,1.0,1,0,False
1700747550545-2-15-4-21-6-0,1700747550545-2-15-4-21-6,15,Central,Surprise,Fear,False,True,False,8.0,26,6,True
1700747550545-2-15-4-21-6-1,1700747550545-2-15-4-21-6,15,Side,Surprise,Surprise,True,True,False,7.0,7,1,False
1700747556782-2-15-4-25-2-0,1700747556782-2-15-4-25-2,15,Central,Fear,Fear,True,True,False,8.0,8,1,False
1700747556782-2-15-4-25-2-1,1700747556782-2-15-4-25-2,15,Side,Fear,Fear,True,True,False,2.0,2,1,False
1700747558772-2-15-4-26-1-0,1700747558772-2-15-4-26-1,15,Central,Disgust,Disgust,True,True,False,24.0,24,2,False
1700747558772-2-15-4-26-1-1,1700747558772-2-15-4-26-1,15,Side,Disgust,Disgust,True,True,False,23.0,23,5,False
1700756274306-2-18-1-0-0-0,1700756274306-2-18-1-0-0,18,Central,Anger,Anger,True,True,False,4.0,28,7,False
1700756274306-2-18-1-0-0-1,1700756274306-2-18-1-0-0,18,Side,Anger,Disgust,False,False,True,,1,0,False
1700756276004-2-18-1-1-5-0,1700756276004-2-18-1-1-5,18,Central,Sadness,Disgust,False,True,False,23.0,28,3,True
1700756276004-2-18-1-1-5-1,1700756276004-2-18-1-1-5,18,Side,Sadness,Sadness,True,True,False,15.0,30,6,False
1700756278030-2-18-1-2-3-0,1700756278030-2-18-1-2-3,18,Central,Happiness,Happiness,True,True,False,19.0,19,2,False
1700756278030-2-18-1-2-3-1,1700756278030-2-18-1-2-3,18,Side,Happiness,Happiness,True,True,False,13.0,13,1,False
1700756280474-2-18-1-3-0-0,1700756280474-2-18-1-3-0,18,Central,Anger,Anger,True,True,False,4.0,22,4,False
1700756280474-2-18-1-3-0-1,1700756280474-2-18-1-3-0,18,Side,Anger,Anger,True,True,False,1.0,21,4,False
1700756283788-2-18-1-4-0-0,1700756283788-2-18-1-4-0,18,Central,Anger,Anger,True,True,False,5.0,5,1,False
1700756283788-2-18-1-4-0-1,1700756283788-2-18-1-4-0,18,Side,Anger,Anger,True,True,False,1.0,1,0,False
1700756285404-2-18-1-5-5-0,1700756285404-2-18-1-5-5,18,Central,Sadness,Sadness,True,True,False,13.0,13,1,False
1700756285404-2-18-1-5-5-1,1700756285404-2-18-1-5-5,18,Side,Sadness,Sadness,True,True,False,11.0,11,3,False
1700756292963-2-18-1-8-3-0,1700756292963-2-18-1-8-3,18,Central,Happiness,Happiness,True,True,False,13.0,13,1,False
1700756292963-2-18-1-8-3-1,1700756292963-2-18-1-8-3,18,Side,Happiness,Happiness,True,True,False,10.0,10,1,False
1700756363513-2-18-2-1-1-0,1700756363513-2-18-2-1-1,18,Central,Disgust,Disgust,True,True,False,29.0,29,1,False
1700756363513-2-18-2-1-1-1,1700756363513-2-18-2-1-1,18,Side,Disgust,Disgust,True,True,False,28.0,28,1,False
1700756365257-2-18-2-2-6-0,1700756365257-2-18-2-2-6,18,Central,Surprise,Surprise,True,True,False,13.0,13,2,False
1700756365257-2-18-2-2-6-1,1700756365257-2-18-2-2-6,18,Side,Surprise,Surprise,True,True,False,9.0,9,2,False
1700756370115-2-18-2-4-1-0,1700756370115-2-18-2-4-1,18,Central,Disgust,Disgust,True,True,False,24.0,24,5,False
1700756370115-2-18-2-4-1-1,1700756370115-2-18-2-4-1,18,Side,Disgust,Disgust,True,True,False,20.0,29,4,False
1700756373040-2-18-2-5-1-0,1700756373040-2-18-2-5-1,18,Central,Disgust,Disgust,True,True,False,7.0,26,4,False
1700756373040-2-18-2-5-1-1,1700756373040-2-18-2-5-1,18,Side,Disgust,Happiness,False,False,True,,6,1,False
1700756380628-2-18-2-8-6-0,1700756380628-2-18-2-8-6,18,Central,Surprise,Surprise,True,True,False,17.0,17,1,False
1700756380628-2-18-2-8-6-1,1700756380628-2-18-2-8-6,18,Side,Surprise,Surprise,True,True,False,14.0,14,1,False
1700756382762-2-18-2-9-6-0,1700756382762-2-18-2-9-6,18,Central,Surprise,Surprise,True,True,False,26.0,26,5,False
1700756382762-2-18-2-9-6-1,1700756382762-2-18-2-9-6,18,Side,Surprise,Surprise,True,True,False,22.0,22,4,False
1700756481968-2-18-3-0-4-0,1700756481968-2-18-3-0-4,18,Central,Neutral,Neutral,True,True,False,1.0,1,0,False
1700756481968-2-18-3-0-4-1,1700756481968-2-18-3-0-4,18,Side,Neutral,Neutral,True,True,False,1.0,1,0,False
1700756486528-2-18-3-2-0-0,1700756486528-2-18-3-2-0,18,Central,Anger,Anger,True,True,False,14.0,25,4,False
1700756486528-2-18-3-2-0-1,1700756486528-2-18-3-2-0,18,Side,Anger,Disgust,False,True,False,13.0,14,4,True
1700756490593-2-18-3-4-3-0,1700756490593-2-18-3-4-3,18,Central,Happiness,Happiness,True,True,False,1.0,1,0,False
1700756490593-2-18-3-4-3-1,1700756490593-2-18-3-4-3,18,Side,Happiness,Happiness,True,True,False,5.0,5,1,False
1700756494467-2-18-3-6-5-0,1700756494467-2-18-3-6-5,18,Central,Sadness,Anger,False,False,True,,6,1,False
1700756494467-2-18-3-6-5-1,1700756494467-2-18-3-6-5,18,Side,Sadness,Sadness,True,True,False,7.0,25,10,False
1700756499157-2-18-3-8-0-0,1700756499157-2-18-3-8-0,18,Central,Anger,Anger,True,True,False,1.0,1,0,False
1700756499157-2-18-3-8-0-1,1700756499157-2-18-3-8-0,18,Side,Anger,Anger,True,True,False,1.0,20,4,False
1700756505088-2-18-3-11-3-0,1700756505088-2-18-3-11-3,18,Central,Happiness,Happiness,True,True,False,1.0,1,0,False
1700756505088-2-18-3-11-3-1,1700756505088-2-18-3-11-3,18,Side,Happiness,Happiness,True,True,False,1.0,1,0,False
1700756506384-2-18-3-12-4-0,1700756506384-2-18-3-12-4,18,Central,Neutral,Neutral,True,True,False,1.0,1,0,False
1700756506384-2-18-3-12-4-1,1700756506384-2-18-3-12-4,18,Side,Neutral,Neutral,True,True,False,3.0,3,1,False
1700756508190-2-18-3-13-6-0,1700756508190-2-18-3-13-6,18,Central,Surprise,Surprise,True,True,False,12.0,12,1,False
1700756508190-2-18-3-13-6-1,1700756508190-2-18-3-13-6,18,Side,Surprise,Surprise,True,True,False,8.0,8,1,False
1700756511419-2-18-3-14-4-0,1700756511419-2-18-3-14-4,18,Central,Neutral,Neutral,True,True,False,1.0,1,0,False
1700756511419-2-18-3-14-4-1,1700756511419-2-18-3-14-4,18,Side,Neutral,Neutral,True,True,False,1.0,1,0,False
1700756512745-2-18-3-15-5-0,1700756512745-2-18-3-15-5,18,Central,Sadness,Sadness,True,True,False,1.0,1,0,False
1700756512745-2-18-3-15-5-1,1700756512745-2-18-3-15-5,18,Side,Sadness,Sadness,True,True,False,1.0,1,0,False
1700756516990-2-18-3-17-3-0,1700756516990-2-18-3-17-3,18,Central,Happiness,Happiness,True,True,False,11.0,11,1,False
1700756516990-2-18-3-17-3-1,1700756516990-2-18-3-17-3,18,Side,Happiness,Happiness,True,True,False,8.0,8,1,False
1700756520318-2-18-3-19-6-0,1700756520318-2-18-3-19-6,18,Central,Surprise,Surprise,True,True,False,9.0,9,1,False
1700756520318-2-18-3-19-6-1,1700756520318-2-18-3-19-6,18,Side,Surprise,Surprise,True,True,False,4.0,4,1,False
1700756706103-2-18-4-1-5-0,1700756706103-2-18-4-1-5,18,Central,Sadness,Anger,False,False,True,,20,3,False
1700756706103-2-18-4-1-5-1,1700756706103-2-18-4-1-5,18,Side,Sadness,Anger,False,True,False,1.0,15,5,True
1700756707997-2-18-4-2-4-0,1700756707997-2-18-4-2-4,18,Central,Neutral,Neutral,True,True,False,1.0,1,0,False
1700756707997-2-18-4-2-4-1,1700756707997-2-18-4-2-4,18,Side,Neutral,Neutral,True,True,False,1.0,8,2,False
1700756711213-2-18-4-4-4-0,1700756711213-2-18-4-4-4,18,Central,Neutral,Neutral,True,True,False,1.0,1,0,False
1700756711213-2-18-4-4-4-1,1700756711213-2-18-4-4-4,18,Side,Neutral,Neutral,True,True,False,1.0,1,0,False
1700756713736-2-18-4-5-4-0,1700756713736-2-18-4-5-4,18,Central,Neutral,Neutral,True,True,False,1.0,1,0,False
1700756713736-2-18-4-5-4-1,1700756713736-2-18-4-5-4,18,Side,Neutral,Neutral,True,True,False,1.0,1,0,False
1700756716598-2-18-4-7-0-0,1700756716598-2-18-4-7-0,18,Central,Anger,Anger,True,True,False,9.0,9,1,False
1700756716598-2-18-4-7-0-1,1700756716598-2-18-4-7-0,18,Side,Anger,Anger,True,True,False,6.0,28,10,False
1700756719177-2-18-4-8-5-0,1700756719177-2-18-4-8-5,18,Central,Sadness,Sadness,True,True,False,17.0,17,1,False
1700756719177-2-18-4-8-5-1,1700756719177-2-18-4-8-5,18,Side,Sadness,Sadness,True,True,False,2.0,2,1,False
1700756720027-2-18-4-9-2-0,1700756720027-2-18-4-9-2,18,Central,Fear,Fear,True,True,False,30.0,30,5,False
1700756720027-2-18-4-9-2-1,1700756720027-2-18-4-9-2,18,Side,Fear,Surprise,False,False,True,,16,3,False
1700756722474-2-18-4-10-0-0,1700756722474-2-18-4-10-0,18,Central,Anger,Anger,True,True,False,1.0,1,0,False
1700756722474-2-18-4-10-0-1,1700756722474-2-18-4-10-0,18,Side,Anger,Anger,True,True,False,1.0,1,0,False
1700756725541-2-18-4-12-1-0,1700756725541-2-18-4-12-1,18,Central,Disgust,Disgust,True,True,False,1.0,26,3,False
1700756725541-2-18-4-12-1-1,1700756725541-2-18-4-12-1,18,Side,Disgust,Disgust,True,True,False,27.0,27,2,False
1700756727000-2-18-4-13-3-0,1700756727000-2-18-4-13-3,18,Central,Happiness,Happiness,True,True,False,4.0,4,1,False
1700756727000-2-18-4-13-3-1,1700756727000-2-18-4-13-3,18,Side,Happiness,Happiness,True,True,False,2.0,2,1,False
1700756728630-2-18-4-14-0-0,1700756728630-2-18-4-14-0,18,Central,Anger,Anger,True,True,False,1.0,8,2,False
1700756728630-2-18-4-14-0-1,1700756728630-2-18-4-14-0,18,Side,Anger,Anger,True,True,False,4.0,7,3,False
1700756730921-2-18-4-15-1-0,1700756730921-2-18-4-15-1,18,Central,Disgust,Anger,False,False,True,,4,1,False
1700756730921-2-18-4-15-1-1,1700756730921-2-18-4-15-1,18,Side,Disgust,Anger,False,False,True,,2,1,False
1700756736108-2-18-4-18-4-0,1700756736108-2-18-4-18-4,18,Central,Neutral,Neutral,True,True,False,1.0,1,0,False
1700756736108-2-18-4-18-4-1,1700756736108-2-18-4-18-4,18,Side,Neutral,Neutral,True,True,False,1.0,1,0,False
1700756739446-2-18-4-20-5-0,1700756739446-2-18-4-20-5,18,Central,Sadness,Anger,False,True,False,12.0,14,3,True
1700756739446-2-18-4-20-5-1,1700756739446-2-18-4-20-5,18,Side,Sadness,Anger,False,True,False,6.0,9,2,True
1700756740978-2-18-4-21-6-0,1700756740978-2-18-4-21-6,18,Central,Surprise,Surprise,True,True,False,3.0,3,1,False
1700756740978-2-18-4-21-6-1,1700756740978-2-18-4-21-6,18,Side,Surprise,Surprise,True,True,False,1.0,1,0,False
1700756743678-2-18-4-22-0-0,1700756743678-2-18-4-22-0,18,Central,Anger,Anger,True,True,False,1.0,1,0,False
1700756743678-2-18-4-22-0-1,1700756743678-2-18-4-22-0,18,Side,Anger,Anger,True,True,False,4.0,4,1,False
1700756746478-2-18-4-24-3-0,1700756746478-2-18-4-24-3,18,Central,Happiness,Happiness,True,True,False,7.0,7,1,False
1700756746478-2-18-4-24-3-1,1700756746478-2-18-4-24-3,18,Side,Happiness,Happiness,True,True,False,3.0,3,1,False
1700756752506-2-18-4-27-6-0,1700756752506-2-18-4-27-6,18,Central,Surprise,Surprise,True,True,False,18.0,18,2,False
1700756752506-2-18-4-27-6-1,1700756752506-2-18-4-27-6,18,Side,Surprise,Surprise,True,True,False,16.0,16,3,False
1701085397170-2-23-1-1-5-0,1701085397170-2-23-1-1-5,23,Central,Sadness,Sadness,True,True,False,1.0,1,0,False
1701085397170-2-23-1-1-5-1,1701085397170-2-23-1-1-5,23,Side,Sadness,Sadness,True,True,False,1.0,1,0,False
1701085399209-2-23-1-2-3-0,1701085399209-2-23-1-2-3,23,Central,Happiness,Happiness,True,True,False,1.0,1,0,False
1701085399209-2-23-1-2-3-1,1701085399209-2-23-1-2-3,23,Side,Happiness,Happiness,True,True,False,1.0,1,0,False
1701085406198-2-23-1-5-5-0,1701085406198-2-23-1-5-5,23,Central,Sadness,Sadness,True,True,False,3.0,24,3,False
1701085406198-2-23-1-5-5-1,1701085406198-2-23-1-5-5,23,Side,Sadness,Sadness,True,True,False,22.0,22,1,False
1701085409026-2-23-1-6-3-0,1701085409026-2-23-1-6-3,23,Central,Happiness,Happiness,True,True,False,2.0,20,3,False
1701085409026-2-23-1-6-3-1,1701085409026-2-23-1-6-3,23,Side,Happiness,Happiness,True,True,False,1.0,1,0,False
1701085411341-2-23-1-7-5-0,1701085411341-2-23-1-7-5,23,Central,Sadness,Anger,False,False,True,,15,1,False
1701085411341-2-23-1-7-5-1,1701085411341-2-23-1-7-5,23,Side,Sadness,Sadness,True,True,False,29.0,29,6,False
1701085482708-2-23-2-0-4-0,1701085482708-2-23-2-0-4,23,Central,Neutral,Neutral,True,True,False,1.0,25,4,False
1701085482708-2-23-2-0-4-1,1701085482708-2-23-2-0-4,23,Side,Neutral,Neutral,True,True,False,1.0,1,0,False
1701085488586-2-23-2-2-6-0,1701085488586-2-23-2-2-6,23,Central,Surprise,Surprise,True,True,False,17.0,17,3,False
1701085488586-2-23-2-2-6-1,1701085488586-2-23-2-2-6,23,Side,Surprise,Surprise,True,True,False,14.0,14,2,False
1701085490489-2-23-2-3-2-0,1701085490489-2-23-2-3-2,23,Central,Fear,Disgust,False,False,True,,21,2,False
1701085490489-2-23-2-3-2-1,1701085490489-2-23-2-3-2,23,Side,Fear,Fear,True,True,False,24.0,24,2,False
1701085495679-2-23-2-5-1-0,1701085495679-2-23-2-5-1,23,Central,Disgust,Anger,False,True,False,13.0,17,3,True
1701085495679-2-23-2-5-1-1,1701085495679-2-23-2-5-1,23,Side,Disgust,Anger,False,False,True,,24,4,False
1701085500311-2-23-2-7-4-0,1701085500311-2-23-2-7-4,23,Central,Neutral,Anger,False,False,True,,14,1,False
1701085500311-2-23-2-7-4-1,1701085500311-2-23-2-7-4,23,Side,Neutral,Neutral,True,True,False,16.0,16,1,False
1701085503372-2-23-2-8-6-0,1701085503372-2-23-2-8-6,23,Central,Surprise,Surprise,True,True,False,29.0,29,2,False
1701085503372-2-23-2-8-6-1,1701085503372-2-23-2-8-6,23,Side,Surprise,Surprise,True,True,False,24.0,24,5,False
1701085508188-2-23-2-10-2-0,1701085508188-2-23-2-10-2,23,Central,Fear,Disgust,False,False,True,,29,3,False
1701085508188-2-23-2-10-2-1,1701085508188-2-23-2-10-2,23,Side,Fear,Happiness,False,False,True,,1,0,False
1701085510979-2-23-2-11-4-0,1701085510979-2-23-2-11-4,23,Central,Neutral,Anger,False,True,False,3.0,13,3,True
1701085510979-2-23-2-11-4-1,1701085510979-2-23-2-11-4,23,Side,Neutral,Neutral,True,True,False,2.0,2,1,False
1701085605407-2-23-3-1-1-0,1701085605407-2-23-3-1-1,23,Central,Disgust,Disgust,True,True,False,2.0,2,1,False
1701085605407-2-23-3-1-1-1,1701085605407-2-23-3-1-1,23,Side,Disgust,Anger,False,True,False,19.0,28,2,True
1701085606801-2-23-3-2-0-0,1701085606801-2-23-3-2-0,23,Central,Anger,Anger,True,True,False,20.0,20,1,False
1701085606801-2-23-3-2-0-1,1701085606801-2-23-3-2-0,23,Side,Anger,Disgust,False,True,False,1.0,29,7,True
1701085609204-2-23-3-3-6-0,1701085609204-2-23-3-3-6,23,Central,Surprise,Surprise,True,True,False,22.0,22,3,False
1701085609204-2-23-3-3-6-1,1701085609204-2-23-3-3-6,23,Side,Surprise,Surprise,True,True,False,19.0,19,3,False
1701085611540-2-23-3-4-3-0,1701085611540-2-23-3-4-3,23,Central,Happiness,Happiness,True,True,False,1.0,1,0,False
1701085611540-2-23-3-4-3-1,1701085611540-2-23-3-4-3,23,Side,Happiness,Happiness,True,True,False,1.0,1,0,False
1701085612711-2-23-3-5-2-0,1701085612711-2-23-3-5-2,23,Central,Fear,Disgust,False,False,True,,16,2,False
1701085612711-2-23-3-5-2-1,1701085612711-2-23-3-5-2,23,Side,Fear,Happiness,False,True,False,17.0,27,3,True
1701085617891-2-23-3-7-5-0,1701085617891-2-23-3-7-5,23,Central,Sadness,Sadness,True,True,False,1.0,1,0,False
1701085617891-2-23-3-7-5-1,1701085617891-2-23-3-7-5,23,Side,Sadness,Sadness,True,True,False,1.0,1,0,False
1701085619479-2-23-3-8-0-0,1701085619479-2-23-3-8-0,23,Central,Anger,Anger,True,True,False,6.0,6,1,False
1701085619479-2-23-3-8-0-1,1701085619479-2-23-3-8-0,23,Side,Anger,Anger,True,True,False,16.0,16,1,False
1701085621175-2-23-3-9-1-0,1701085621175-2-23-3-9-1,23,Central,Disgust,Disgust,True,True,False,25.0,25,2,False
1701085621175-2-23-3-9-1-1,1701085621175-2-23-3-9-1,23,Side,Disgust,Disgust,True,True,False,28.0,28,1,False
1701085622872-2-23-3-10-0-0,1701085622872-2-23-3-10-0,23,Central,Anger,Anger,True,True,False,23.0,23,1,False
1701085622872-2-23-3-10-0-1,1701085622872-2-23-3-10-0,23,Side,Anger,Anger,True,True,False,20.0,20,7,False
1701085625896-2-23-3-11-3-0,1701085625896-2-23-3-11-3,23,Central,Happiness,Happiness,True,True,False,1.0,1,0,False
1701085625896-2-23-3-11-3-1,1701085625896-2-23-3-11-3,23,Side,Happiness,Happiness,True,True,False,1.0,1,0,False
1701085629667-2-23-3-13-6-0,1701085629667-2-23-3-13-6,23,Central,Surprise,Fear,False,True,False,18.0,29,12,True
1701085629667-2-23-3-13-6-1,1701085629667-2-23-3-13-6,23,Side,Surprise,Fear,False,False,True,,9,1,False
1701085630752-2-23-3-14-4-0,1701085630752-2-23-3-14-4,23,Central,Neutral,Anger,False,False,True,,25,4,False
1701085630752-2-23-3-14-4-1,1701085630752-2-23-3-14-4,23,Side,Neutral,Neutral,True,True,False,4.0,4,1,False
1701085633973-2-23-3-15-5-0,1701085633973-2-23-3-15-5,23,Central,Sadness,Sadness,True,True,False,1.0,1,0,False
1701085633973-2-23-3-15-5-1,1701085633973-2-23-3-15-5,23,Side,Sadness,Neutral,False,True,False,1.0,30,1,True
1701085635772-2-23-3-16-2-0,1701085635772-2-23-3-16-2,23,Central,Fear,Disgust,False,False,True,,1,0,False
1701085635772-2-23-3-16-2-1,1701085635772-2-23-3-16-2,23,Side,Fear,Disgust,False,True,False,1.0,22,7,True
1701085639668-2-23-3-18-1-0,1701085639668-2-23-3-18-1,23,Central,Disgust,Disgust,True,True,False,4.0,4,2,False
1701085639668-2-23-3-18-1-1,1701085639668-2-23-3-18-1,23,Side,Disgust,Disgust,True,True,False,4.0,13,3,False
1701085643199-2-23-3-20-2-0,1701085643199-2-23-3-20-2,23,Central,Fear,Disgust,False,False,True,,19,5,False
1701085643199-2-23-3-20-2-1,1701085643199-2-23-3-20-2,23,Side,Fear,Disgust,False,False,True,,15,1,False
1701085783312-2-23-4-0-1-0,1701085783312-2-23-4-0-1,23,Central,Disgust,Disgust,True,True,False,10.0,10,2,False
1701085783312-2-23-4-0-1-1,1701085783312-2-23-4-0-1,23,Side,Disgust,Disgust,True,True,False,7.0,7,2,False
1701085784771-2-23-4-1-5-0,1701085784771-2-23-4-1-5,23,Central,Sadness,Sadness,True,True,False,14.0,14,3,False
1701085784771-2-23-4-1-5-1,1701085784771-2-23-4-1-5,23,Side,Sadness,Sadness,True,True,False,13.0,13,1,False
1701085786811-2-23-4-2-4-0,1701085786811-2-23-4-2-4,23,Central,Neutral,Neutral,True,True,False,29.0,29,2,False
1701085786811-2-23-4-2-4-1,1701085786811-2-23-4-2-4,23,Side,Neutral,Neutral,True,True,False,15.0,19,3,False
1701085788374-2-23-4-3-6-0,1701085788374-2-23-4-3-6,23,Central,Surprise,Surprise,True,True,False,27.0,27,5,False
1701085788374-2-23-4-3-6-1,1701085788374-2-23-4-3-6,23,Side,Surprise,Surprise,True,True,False,22.0,22,1,False
1701085789639-2-23-4-4-4-0,1701085789639-2-23-4-4-4,23,Central,Neutral,Neutral,True,True,False,18.0,28,4,False
1701085789639-2-23-4-4-4-1,1701085789639-2-23-4-4-4,23,Side,Neutral,Neutral,True,True,False,1.0,1,0,False
1701085791397-2-23-4-5-4-0,1701085791397-2-23-4-5-4,23,Central,Neutral,Neutral,True,True,False,4.0,11,3,False
1701085791397-2-23-4-5-4-1,1701085791397-2-23-4-5-4,23,Side,Neutral,Neutral,True,True,False,1.0,1,0,False
1701085793939-2-23-4-6-3-0,1701085793939-2-23-4-6-3,23,Central,Happiness,Happiness,True,True,False,6.0,6,4,False
1701085793939-2-23-4-6-3-1,1701085793939-2-23-4-6-3,23,Side,Happiness,Happiness,True,True,False,1.0,1,0,False
1701085795548-2-23-4-7-0-0,1701085795548-2-23-4-7-0,23,Central,Anger,Anger,True,True,False,5.0,5,1,False
1701085795548-2-23-4-7-0-1,1701085795548-2-23-4-7-0,23,Side,Anger,Anger,True,True,False,1.0,1,0,False
1701085796688-2-23-4-8-5-0,1701085796688-2-23-4-8-5,23,Central,Sadness,Sadness,True,True,False,10.0,10,2,False
1701085796688-2-23-4-8-5-1,1701085796688-2-23-4-8-5,23,Side,Sadness,Sadness,True,True,False,9.0,9,1,False
1701085798672-2-23-4-9-2-0,1701085798672-2-23-4-9-2,23,Central,Fear,Disgust,False,False,True,,24,3,False
1701085798672-2-23-4-9-2-1,1701085798672-2-23-4-9-2,23,Side,Fear,Fear,True,True,False,22.0,22,2,False
1701085800908-2-23-4-10-0-0,1701085800908-2-23-4-10-0,23,Central,Anger,Anger,True,True,False,1.0,1,0,False
1701085800908-2-23-4-10-0-1,1701085800908-2-23-4-10-0,23,Side,Anger,Disgust,False,True,False,14.0,22,2,True
1701085802372-2-23-4-11-3-0,1701085802372-2-23-4-11-3,23,Central,Happiness,Happiness,True,True,False,1.0,20,10,False
1701085802372-2-23-4-11-3-1,1701085802372-2-23-4-11-3,23,Side,Happiness,Happiness,True,True,False,1.0,1,0,False
1701085804610-2-23-4-12-1-0,1701085804610-2-23-4-12-1,23,Central,Disgust,Disgust,True,True,False,11.0,11,1,False
1701085804610-2-23-4-12-1-1,1701085804610-2-23-4-12-1,23,Side,Disgust,Disgust,True,True,False,7.0,25,3,False
1701085805933-2-23-4-13-3-0,1701085805933-2-23-4-13-3,23,Central,Happiness,Happiness,True,True,False,1.0,11,4,False
1701085805933-2-23-4-13-3-1,1701085805933-2-23-4-13-3,23,Side,Happiness,Happiness,True,True,False,1.0,1,0,False
1701085807269-2-23-4-14-0-0,1701085807269-2-23-4-14-0,23,Central,Anger,Anger,True,True,False,3.0,12,3,False
1701085807269-2-23-4-14-0-1,1701085807269-2-23-4-14-0,23,Side,Anger,Disgust,False,True,False,12.0,28,2,True
1701085809428-2-23-4-15-1-0,1701085809428-2-23-4-15-1,23,Central,Disgust,Disgust,True,True,False,25.0,25,4,False
1701085809428-2-23-4-15-1-1,1701085809428-2-23-4-15-1,23,Side,Disgust,Disgust,True,True,False,24.0,24,4,False
1701085810970-2-23-4-16-2-0,1701085810970-2-23-4-16-2,23,Central,Fear,Disgust,False,False,True,,1,0,False
1701085810970-2-23-4-16-2-1,1701085810970-2-23-4-16-2,23,Side,Fear,Fear,True,True,False,29.0,29,2,False
1701085812843-2-23-4-17-5-0,1701085812843-2-23-4-17-5,23,Central,Sadness,Sadness,True,True,False,29.0,29,2,False
1701085812843-2-23-4-17-5-1,1701085812843-2-23-4-17-5,23,Side,Sadness,Sadness,True,True,False,28.0,28,2,False
1701085820057-2-23-4-21-6-0,1701085820057-2-23-4-21-6,23,Central,Surprise,Surprise,True,True,False,23.0,23,6,False
1701085820057-2-23-4-21-6-1,1701085820057-2-23-4-21-6,23,Side,Surprise,Surprise,True,True,False,19.0,19,1,False
1701085821482-2-23-4-22-0-0,1701085821482-2-23-4-22-0,23,Central,Anger,Anger,True,True,False,1.0,14,2,False
1701085821482-2-23-4-22-0-1,1701085821482-2-23-4-22-0,23,Side,Anger,Anger,True,True,False,15.0,19,3,False
1701085823245-2-23-4-23-2-0,1701085823245-2-23-4-23-2,23,Central,Fear,Fear,True,True,False,30.0,30,4,False
1701085823245-2-23-4-23-2-1,1701085823245-2-23-4-23-2,23,Side,Fear,Fear,True,True,False,21.0,21,1,False
1701085827129-2-23-4-25-2-0,1701085827129-2-23-4-25-2,23,Central,Fear,Fear,True,True,False,25.0,25,5,False
1701085827129-2-23-4-25-2-1,1701085827129-2-23-4-25-2,23,Side,Fear,Fear,True,True,False,18.0,18,3,False
1701085829241-2-23-4-26-1-0,1701085829241-2-23-4-26-1,23,Central,Disgust,Disgust,True,True,False,18.0,18,2,False
1701085829241-2-23-4-26-1-1,1701085829241-2-23-4-26-1,23,Side,Disgust,Disgust,True,True,False,20.0,20,1,False
1701085830697-2-23-4-27-6-0,1701085830697-2-23-4-27-6,23,Central,Surprise,Surprise,True,True,False,17.0,17,2,False
1701085830697-2-23-4-27-6-1,1701085830697-2-23-4-27-6,23,Side,Surprise,Surprise,True,True,False,16.0,16,2,False
1701094438118-2-27-1-0-0-0,1701094438118-2-27-1-0-0,27,Central,Anger,Fear,False,False,True,,1,0,False
1701094438118-2-27-1-0-0-1,1701094438118-2-27-1-0-0,27,Side,Anger,Disgust,False,True,False,29.0,30,4,True
1701094443379-2-27-1-2-3-0,1701094443379-2-27-1-2-3,27,Central,Happiness,Happiness,True,True,False,9.0,9,3,False
1701094443379-2-27-1-2-3-1,1701094443379-2-27-1-2-3,27,Side,Happiness,Happiness,True,True,False,5.0,5,3,False
1701094445452-2-27-1-3-0-0,1701094445452-2-27-1-3-0,27,Central,Anger,Anger,True,True,False,28.0,28,2,False
1701094445452-2-27-1-3-0-1,1701094445452-2-27-1-3-0,27,Side,Anger,Anger,True,True,False,27.0,27,2,False
1701094448444-2-27-1-4-0-0,1701094448444-2-27-1-4-0,27,Central,Anger,Disgust,False,False,True,,20,2,False
1701094448444-2-27-1-4-0-1,1701094448444-2-27-1-4-0,27,Side,Anger,Anger,True,True,False,25.0,25,2,False
1701094450282-2-27-1-5-5-0,1701094450282-2-27-1-5-5,27,Central,Sadness,Sadness,True,True,False,24.0,24,2,False
1701094450282-2-27-1-5-5-1,1701094450282-2-27-1-5-5,27,Side,Sadness,Sadness,True,True,False,22.0,22,1,False
1701094455829-2-27-1-7-5-0,1701094455829-2-27-1-7-5,27,Central,Sadness,Disgust,False,True,False,1.0,30,1,True
1701094455829-2-27-1-7-5-1,1701094455829-2-27-1-7-5,27,Side,Sadness,Sadness,True,True,False,1.0,1,0,False
1701094458007-2-27-1-8-3-0,1701094458007-2-27-1-8-3,27,Central,Happiness,Happiness,True,True,False,1.0,1,0,False
1701094458007-2-27-1-8-3-1,1701094458007-2-27-1-8-3,27,Side,Happiness,Happiness,True,True,False,1.0,1,0,False
1701094536373-2-27-2-2-6-0,1701094536373-2-27-2-2-6,27,Central,Surprise,Surprise,True,True,False,1.0,1,0,False
1701094536373-2-27-2-2-6-1,1701094536373-2-27-2-2-6,27,Side,Surprise,Surprise,True,True,False,1.0,1,0,False
1701094539306-2-27-2-3-2-0,1701094539306-2-27-2-3-2,27,Central,Fear,Surprise,False,True,False,13.0,21,4,True
1701094539306-2-27-2-3-2-1,1701094539306-2-27-2-3-2,27,Side,Fear,Surprise,False,True,False,12.0,14,2,True
1701094549501-2-27-2-7-4-0,1701094549501-2-27-2-7-4,27,Central,Neutral,Neutral,True,True,False,1.0,1,0,False
1701094549501-2-27-2-7-4-1,1701094549501-2-27-2-7-4,27,Side,Neutral,Neutral,True,True,False,1.0,30,4,False
1701094559720-2-27-2-11-4-0,1701094559720-2-27-2-11-4,27,Central,Neutral,Neutral,True,True,False,2.0,2,1,False
1701094559720-2-27-2-11-4-1,1701094559720-2-27-2-11-4,27,Side,Neutral,Neutral,True,True,False,1.0,1,0,False
1701094652485-2-27-3-0-4-0,1701094652485-2-27-3-0-4,27,Central,Neutral,Neutral,True,True,False,1.0,1,0,False
1701094652485-2-27-3-0-4-1,1701094652485-2-27-3-0-4,27,Side,Neutral,Neutral,True,True,False,1.0,1,0,False
1701094656847-2-27-3-2-0-0,1701094656847-2-27-3-2-0,27,Central,Anger,Happiness,False,True,False,1.0,18,1,True
1701094656847-2-27-3-2-0-1,1701094656847-2-27-3-2-0,27,Side,Anger,Happiness,False,True,False,1.0,16,2,True
1701094657984-2-27-3-3-6-0,1701094657984-2-27-3-3-6,27,Central,Surprise,Surprise,True,True,False,23.0,23,2,False
1701094657984-2-27-3-3-6-1,1701094657984-2-27-3-3-6,27,Side,Surprise,Surprise,True,True,False,20.0,20,2,False
1701094661584-2-27-3-5-2-0,1701094661584-2-27-3-5-2,27,Central,Fear,Surprise,False,True,False,1.0,24,1,True
1701094661584-2-27-3-5-2-1,1701094661584-2-27-3-5-2,27,Side,Fear,Surprise,False,True,False,1.0,20,1,True
1701094664518-2-27-3-6-5-0,1701094664518-2-27-3-6-5,27,Central,Sadness,Sadness,True,True,False,14.0,14,2,False
1701094664518-2-27-3-6-5-1,1701094664518-2-27-3-6-5,27,Side,Sadness,Sadness,True,True,False,8.0,8,2,False
1701094668813-2-27-3-8-0-0,1701094668813-2-27-3-8-0,27,Central,Anger,Disgust,False,True,False,11.0,30,3,True
1701094668813-2-27-3-8-0-1,1701094668813-2-27-3-8-0,27,Side,Anger,Disgust,False,False,True,,5,1,False
1701094669809-2-27-3-9-1-0,1701094669809-2-27-3-9-1,27,Central,Disgust,Happiness,False,True,False,2.0,26,5,True
1701094669809-2-27-3-9-1-1,1701094669809-2-27-3-9-1,27,Side,Disgust,Happiness,False,True,False,1.0,21,4,True
1701094672347-2-27-3-10-0-0,1701094672347-2-27-3-10-0,27,Central,Anger,Anger,True,True,False,14.0,14,3,False
1701094672347-2-27-3-10-0-1,1701094672347-2-27-3-10-0,27,Side,Anger,Disgust,False,True,False,13.0,30,4,True
1701094679684-2-27-3-14-4-0,1701094679684-2-27-3-14-4,27,Central,Neutral,Neutral,True,True,False,1.0,1,0,False
1701094679684-2-27-3-14-4-1,1701094679684-2-27-3-14-4,27,Side,Neutral,Neutral,True,True,False,1.0,1,0,False
1701094684847-2-27-3-16-2-0,1701094684847-2-27-3-16-2,27,Central,Fear,Happiness,False,False,True,,1,0,False
1701094684847-2-27-3-16-2-1,1701094684847-2-27-3-16-2,27,Side,Fear,Happiness,False,False,True,,1,0,False
1701094686349-2-27-3-17-3-0,1701094686349-2-27-3-17-3,27,Central,Happiness,Happiness,True,True,False,1.0,21,2,False
1701094686349-2-27-3-17-3-1,1701094686349-2-27-3-17-3,27,Side,Happiness,Happiness,True,True,False,1.0,18,4,False
1701094688507-2-27-3-18-1-0,1701094688507-2-27-3-18-1,27,Central,Disgust,Happiness,False,True,False,1.0,17,1,True
1701094688507-2-27-3-18-1-1,1701094688507-2-27-3-18-1,27,Side,Disgust,Happiness,False,True,False,1.0,13,3,True
1701094689680-2-27-3-19-6-0,1701094689680-2-27-3-19-6,27,Central,Surprise,Surprise,True,True,False,8.0,8,1,False
1701094689680-2-27-3-19-6-1,1701094689680-2-27-3-19-6,27,Side,Surprise,Surprise,True,True,False,5.0,5,2,False
1701094692584-2-27-3-20-2-0,1701094692584-2-27-3-20-2,27,Central,Fear,Surprise,False,False,True,,1,0,False
1701094692584-2-27-3-20-2-1,1701094692584-2-27-3-20-2,27,Side,Fear,Surprise,False,False,True,,1,0,False
1701094821546-2-27-4-1-5-0,1701094821546-2-27-4-1-5,27,Central,Sadness,Sadness,True,True,False,13.0,13,2,False
1701094821546-2-27-4-1-5-1,1701094821546-2-27-4-1-5,27,Side,Sadness,Sadness,True,True,False,10.0,10,3,False
1701094823610-2-27-4-2-4-0,1701094823610-2-27-4-2-4,27,Central,Neutral,Neutral,True,True,False,1.0,1,0,False
1701094823610-2-27-4-2-4-1,1701094823610-2-27-4-2-4,27,Side,Neutral,Neutral,True,True,False,1.0,1,0,False
1701094824960-2-27-4-3-6-0,1701094824960-2-27-4-3-6,27,Central,Surprise,Surprise,True,True,False,6.0,6,1,False
1701094824960-2-27-4-3-6-1,1701094824960-2-27-4-3-6,27,Side,Surprise,Surprise,True,True,False,3.0,3,1,False
1701094829010-2-27-4-5-4-0,1701094829010-2-27-4-5-4,27,Central,Neutral,Neutral,True,True,False,1.0,1,0,False
1701094829010-2-27-4-5-4-1,1701094829010-2-27-4-5-4,27,Side,Neutral,Neutral,True,True,False,1.0,1,0,False
1701094830423-2-27-4-6-3-0,1701094830423-2-27-4-6-3,27,Central,Happiness,Happiness,True,True,False,1.0,1,0,False
1701094830423-2-27-4-6-3-1,1701094830423-2-27-4-6-3,27,Side,Happiness,Happiness,True,True,False,1.0,1,0,False
1701094835647-2-27-4-9-2-0,1701094835647-2-27-4-9-2,27,Central,Fear,Happiness,False,True,False,22.0,26,5,True
1701094835647-2-27-4-9-2-1,1701094835647-2-27-4-9-2,27,Side,Fear,Fear,True,True,False,14.0,30,7,False
1701094839307-2-27-4-11-3-0,1701094839307-2-27-4-11-3,27,Central,Happiness,Happiness,True,True,False,17.0,17,3,False
1701094839307-2-27-4-11-3-1,1701094839307-2-27-4-11-3,27,Side,Happiness,Happiness,True,True,False,13.0,13,2,False
1701094842669-2-27-4-13-3-0,1701094842669-2-27-4-13-3,27,Central,Happiness,Happiness,True,True,False,1.0,1,0,False
1701094842669-2-27-4-13-3-1,1701094842669-2-27-4-13-3,27,Side,Happiness,Happiness,True,True,False,1.0,1,0,False
1701094848288-2-27-4-16-2-0,1701094848288-2-27-4-16-2,27,Central,Fear,Happiness,False,True,False,2.0,12,4,True
1701094848288-2-27-4-16-2-1,1701094848288-2-27-4-16-2,27,Side,Fear,Happiness,False,True,False,3.0,6,3,True
1701094851143-2-27-4-18-4-0,1701094851143-2-27-4-18-4,27,Central,Neutral,Neutral,True,True,False,1.0,1,0,False
1701094851143-2-27-4-18-4-1,1701094851143-2-27-4-18-4,27,Side,Neutral,Neutral,True,True,False,2.0,10,3,False
1701094852692-2-27-4-19-6-0,1701094852692-2-27-4-19-6,27,Central,Surprise,Surprise,True,True,False,1.0,1,0,False
1701094852692-2-27-4-19-6-1,1701094852692-2-27-4-19-6,27,Side,Surprise,Surprise,True,True,False,1.0,1,0,False
1701094855279-2-27-4-20-5-0,1701094855279-2-27-4-20-5,27,Central,Sadness,Sadness,True,True,False,1.0,1,0,False
1701094855279-2-27-4-20-5-1,1701094855279-2-27-4-20-5,27,Side,Sadness,Sadness,True,True,False,1.0,1,0,False
1701094856933-2-27-4-21-6-0,1701094856933-2-27-4-21-6,27,Central,Surprise,Surprise,True,True,False,1.0,1,0,False
1701094856933-2-27-4-21-6-1,1701094856933-2-27-4-21-6,27,Side,Surprise,Surprise,True,True,False,1.0,1,0,False
1701094862346-2-27-4-24-3-0,1701094862346-2-27-4-24-3,27,Central,Happiness,Happiness,True,True,False,15.0,15,4,False
1701094862346-2-27-4-24-3-1,1701094862346-2-27-4-24-3,27,Side,Happiness,Happiness,True,True,False,10.0,10,1,False
1701094865205-2-27-4-26-1-0,1701094865205-2-27-4-26-1,27,Central,Disgust,Happiness,False,True,False,19.0,25,3,True
1701094865205-2-27-4-26-1-1,1701094865205-2-27-4-26-1,27,Side,Disgust,Happiness,False,True,False,17.0,19,3,True
1701094866874-2-27-4-27-6-0,1701094866874-2-27-4-27-6,27,Central,Surprise,Surprise,True,True,False,14.0,14,2,False
1701094866874-2-27-4-27-6-1,1701094866874-2-27-4-27-6,27,Side,Surprise,Surprise,True,True,False,11.0,11,4,False
