sequence_id,sequence_timestamp,set_id,participant_id,level_id,emoji_id,true_class,final_predicted_class,correct_first,correct_final,ever_correct,first_correct_prefix,correct_through_final_from,label_switches,true_probability_first,true_probability_final,final_confidence
1700478995850-2-1-1-0-0,1700478995850,2,1,1,0,Anger,Anger,True,True,True,1.0,1.0,0,0.5526141,0.5192049,0.5192049
1700478998549-2-1-1-1-5,1700478998549,2,1,1,1,Sadness,Sadness,True,True,True,1.0,1.0,0,0.6127555,0.9990969,0.9990969
1700479001137-2-1-1-2-3,1700479001137,2,1,1,2,Happiness,Happiness,True,True,True,1.0,1.0,0,0.7559029,0.9976628,0.9976628
1700479004312-2-1-1-3-0,1700479004312,2,1,1,3,Anger,Neutral,True,False,True,1.0,,1,0.35310122,0.014783267,0.9679481
1700479005401-2-1-1-4-0,1700479005401,2,1,1,4,Anger,Anger,True,True,True,1.0,1.0,0,0.45995298,0.8572989,0.8572989
1700479007738-2-1-1-5-5,1700479007738,2,1,1,5,Sadness,Sadness,True,True,True,1.0,1.0,0,0.48237404,0.9954365,0.9954365
1700479015441-2-1-1-8-3,1700479015441,2,1,1,8,Happiness,Happiness,False,True,True,3.0,3.0,1,0.13195434,0.99940395,0.99940395
1700479105264-2-1-2-0-4,1700479105264,2,1,2,0,Neutral,Neutral,True,True,True,1.0,1.0,0,0.26930678,0.98934734,0.98934734
1700479106931-2-1-2-1-1,1700479106931,2,1,2,1,Disgust,Sadness,False,False,True,21.0,,3,0.09304035,0.02567074,0.9272054
1700479111705-2-1-2-3-2,1700479111705,2,1,2,3,Fear,Fear,True,True,True,1.0,1.0,0,0.7512815,0.9721042,0.9721042
1700479113933-2-1-2-4-1,1700479113933,2,1,2,4,Disgust,Fear,False,False,False,,,0,0.15873896,0.009014997,0.9856448
1700479117593-2-1-2-5-1,1700479117593,2,1,2,5,Disgust,Fear,False,False,False,,,2,0.09055434,0.07497082,0.9198172
1700479119890-2-1-2-6-2,1700479119890,2,1,2,6,Fear,Fear,False,True,True,19.0,19.0,1,0.33714655,0.55202144,0.55202144
1700479129747-2-1-2-10-2,1700479129747,2,1,2,10,Fear,Fear,False,True,True,28.0,28.0,1,0.29129225,0.67519695,0.67519695
1700479131977-2-1-2-11-4,1700479131977,2,1,2,11,Neutral,Neutral,True,True,True,1.0,1.0,0,0.29928535,0.95304245,0.95304245
1700479238544-2-1-3-0-4,1700479238544,2,1,3,0,Neutral,Neutral,True,True,True,1.0,22.0,2,0.27070868,0.45251337,0.45251337
1700479240547-2-1-3-1-1,1700479240547,2,1,3,1,Disgust,Surprise,False,False,False,,,2,0.09883979,0.00096938247,0.979107
1700479243878-2-1-3-3-6,1700479243878,2,1,3,3,Surprise,Surprise,False,True,True,25.0,25.0,2,0.03782672,0.991687,0.991687
1700479245714-2-1-3-4-3,1700479245714,2,1,3,4,Happiness,Happiness,False,True,True,19.0,19.0,2,0.10379801,0.99945396,0.99945396
1700479248151-2-1-3-5-2,1700479248151,2,1,3,5,Fear,Fear,False,True,True,7.0,7.0,1,0.23169446,0.9638999,0.9638999
1700479250572-2-1-3-6-5,1700479250572,2,1,3,6,Sadness,Neutral,True,False,True,1.0,,1,0.25616133,0.33133984,0.48234797
1700479253441-2-1-3-8-0,1700479253441,2,1,3,8,Anger,Anger,False,True,True,21.0,21.0,1,0.0915841,0.92942613,0.92942613
1700479258342-2-1-3-10-0,1700479258342,2,1,3,10,Anger,Neutral,False,False,False,,,1,0.07033784,0.010297336,0.91100365
1700479260806-2-1-3-11-3,1700479260806,2,1,3,11,Happiness,Happiness,False,True,True,22.0,22.0,1,0.11027288,0.9994252,0.9994252
1700479262241-2-1-3-12-4,1700479262241,2,1,3,12,Neutral,Neutral,False,True,True,10.0,10.0,2,0.1899132,0.9614632,0.9614632
1700479264139-2-1-3-13-6,1700479264139,2,1,3,13,Surprise,Surprise,False,True,True,12.0,12.0,2,0.14785348,0.99628866,0.99628866
1700479265444-2-1-3-14-4,1700479265444,2,1,3,14,Neutral,Happiness,True,False,True,1.0,,1,0.31375802,0.14726262,0.7665262
1700479274174-2-1-3-18-1,1700479274174,2,1,3,18,Disgust,Fear,False,False,False,,,4,0.09063175,0.07066553,0.56972486
1700479276498-2-1-3-19-6,1700479276498,2,1,3,19,Surprise,Surprise,False,True,True,17.0,17.0,1,0.07173623,0.9954005,0.9954005
1700479278671-2-1-3-20-2,1700479278671,2,1,3,20,Fear,Fear,True,True,True,1.0,1.0,0,0.79289263,0.8393447,0.8393447
1700479411435-2-1-4-0-1,1700479411435,2,1,4,0,Disgust,Fear,False,False,False,,,0,0.13412282,0.008398056,0.94765425
1700479413527-2-1-4-1-5,1700479413527,2,1,4,1,Sadness,Sadness,False,True,True,3.0,3.0,1,0.13241915,0.9497314,0.9497314
1700479417615-2-1-4-3-6,1700479417615,2,1,4,3,Surprise,Surprise,False,True,True,5.0,5.0,1,0.12521993,0.9926381,0.9926381
1700479420641-2-1-4-5-4,1700479420641,2,1,4,5,Neutral,Neutral,False,True,True,27.0,27.0,1,0.12610854,0.7918116,0.7918116
1700479422411-2-1-4-6-3,1700479422411,2,1,4,6,Happiness,Happiness,False,True,True,9.0,9.0,1,0.15153056,0.9997229,0.9997229
1700479424021-2-1-4-7-0,1700479424021,2,1,4,7,Anger,Anger,False,True,True,24.0,24.0,3,0.09347272,0.9655614,0.9655614
1700479426367-2-1-4-8-5,1700479426367,2,1,4,8,Sadness,Sadness,False,True,True,7.0,7.0,1,0.110002354,0.9930736,0.9930736
1700479427742-2-1-4-9-2,1700479427742,2,1,4,9,Fear,Fear,False,True,True,17.0,17.0,1,0.18610096,0.9220234,0.9220234
1700479432977-2-1-4-12-1,1700479432977,2,1,4,12,Disgust,Surprise,False,False,False,,,2,0.12066462,0.022977652,0.6813681
1700479435090-2-1-4-13-3,1700479435090,2,1,4,13,Happiness,Happiness,True,True,True,1.0,1.0,0,0.86992973,0.99955314,0.99955314
1700479438658-2-1-4-15-1,1700479438658,2,1,4,15,Disgust,Fear,False,False,False,,,1,0.11396248,0.19751027,0.78955877
1700479442178-2-1-4-17-5,1700479442178,2,1,4,17,Sadness,Sadness,False,True,True,21.0,21.0,1,0.07220554,0.99654263,0.99654263
1700479445256-2-1-4-19-6,1700479445256,2,1,4,19,Surprise,Surprise,False,True,True,10.0,10.0,1,0.048181005,0.98152965,0.98152965
1700479447373-2-1-4-20-5,1700479447373,2,1,4,20,Sadness,Sadness,True,True,True,1.0,1.0,0,0.63415587,0.95652765,0.95652765
1700479452800-2-1-4-23-2,1700479452800,2,1,4,23,Fear,Fear,False,True,True,16.0,16.0,1,0.1856058,0.95868456,0.95868456
1700479457287-2-1-4-26-1,1700479457287,2,1,4,26,Disgust,Fear,False,False,False,,,3,0.09787941,0.2972688,0.68303037
1700479459026-2-1-4-27-6,1700479459026,2,1,4,27,Surprise,Surprise,False,True,True,17.0,17.0,2,0.13720249,0.99628323,0.99628323
1700567688235-2-8-1-0-0,1700567688235,2,8,1,0,Anger,Disgust,False,False,False,,,0,0.25610524,0.0042552813,0.99499184
1700567691497-2-8-1-1-5,1700567691497,2,8,1,1,Sadness,Disgust,False,False,False,,,3,0.097939566,0.0030353377,0.92816794
1700567693686-2-8-1-2-3,1700567693686,2,8,1,2,Happiness,Happiness,False,True,True,19.0,19.0,2,0.09547903,0.99909043,0.99909043
1700567695958-2-8-1-3-0,1700567695958,2,8,1,3,Anger,Disgust,False,False,False,,,1,0.0761952,0.007629892,0.9889949
1700567698824-2-8-1-4-0,1700567698824,2,8,1,4,Anger,Disgust,False,False,False,,,1,0.06976836,0.0033093847,0.97812134
1700567702985-2-8-1-6-3,1700567702985,2,8,1,6,Happiness,Happiness,False,True,True,9.0,9.0,1,0.101082735,0.997894,0.997894
1700567706828-2-8-1-7-5,1700567706828,2,8,1,7,Sadness,Disgust,False,False,False,,,1,0.12414607,0.0044867573,0.85222495
1700567708570-2-8-1-8-3,1700567708570,2,8,1,8,Happiness,Happiness,False,True,True,18.0,18.0,2,0.13516605,0.99927217,0.99927217
1700567787758-2-8-2-1-1,1700567787758,2,8,2,1,Disgust,Disgust,False,True,True,3.0,3.0,2,0.10342197,0.9735617,0.9735617
1700567790485-2-8-2-2-6,1700567790485,2,8,2,2,Surprise,Surprise,False,True,True,25.0,25.0,1,0.1870527,0.835999,0.835999
1700567792669-2-8-2-3-2,1700567792669,2,8,2,3,Fear,Fear,True,True,True,1.0,1.0,0,0.37655976,0.7386973,0.7386973
1700567795123-2-8-2-4-1,1700567795123,2,8,2,4,Disgust,Disgust,False,True,True,10.0,10.0,1,0.08671205,0.97366613,0.97366613
1700567799982-2-8-2-6-2,1700567799982,2,8,2,6,Fear,Fear,True,True,True,1.0,1.0,0,0.26616952,0.62121814,0.62121814
1700567803057-2-8-2-7-4,1700567803057,2,8,2,7,Neutral,Neutral,True,True,True,1.0,1.0,0,0.26167345,0.6191787,0.6191787
1700567804174-2-8-2-8-6,1700567804174,2,8,2,8,Surprise,Surprise,False,True,True,17.0,17.0,1,0.16941448,0.98528594,0.98528594
1700567807289-2-8-2-9-6,1700567807289,2,8,2,9,Surprise,Surprise,False,True,True,27.0,27.0,1,0.20657268,0.8804943,0.8804943
1700567809324-2-8-2-10-2,1700567809324,2,8,2,10,Fear,Fear,True,True,True,1.0,1.0,0,0.33689508,0.73480475,0.73480475
1700567812479-2-8-2-11-4,1700567812479,2,8,2,11,Neutral,Neutral,True,True,True,1.0,1.0,0,0.27869582,0.7616607,0.7616607
1700567902030-2-8-3-0-4,1700567902030,2,8,3,0,Neutral,Neutral,True,True,True,1.0,1.0,0,0.28658026,0.9553657,0.9553657
1700567903352-2-8-3-1-1,1700567903352,2,8,3,1,Disgust,Disgust,False,True,True,17.0,17.0,2,0.08629496,0.84385896,0.84385896
1700567906760-2-8-3-2-0,1700567906760,2,8,3,2,Anger,Disgust,False,False,False,,,0,0.28008786,0.0013464035,0.9394524
1700567907954-2-8-3-3-6,1700567907954,2,8,3,3,Surprise,Surprise,False,True,True,18.0,18.0,1,0.13519202,0.9914364,0.9914364
1700567911689-2-8-3-5-2,1700567911689,2,8,3,5,Fear,Fear,False,True,True,5.0,5.0,1,0.20987822,0.6725485,0.6725485
1700567914515-2-8-3-6-5,1700567914515,2,8,3,6,Sadness,Disgust,False,False,False,,,2,0.11340027,0.0005553107,0.9859752
1700567916813-2-8-3-7-5,1700567916813,2,8,3,7,Sadness,Disgust,False,False,False,,,0,0.0300088,0.00964941,0.79847217
1700567918385-2-8-3-8-0,1700567918385,2,8,3,8,Anger,Disgust,False,False,False,,,1,0.07074896,0.0025183144,0.9722964
1700567920333-2-8-3-9-1,1700567920333,2,8,3,9,Disgust,Disgust,False,True,True,26.0,26.0,2,0.08085027,0.69927657,0.69927657
1700567922812-2-8-3-10-0,1700567922812,2,8,3,10,Anger,Disgust,False,False,False,,,0,0.27444828,0.001665426,0.9732895
1700567926584-2-8-3-12-4,1700567926584,2,8,3,12,Neutral,Neutral,True,True,True,1.0,1.0,0,0.31164008,0.75604385,0.75604385
1700567928618-2-8-3-13-6,1700567928618,2,8,3,13,Surprise,Surprise,False,True,True,5.0,5.0,1,0.20462783,0.89179415,0.89179415
1700567932221-2-8-3-15-5,1700567932221,2,8,3,15,Sadness,Fear,False,False,False,,,0,0.09164882,0.0039119828,0.7717299
1700567934618-2-8-3-16-2,1700567934618,2,8,3,16,Fear,Fear,True,True,True,1.0,1.0,0,0.46616063,0.6545604,0.6545604
1700567938373-2-8-3-18-1,1700567938373,2,8,3,18,Disgust,Disgust,False,True,True,7.0,7.0,2,0.07655234,0.9933073,0.9933073
1700567942412-2-8-3-20-2,1700567942412,2,8,3,20,Fear,Fear,True,True,True,1.0,1.0,0,0.25093564,0.6324014,0.6324014
1700568075798-2-8-4-0-1,1700568075798,2,8,4,0,Disgust,Disgust,True,True,True,1.0,1.0,0,0.20961688,0.9917018,0.9917018
1700568077758-2-8-4-1-5,1700568077758,2,8,4,1,Sadness,Sadness,False,True,True,2.0,20.0,5,0.24034278,0.8078579,0.8078579
1700568081350-2-8-4-3-6,1700568081350,2,8,4,3,Surprise,Surprise,False,True,True,2.0,2.0,1,0.37094915,0.9123975,0.9123975
1700568082939-2-8-4-4-4,1700568082939,2,8,4,4,Neutral,Neutral,True,True,True,1.0,1.0,0,0.2611584,0.9518833,0.9518833
1700568086128-2-8-4-6-3,1700568086128,2,8,4,6,Happiness,Happiness,False,True,True,22.0,22.0,2,0.09284644,0.99902046,0.99902046
1700568088202-2-8-4-7-0,1700568088202,2,8,4,7,Anger,Disgust,False,False,False,,,2,0.081136376,0.0022011632,0.9839298
1700568090919-2-8-4-9-2,1700568090919,2,8,4,9,Fear,Fear,False,True,True,9.0,9.0,1,0.20905793,0.6233708,0.6233708
1700568092978-2-8-4-10-0,1700568092978,2,8,4,10,Anger,Disgust,False,False,False,,,2,0.101420395,0.0052155657,0.9918873
1700568095008-2-8-4-11-3,1700568095008,2,8,4,11,Happiness,Happiness,False,True,True,8.0,8.0,1,0.11742101,0.9985557,0.9985557
1700568096451-2-8-4-12-1,1700568096451,2,8,4,12,Disgust,Disgust,False,True,True,22.0,22.0,2,0.093229614,0.9816259,0.9816259
1700568100175-2-8-4-14-0,1700568100175,2,8,4,14,Anger,Fear,False,False,False,,,1,0.09235488,0.0016800606,0.5203801
1700568102387-2-8-4-15-1,1700568102387,2,8,4,15,Disgust,Disgust,False,True,True,18.0,18.0,2,0.08409599,0.99192315,0.99192315
1700568103657-2-8-4-16-2,1700568103657,2,8,4,16,Fear,Fear,False,True,True,12.0,12.0,1,0.1944047,0.5734731,0.5734731
1700568107499-2-8-4-18-4,1700568107499,2,8,4,18,Neutral,Neutral,True,True,True,1.0,1.0,0,0.30767566,0.717592,0.717592
1700568112955-2-8-4-21-6,1700568112955,2,8,4,21,Surprise,Surprise,False,True,True,6.0,6.0,2,0.16248527,0.99395025,0.99395025
1700568114265-2-8-4-22-0,1700568114265,2,8,4,22,Anger,Disgust,False,False,False,,,1,0.06853135,0.004421016,0.96004486
1700568116382-2-8-4-23-2,1700568116382,2,8,4,23,Fear,Fear,True,True,True,1.0,1.0,0,0.2383274,0.5916052,0.5916052
1700568118260-2-8-4-24-3,1700568118260,2,8,4,24,Happiness,Happiness,False,True,True,5.0,5.0,1,0.086290546,0.9979528,0.9979528
1700568119916-2-8-4-25-2,1700568119916,2,8,4,25,Fear,Fear,False,True,True,5.0,5.0,1,0.20793952,0.58053553,0.58053553
1700568121727-2-8-4-26-1,1700568121727,2,8,4,26,Disgust,Disgust,False,True,True,15.0,15.0,1,0.081489615,0.9814944,0.9814944
1700577641790-2-10-1-1-5,1700577641790,2,10,1,1,Sadness,Sadness,True,True,True,1.0,1.0,0,0.6019131,0.9147184,0.9147184
1700577644246-2-10-1-2-3,1700577644246,2,10,1,2,Happiness,Happiness,True,True,True,1.0,1.0,0,0.51591045,0.9995561,0.9995561
1700577653948-2-10-1-6-3,1700577653948,2,10,1,6,Happiness,Happiness,True,True,True,1.0,1.0,0,0.2471212,0.99967384,0.99967384
1700577659103-2-10-1-8-3,1700577659103,2,10,1,8,Happiness,Happiness,False,True,True,4.0,4.0,1,0.19508378,0.9997017,0.9997017
1700577731858-2-10-2-0-4,1700577731858,2,10,2,0,Neutral,Neutral,True,True,True,1.0,1.0,0,0.23784773,0.9513548,0.9513548
1700577733309-2-10-2-1-1,1700577733309,2,10,2,1,Disgust,Happiness,False,False,False,,,1,0.097036816,0.29128996,0.31051305
1700577738960-2-10-2-3-2,1700577738960,2,10,2,3,Fear,Fear,False,True,True,12.0,28.0,3,0.150952,0.577566,0.577566
1700577740656-2-10-2-4-1,1700577740656,2,10,2,4,Disgust,Disgust,False,True,True,26.0,26.0,3,0.14042923,0.772126,0.772126
1700577744274-2-10-2-5-1,1700577744274,2,10,2,5,Disgust,Happiness,False,False,False,,,0,0.11402172,0.017706323,0.9372802
1700577751365-2-10-2-8-6,1700577751365,2,10,2,8,Surprise,Surprise,False,True,True,22.0,22.0,2,0.12787098,0.959971,0.959971
1700577753271-2-10-2-9-6,1700577753271,2,10,2,9,Surprise,Surprise,False,True,True,27.0,27.0,3,0.15171812,0.62160695,0.62160695
1700577756759-2-10-2-10-2,1700577756759,2,10,2,10,Fear,Fear,False,True,True,8.0,8.0,1,0.19626135,0.50418115,0.50418115
1700577759366-2-10-2-11-4,1700577759366,2,10,2,11,Neutral,Neutral,True,True,True,1.0,1.0,0,0.31776828,0.9847547,0.9847547
1700577839039-2-10-3-0-4,1700577839039,2,10,3,0,Neutral,Neutral,True,True,True,1.0,1.0,0,0.26891822,0.46827823,0.46827823
1700577841033-2-10-3-1-1,1700577841033,2,10,3,1,Disgust,Happiness,False,False,False,,,0,0.09500942,0.0003195838,0.99914825
1700577843732-2-10-3-2-0,1700577843732,2,10,3,2,Anger,Anger,False,True,True,8.0,8.0,1,0.09021483,0.8769112,0.8769112
1700577847201-2-10-3-4-3,1700577847201,2,10,3,4,Happiness,Happiness,False,True,True,16.0,16.0,1,0.09601287,0.99968255,0.99968255
1700577849695-2-10-3-5-2,1700577849695,2,10,3,5,Fear,Happiness,False,False,False,,,0,0.07159786,0.00930071,0.986571
1700577851526-2-10-3-6-5,1700577851526,2,10,3,6,Sadness,Sadness,False,True,True,22.0,22.0,2,0.056260172,0.9901877,0.9901877
1700577854173-2-10-3-7-5,1700577854173,2,10,3,7,Sadness,Sadness,False,True,True,18.0,18.0,1,0.2330092,0.9654214,0.9654214
1700577855799-2-10-3-8-0,1700577855799,2,10,3,8,Anger,Disgust,False,False,True,15.0,,2,0.03256263,0.019285865,0.976651
1700577857687-2-10-3-9-1,1700577857687,2,10,3,9,Disgust,Neutral,False,False,False,,,0,0.14596997,0.20948926,0.48980615
1700577863441-2-10-3-12-4,1700577863441,2,10,3,12,Neutral,Neutral,True,True,True,1.0,26.0,2,0.23367283,0.65675044,0.65675044
1700577867123-2-10-3-14-4,1700577867123,2,10,3,14,Neutral,Neutral,False,True,True,30.0,30.0,1,0.043009885,0.42793554,0.42793554
1700577870256-2-10-3-15-5,1700577870256,2,10,3,15,Sadness,Sadness,True,True,True,1.0,1.0,0,0.51354903,0.99663913,0.99663913
1700577877659-2-10-3-19-6,1700577877659,2,10,3,19,Surprise,Surprise,False,True,True,23.0,23.0,1,0.042241555,0.90371084,0.90371084
1700577880261-2-10-3-20-2,1700577880261,2,10,3,20,Fear,Fear,False,True,True,18.0,18.0,1,0.18371473,0.7136406,0.7136406
1700578007024-2-10-4-0-1,1700578007024,2,10,4,0,Disgust,Happiness,False,False,False,,,0,0.08986319,0.00036343496,0.9994049
1700578011711-2-10-4-3-6,1700578011711,2,10,4,3,Surprise,Surprise,False,True,True,16.0,16.0,2,0.118062854,0.6550827,0.6550827
1700578014206-2-10-4-4-4,1700578014206,2,10,4,4,Neutral,Neutral,True,True,True,1.0,1.0,0,0.30778253,0.98026526,0.98026526
1700578015880-2-10-4-5-4,1700578015880,2,10,4,5,Neutral,Neutral,True,True,True,1.0,1.0,0,0.2009954,0.98536867,0.98536867
1700578017539-2-10-4-6-3,1700578017539,2,10,4,6,Happiness,Happiness,False,True,True,11.0,11.0,1,0.1071238,0.9996916,0.9996916
1700578020748-2-10-4-8-5,1700578020748,2,10,4,8,Sadness,Sadness,False,True,True,22.0,22.0,2,0.091853626,0.9643623,0.9643623
1700578022517-2-10-4-9-2,1700578022517,2,10,4,9,Fear,Fear,False,True,True,24.0,24.0,1,0.19172198,0.9864688,0.9864688
1700578026276-2-10-4-11-3,1700578026276,2,10,4,11,Happiness,Happiness,False,True,True,13.0,13.0,2,0.10822648,0.9996551,0.9996551
1700578027679-2-10-4-12-1,1700578027679,2,10,4,12,Disgust,Disgust,False,True,True,29.0,29.0,3,0.11791808,0.58685124,0.58685124
1700578029507-2-10-4-13-3,1700578029507,2,10,4,13,Happiness,Happiness,True,True,True,1.0,1.0,0,0.54512787,0.9996227,0.9996227
1700578035450-2-10-4-16-2,1700578035450,2,10,4,16,Fear,Fear,False,True,True,5.0,5.0,1,0.18304798,0.8173689,0.8173689
1700578036809-2-10-4-17-5,1700578036809,2,10,4,17,Sadness,Sadness,False,True,True,27.0,27.0,3,0.09117581,0.84471595,0.84471595
1700578042343-2-10-4-20-5,1700578042343,2,10,4,20,Sadness,Sadness,False,True,True,12.0,12.0,1,0.09243274,0.9958931,0.9958931
1700578043747-2-10-4-21-6,1700578043747,2,10,4,21,Surprise,Surprise,False,True,True,29.0,29.0,3,0.15440065,0.57068884,0.57068884
1700578045766-2-10-4-22-0,1700578045766,2,10,4,22,Anger,Disgust,False,False,False,,,3,0.08403421,0.0027620248,0.5359659
1700578047686-2-10-4-23-2,1700578047686,2,10,4,23,Fear,Neutral,False,False,True,19.0,,2,0.1822318,0.13696288,0.8355273
1700578050680-2-10-4-25-2,1700578050680,2,10,4,25,Fear,Fear,False,True,True,26.0,26.0,1,0.09457725,0.67478085,0.67478085
1700578052853-2-10-4-26-1,1700578052853,2,10,4,26,Disgust,Disgust,False,True,True,25.0,25.0,3,0.12175573,0.55708444,0.55708444
1700578053937-2-10-4-27-6,1700578053937,2,10,4,27,Surprise,Surprise,False,True,True,21.0,21.0,4,0.082623735,0.9480452,0.9480452
1700583797412-2-13-1-0-0,1700583797412,2,13,1,0,Anger,Anger,False,True,True,9.0,9.0,1,0.09970466,0.60669893,0.60669893
1700583805997-2-13-1-3-0,1700583805997,2,13,1,3,Anger,Disgust,False,False,True,4.0,,5,0.13908894,0.3732185,0.6245264
1700583807891-2-13-1-4-0,1700583807891,2,13,1,4,Anger,Anger,False,True,True,21.0,21.0,2,0.15063392,0.7413335,0.7413335
1700583813812-2-13-1-6-3,1700583813812,2,13,1,6,Happiness,Happiness,True,True,True,1.0,1.0,0,0.869494,0.99963117,0.99963117
1700583815717-2-13-1-7-5,1700583815717,2,13,1,7,Sadness,Sadness,False,True,True,8.0,8.0,4,0.107772894,0.8731429,0.8731429
1700583883653-2-13-2-0-4,1700583883653,2,13,2,0,Neutral,Neutral,True,True,True,1.0,1.0,0,0.3346537,0.9905095,0.9905095
1700583887578-2-13-2-2-6,1700583887578,2,13,2,2,Surprise,Surprise,False,True,True,19.0,19.0,2,0.11294548,0.7570636,0.7570636
1700583891213-2-13-2-3-2,1700583891213,2,13,2,3,Fear,Fear,False,True,True,3.0,19.0,3,0.21833248,0.82880753,0.82880753
1700583893370-2-13-2-4-1,1700583893370,2,13,2,4,Disgust,Disgust,False,True,True,29.0,29.0,2,0.0862005,0.5289,0.5289
1700583897868-2-13-2-6-2,1700583897868,2,13,2,6,Fear,Fear,False,True,True,28.0,28.0,1,0.16476785,0.47643292,0.47643292
1700583903979-2-13-2-8-6,1700583903979,2,13,2,8,Surprise,Surprise,False,True,True,6.0,6.0,1,0.32631093,0.9596892,0.9596892
1700583910942-2-13-2-11-4,1700583910942,2,13,2,11,Neutral,Neutral,False,True,True,5.0,18.0,3,0.120142974,0.92493314,0.92493314
1700583999169-2-13-3-0-4,1700583999169,2,13,3,0,Neutral,Neutral,True,True,True,1.0,1.0,0,0.2818879,0.9911572,0.9911572
1700584001197-2-13-3-1-1,1700584001197,2,13,3,1,Disgust,Anger,False,False,False,,,1,0.090573125,0.32281455,0.5308867
1700584007863-2-13-3-4-3,1700584007863,2,13,3,4,Happiness,Happiness,True,True,True,1.0,1.0,0,0.31961545,0.99967813,0.99967813
1700584009992-2-13-3-5-2,1700584009992,2,13,3,5,Fear,Fear,False,True,True,15.0,15.0,1,0.17473464,0.742917,0.742917
1700584012456-2-13-3-6-5,1700584012456,2,13,3,6,Sadness,Sadness,False,True,True,14.0,14.0,1,0.102976315,0.99601644,0.99601644
1700584020161-2-13-3-10-0,1700584020161,2,13,3,10,Anger,Anger,False,True,True,15.0,15.0,1,0.021134341,0.8089002,0.8089002
1700584022622-2-13-3-11-3,1700584022622,2,13,3,11,Happiness,Happiness,True,True,True,1.0,1.0,0,0.47719103,0.99933845,0.99933845
1700584023624-2-13-3-12-4,1700584023624,2,13,3,12,Neutral,Neutral,False,True,True,23.0,23.0,1,0.00970817,0.98391736,0.98391736
1700584025989-2-13-3-13-6,1700584025989,2,13,3,13,Surprise,Surprise,False,True,True,16.0,16.0,1,0.16813105,0.66294473,0.66294473
1700584027538-2-13-3-14-4,1700584027538,2,13,3,14,Neutral,Neutral,False,True,True,10.0,10.0,1,0.10210133,0.97706443,0.97706443
1700584030294-2-13-3-15-5,1700584030294,2,13,3,15,Sadness,Sadness,True,True,True,1.0,1.0,0,0.5360045,0.99894744,0.99894744
1700584032421-2-13-3-16-2,1700584032421,2,13,3,16,Fear,Fear,False,True,True,9.0,9.0,2,0.18241516,0.77548313,0.77548313
1700584034051-2-13-3-17-3,1700584034051,2,13,3,17,Happiness,Happiness,False,True,True,15.0,15.0,2,0.11557686,0.9996556,0.9996556
1700584035954-2-13-3-18-1,1700584035954,2,13,3,18,Disgust,Disgust,False,True,True,24.0,24.0,4,0.10845501,0.7288375,0.7288375
1700584037726-2-13-3-19-6,1700584037726,2,13,3,19,Surprise,Surprise,False,True,True,25.0,25.0,2,0.11416653,0.68955815,0.68955815
1700584201525-2-13-4-0-1,1700584201525,2,13,4,0,Disgust,Disgust,True,True,True,1.0,1.0,0,0.55368555,0.6881033,0.6881033
1700584204317-2-13-4-1-5,1700584204317,2,13,4,1,Sadness,Sadness,True,True,True,1.0,1.0,0,0.560387,0.996834,0.996834
1700584206113-2-13-4-2-4,1700584206113,2,13,4,2,Neutral,Neutral,True,True,True,1.0,1.0,0,0.34371623,0.99034685,0.99034685
1700584207271-2-13-4-3-6,1700584207271,2,13,4,3,Surprise,Surprise,False,True,True,19.0,19.0,2,0.121665835,0.7291202,0.7291202
1700584212931-2-13-4-6-3,1700584212931,2,13,4,6,Happiness,Happiness,False,True,True,7.0,7.0,1,0.09061763,0.999426,0.999426
1700584214184-2-13-4-7-0,1700584214184,2,13,4,7,Anger,Disgust,False,False,True,23.0,,3,0.09624615,0.049559094,0.94872594
1700584216493-2-13-4-8-5,1700584216493,2,13,4,8,Sadness,Sadness,False,True,True,20.0,20.0,2,0.09557228,0.99090755,0.99090755
1700584217663-2-13-4-9-2,1700584217663,2,13,4,9,Fear,Fear,False,True,True,24.0,24.0,2,0.03290972,0.84884953,0.84884953
1700584219640-2-13-4-10-0,1700584219640,2,13,4,10,Anger,Anger,False,True,True,21.0,21.0,2,0.0863075,0.8612404,0.8612404
1700584221354-2-13-4-11-3,1700584221354,2,13,4,11,Happiness,Happiness,True,True,True,1.0,1.0,0,0.3113561,0.99961543,0.99961543
1700584223413-2-13-4-12-1,1700584223413,2,13,4,12,Disgust,Disgust,False,True,True,2.0,2.0,1,0.12722373,0.82451075,0.82451075
1700584232123-2-13-4-17-5,1700584232123,2,13,4,17,Sadness,Sadness,False,True,True,22.0,22.0,2,0.0046954504,0.8956554,0.8956554
1700584234061-2-13-4-18-4,1700584234061,2,13,4,18,Neutral,Neutral,False,True,True,4.0,4.0,1,0.11777262,0.98855454,0.98855454
1700584237227-2-13-4-20-5,1700584237227,2,13,4,20,Sadness,Sadness,False,True,True,21.0,21.0,2,0.105827525,0.9951395,0.9951395
1700584238451-2-13-4-21-6,1700584238451,2,13,4,21,Surprise,Surprise,False,True,True,20.0,24.0,3,0.17938416,0.612991,0.612991
1700584240494-2-13-4-22-0,1700584240494,2,13,4,22,Anger,Anger,False,True,True,25.0,25.0,1,0.09365379,0.7437483,0.7437483
1700584242638-2-13-4-23-2,1700584242638,2,13,4,23,Fear,Fear,True,True,True,1.0,1.0,0,0.24898407,0.8262652,0.8262652
1700584244435-2-13-4-24-3,1700584244435,2,13,4,24,Happiness,Happiness,False,True,True,4.0,4.0,1,0.15565112,0.99953794,0.99953794
1700584249628-2-13-4-27-6,1700584249628,2,13,4,27,Surprise,Surprise,False,True,True,23.0,23.0,1,0.11577423,0.7272692,0.7272692
1700747144334-2-15-1-0-0,1700747144334,2,15,1,0,Anger,Disgust,False,False,True,20.0,,2,0.092784256,0.34087974,0.65795547
1700747147435-2-15-1-1-5,1700747147435,2,15,1,1,Sadness,Sadness,True,True,True,1.0,1.0,0,0.40987238,0.9981604,0.9981604
1700747149418-2-15-1-2-3,1700747149418,2,15,1,2,Happiness,Happiness,False,True,True,13.0,13.0,1,0.113558166,0.99915385,0.99915385
1700747151558-2-15-1-3-0,1700747151558,2,15,1,3,Anger,Anger,False,True,True,29.0,29.0,1,0.07684052,0.6722059,0.6722059
1700747153913-2-15-1-4-0,1700747153913,2,15,1,4,Anger,Disgust,False,False,True,28.0,,2,0.08348148,0.4185694,0.57919866
1700747157106-2-15-1-5-5,1700747157106,2,15,1,5,Sadness,Sadness,False,True,True,9.0,9.0,1,0.09399675,0.998086,0.998086
1700747159259-2-15-1-6-3,1700747159259,2,15,1,6,Happiness,Happiness,False,True,True,22.0,22.0,1,0.14492488,0.99804366,0.99804366
1700747164257-2-15-1-8-3,1700747164257,2,15,1,8,Happiness,Happiness,True,True,True,1.0,19.0,2,0.21533656,0.9991209,0.9991209
1700747228293-2-15-2-0-4,1700747228293,2,15,2,0,Neutral,Neutral,True,True,True,1.0,1.0,0,0.32413882,0.98743975,0.98743975
1700747230387-2-15-2-1-1,1700747230387,2,15,2,1,Disgust,Happiness,False,False,False,,,1,0.08815411,0.0030196188,0.9955686
1700747233836-2-15-2-2-6,1700747233836,2,15,2,2,Surprise,Disgust,False,False,False,,,1,0.061080612,0.07307208,0.47612032
1700747235785-2-15-2-3-2,1700747235785,2,15,2,3,Fear,Surprise,False,False,True,27.0,,2,0.10295679,0.38513592,0.58299494
1700747237919-2-15-2-4-1,1700747237919,2,15,2,4,Disgust,Disgust,False,True,True,28.0,28.0,1,0.0875019,0.74999636,0.74999636
1700747240521-2-15-2-5-1,1700747240521,2,15,2,5,Disgust,Happiness,False,False,False,,,1,0.18669726,0.010601843,0.9793187
1700747244029-2-15-2-6-2,1700747244029,2,15,2,6,Fear,Disgust,False,False,False,,,2,0.17104189,0.004419818,0.85917497
1700747244934-2-15-2-7-4,1700747244934,2,15,2,7,Neutral,Neutral,True,True,True,1.0,17.0,2,0.23353429,0.98639005,0.98639005
1700747248666-2-15-2-8-6,1700747248666,2,15,2,8,Surprise,Surprise,False,True,True,2.0,2.0,1,0.17735799,0.95531887,0.95531887
1700747250542-2-15-2-9-6,1700747250542,2,15,2,9,Surprise,Surprise,False,True,True,29.0,29.0,2,0.07434412,0.50203395,0.50203395
1700747253760-2-15-2-10-2,1700747253760,2,15,2,10,Fear,Disgust,False,False,False,,,1,0.13504723,0.058194056,0.5653209
1700747345899-2-15-3-0-4,1700747345899,2,15,3,0,Neutral,Neutral,True,True,True,1.0,1.0,0,0.3359578,0.98790425,0.98790425
1700747349332-2-15-3-1-1,1700747349332,2,15,3,1,Disgust,Happiness,False,False,False,,,0,0.07180191,0.00068412605,0.99851185
1700747349900-2-15-3-2-0,1700747349900,2,15,3,2,Anger,Disgust,False,False,False,,,0,0.14522293,0.12506634,0.8745672
1700747352492-2-15-3-3-6,1700747352492,2,15,3,3,Surprise,Surprise,False,True,True,11.0,11.0,1,0.13436371,0.99351776,0.99351776
1700747359928-2-15-3-7-5,1700747359928,2,15,3,7,Sadness,Sadness,False,True,True,17.0,17.0,4,0.09809893,0.9981839,0.9981839
1700747368098-2-15-3-11-3,1700747368098,2,15,3,11,Happiness,Happiness,False,True,True,15.0,15.0,2,0.21386713,0.998406,0.998406
1700747372332-2-15-3-13-6,1700747372332,2,15,3,13,Surprise,Surprise,False,True,True,16.0,16.0,1,0.11207251,0.7287243,0.7287243
1700747374991-2-15-3-14-4,1700747374991,2,15,3,14,Neutral,Neutral,True,True,True,1.0,1.0,0,0.31384733,0.9412925,0.9412925
1700747376723-2-15-3-15-5,1700747376723,2,15,3,15,Sadness,Sadness,True,True,True,1.0,1.0,0,0.4573031,0.99787474,0.99787474
1700747378458-2-15-3-16-2,1700747378458,2,15,3,16,Fear,Neutral,True,False,True,1.0,,3,0.1781023,0.05017338,0.9427668
1700747380059-2-15-3-17-3,1700747380059,2,15,3,17,Happiness,Happiness,False,True,True,12.0,12.0,1,0.08724812,0.99950707,0.99950707
1700747382885-2-15-3-18-1,1700747382885,2,15,3,18,Disgust,Happiness,False,False,False,,,0,0.055525806,0.00013823126,0.9997291
1700747384624-2-15-3-19-6,1700747384624,2,15,3,19,Surprise,Fear,True,False,True,1.0,,1,0.3929346,0.10810901,0.88012606
1700747386351-2-15-3-20-2,1700747386351,2,15,3,20,Fear,Neutral,True,False,True,1.0,,1,0.29932818,0.027657118,0.9676
1700747514980-2-15-4-1-5,1700747514980,2,15,4,1,Sadness,Sadness,False,True,True,13.0,13.0,2,0.007231151,0.99636406,0.99636406
1700747516587-2-15-4-2-4,1700747516587,2,15,4,2,Neutral,Neutral,True,True,True,1.0,1.0,0,0.17805332,0.9876702,0.9876702
1700747522488-2-15-4-5-4,1700747522488,2,15,4,5,Neutral,Neutral,True,True,True,1.0,1.0,0,0.31453174,0.97822684,0.97822684
1700747523299-2-15-4-6-3,1700747523299,2,15,4,6,Happiness,Happiness,True,True,True,1.0,1.0,0,0.8709926,0.99974424,0.99974424
1700747526081-2-15-4-7-0,1700747526081,2,15,4,7,Anger,Anger,False,True,True,16.0,16.0,1,0.16683085,0.75260407,0.75260407
1700747527030-2-15-4-8-5,1700747527030,2,15,4,8,Sadness,Sadness,False,True,True,2.0,2.0,1,0.10377387,0.9973616,0.9973616
1700747528937-2-15-4-9-2,1700747528937,2,15,4,9,Fear,Neutral,False,False,False,,,0,0.21326153,0.010339363,0.96423376
1700747534547-2-15-4-12-1,1700747534547,2,15,4,12,Disgust,Happiness,False,False,False,,,0,0.25281748,0.014388951,0.97977316
1700747535828-2-15-4-13-3,1700747535828,2,15,4,13,Happiness,Happiness,True,True,True,1.0,1.0,0,0.6389946,0.9921748,0.9921748
1700747538056-2-15-4-14-0,1700747538056,2,15,4,14,Anger,Disgust,False,False,True,4.0,,2,0.13877,0.34757626,0.65155727
1700747543178-2-15-4-17-5,1700747543178,2,15,4,17,Sadness,Sadness,False,True,True,5.0,5.0,1,0.11475793,0.9967679,0.9967679
1700747545324-2-15-4-18-4,1700747545324,2,15,4,18,Neutral,Neutral,True,True,True,1.0,1.0,0,0.27878696,0.9813654,0.9813654
1700747550545-2-15-4-21-6,1700747550545,2,15,4,21,Surprise,Surprise,False,True,True,5.0,5.0,2,0.11336753,0.95908606,0.95908606
1700747556782-2-15-4-25-2,1700747556782,2,15,4,25,Fear,Neutral,False,False,True,4.0,,2,0.17581157,0.011049817,0.98271376
1700747558772-2-15-4-26-1,1700747558772,2,15,4,26,Disgust,Disgust,False,True,True,21.0,21.0,3,0.08565448,0.993361,0.993361
1700756274306-2-18-1-0-0,1700756274306,2,18,1,0,Anger,Anger,True,True,True,1.0,1.0,0,0.58465207,0.9092298,0.9092298
1700756276004-2-18-1-1-5,1700756276004,2,18,1,1,Sadness,Sadness,False,True,True,18.0,18.0,2,0.1050101,0.99857914,0.99857914
1700756278030-2-18-1-2-3,1700756278030,2,18,1,2,Happiness,Happiness,False,True,True,16.0,16.0,1,0.07907378,0.9992322,0.9992322
1700756280474-2-18-1-3-0,1700756280474,2,18,1,3,Anger,Anger,True,True,True,1.0,1.0,0,0.41983512,0.9791245,0.9791245
1700756283788-2-18-1-4-0,1700756283788,2,18,1,4,Anger,Anger,False,True,True,3.0,3.0,1,0.14757335,0.94811356,0.94811356
1700756285404-2-18-1-5-5,1700756285404,2,18,1,5,Sadness,Sadness,False,True,True,11.0,11.0,1,0.10319885,0.9982243,0.9982243
1700756292963-2-18-1-8-3,1700756292963,2,18,1,8,Happiness,Happiness,False,True,True,16.0,16.0,1,0.08565208,0.99965215,0.99965215
1700756363513-2-18-2-1-1,1700756363513,2,18,2,1,Disgust,Disgust,False,True,True,25.0,25.0,1,0.23028539,0.7189578,0.7189578
1700756365257-2-18-2-2-6,1700756365257,2,18,2,2,Surprise,Surprise,False,True,True,10.0,10.0,2,0.121333785,0.965661,0.965661
1700756370115-2-18-2-4-1,1700756370115,2,18,2,4,Disgust,Disgust,False,True,True,21.0,21.0,2,0.18393016,0.9915439,0.9915439
1700756373040-2-18-2-5-1,1700756373040,2,18,2,5,Disgust,Disgust,False,True,True,8.0,8.0,1,0.11319939,0.8265476,0.8265476
1700756380628-2-18-2-8-6,1700756380628,2,18,2,8,Surprise,Surprise,False,True,True,15.0,15.0,2,0.12410246,0.68898404,0.68898404
1700756382762-2-18-2-9-6,1700756382762,2,18,2,9,Surprise,Surprise,False,True,True,23.0,23.0,2,0.120862424,0.8288165,0.8288165
1700756481968-2-18-3-0-4,1700756481968,2,18,3,0,Neutral,Neutral,True,True,True,1.0,1.0,0,0.3383165,0.9843045,0.9843045
1700756486528-2-18-3-2-0,1700756486528,2,18,3,2,Anger,Anger,False,True,True,11.0,11.0,3,0.09641824,0.97824836,0.97824836
1700756490593-2-18-3-4-3,1700756490593,2,18,3,4,Happiness,Happiness,False,True,True,6.0,6.0,1,0.09004335,0.99965525,0.99965525
1700756494467-2-18-3-6-5,1700756494467,2,18,3,6,Sadness,Sadness,False,True,True,5.0,5.0,1,0.10358476,0.7231868,0.7231868
1700756499157-2-18-3-8-0,1700756499157,2,18,3,8,Anger,Anger,True,True,True,1.0,1.0,0,0.7025832,0.83712304,0.83712304
1700756505088-2-18-3-11-3,1700756505088,2,18,3,11,Happiness,Happiness,True,True,True,1.0,1.0,0,0.8847017,0.9994161,0.9994161
1700756506384-2-18-3-12-4,1700756506384,2,18,3,12,Neutral,Neutral,True,True,True,1.0,1.0,0,0.34429678,0.9876875,0.9876875
1700756508190-2-18-3-13-6,1700756508190,2,18,3,13,Surprise,Surprise,False,True,True,10.0,10.0,2,0.12040477,0.8755778,0.8755778
1700756511419-2-18-3-14-4,1700756511419,2,18,3,14,Neutral,Neutral,True,True,True,1.0,1.0,0,0.3428001,0.97617996,0.97617996
1700756512745-2-18-3-15-5,1700756512745,2,18,3,15,Sadness,Sadness,False,True,True,3.0,3.0,1,0.3729052,0.96431863,0.96431863
1700756516990-2-18-3-17-3,1700756516990,2,18,3,17,Happiness,Happiness,False,True,True,10.0,10.0,1,0.08901686,0.99971014,0.99971014
1700756520318-2-18-3-19-6,1700756520318,2,18,3,19,Surprise,Surprise,False,True,True,6.0,6.0,2,0.12227515,0.83682287,0.83682287
1700756706103-2-18-4-1-5,1700756706103,2,18,4,1,Sadness,Sadness,True,True,True,1.0,19.0,2,0.5436409,0.9867405,0.9867405
1700756707997-2-18-4-2-4,1700756707997,2,18,4,2,Neutral,Neutral,True,True,True,1.0,1.0,0,0.32475966,0.99320716,0.99320716
1700756711213-2-18-4-4-4,1700756711213,2,18,4,4,Neutral,Neutral,True,True,True,1.0,1.0,0,0.33051813,0.9889625,0.9889625
1700756713736-2-18-4-5-4,1700756713736,2,18,4,5,Neutral,Neutral,True,True,True,1.0,1.0,0,0.3423427,0.9927583,0.9927583
1700756716598-2-18-4-7-0,1700756716598,2,18,4,7,Anger,Anger,False,True,True,8.0,8.0,1,0.08255285,0.9808966,0.9808966
1700756719177-2-18-4-8-5,1700756719177,2,18,4,8,Sadness,Sadness,True,True,True,1.0,1.0,0,0.5422993,0.99625105,0.99625105
1700756720027-2-18-4-9-2,1700756720027,2,18,4,9,Fear,Fear,False,True,True,16.0,20.0,4,0.041229874,0.76705146,0.76705146
1700756722474-2-18-4-10-0,1700756722474,2,18,4,10,Anger,Anger,True,True,True,1.0,1.0,0,0.67613816,0.9829707,0.9829707
1700756725541-2-18-4-12-1,1700756725541,2,18,4,12,Disgust,Disgust,False,True,True,14.0,14.0,2,0.09025777,0.9647777,0.9647777
1700756727000-2-18-4-13-3,1700756727000,2,18,4,13,Happiness,Happiness,False,True,True,2.0,2.0,1,0.15048566,0.9996958,0.9996958
1700756728630-2-18-4-14-0,1700756728630,2,18,4,14,Anger,Anger,True,True,True,1.0,1.0,0,0.633408,0.9745213,0.9745213
1700756730921-2-18-4-15-1,1700756730921,2,18,4,15,Disgust,Sadness,False,False,False,,,1,0.08457276,0.4146921,0.42430264
1700756736108-2-18-4-18-4,1700756736108,2,18,4,18,Neutral,Neutral,True,True,True,1.0,1.0,0,0.3529345,0.9920787,0.9920787
1700756739446-2-18-4-20-5,1700756739446,2,18,4,20,Sadness,Sadness,False,True,True,5.0,5.0,1,0.10027551,0.9912014,0.9912014
1700756740978-2-18-4-21-6,1700756740978,2,18,4,21,Surprise,Surprise,True,True,True,1.0,1.0,0,0.4116986,0.7478415,0.7478415
1700756743678-2-18-4-22-0,1700756743678,2,18,4,22,Anger,Anger,True,True,True,1.0,1.0,0,0.58736026,0.9415258,0.9415258
1700756746478-2-18-4-24-3,1700756746478,2,18,4,24,Happiness,Happiness,False,True,True,5.0,5.0,1,0.08673005,0.9996859,0.9996859
1700756752506-2-18-4-27-6,1700756752506,2,18,4,27,Surprise,Surprise,False,True,True,19.0,19.0,3,0.13128239,0.88508713,0.88508713
1701085397170-2-23-1-1-5,1701085397170,2,23,1,1,Sadness,Sadness,True,True,True,1.0,1.0,0,0.6138119,0.98163795,0.98163795
1701085399209-2-23-1-2-3,1701085399209,2,23,1,2,Happiness,Happiness,True,True,True,1.0,1.0,0,0.42936763,0.99968004,0.99968004
1701085406198-2-23-1-5-5,1701085406198,2,23,1,5,Sadness,Sadness,False,True,True,22.0,22.0,2,0.12645496,0.9877314,0.9877314
1701085409026-2-23-1-6-3,1701085409026,2,23,1,6,Happiness,Happiness,True,True,True,1.0,1.0,0,0.44148746,0.9996357,0.9996357
1701085411341-2-23-1-7-5,1701085411341,2,23,1,7,Sadness,Sadness,False,True,True,29.0,29.0,2,0.09652285,0.87351525,0.87351525
1701085482708-2-23-2-0-4,1701085482708,2,23,2,0,Neutral,Neutral,True,True,True,1.0,1.0,0,0.32439825,0.95586675,0.95586675
1701085488586-2-23-2-2-6,1701085488586,2,23,2,2,Surprise,Surprise,False,True,True,10.0,10.0,1,0.36659053,0.6857311,0.6857311
1701085490489-2-23-2-3-2,1701085490489,2,23,2,3,Fear,Happiness,False,False,False,,,1,0.17868096,0.010672251,0.9696685
1701085495679-2-23-2-5-1,1701085495679,2,23,2,5,Disgust,Anger,False,False,False,,,1,0.08378496,0.010937342,0.98647296
1701085500311-2-23-2-7-4,1701085500311,2,23,2,7,Neutral,Neutral,False,True,True,24.0,24.0,2,0.061548017,0.9067934,0.9067934
1701085503372-2-23-2-8-6,1701085503372,2,23,2,8,Surprise,Surprise,False,True,True,26.0,26.0,2,0.13817768,0.69489074,0.69489074
1701085508188-2-23-2-10-2,1701085508188,2,23,2,10,Fear,Happiness,False,False,False,,,0,0.08749111,0.16486105,0.6549921
1701085510979-2-23-2-11-4,1701085510979,2,23,2,11,Neutral,Neutral,False,True,True,20.0,20.0,2,0.16674696,0.8890241,0.8890241
1701085605407-2-23-3-1-1,1701085605407,2,23,3,1,Disgust,Disgust,False,True,True,22.0,22.0,2,0.10569809,0.7211462,0.7211462
1701085606801-2-23-3-2-0,1701085606801,2,23,3,2,Anger,Anger,False,True,True,19.0,19.0,2,0.23086452,0.97601706,0.97601706
1701085609204-2-23-3-3-6,1701085609204,2,23,3,3,Surprise,Surprise,False,True,True,18.0,18.0,4,0.0625726,0.87889045,0.87889045
1701085611540-2-23-3-4-3,1701085611540,2,23,3,4,Happiness,Happiness,True,True,True,1.0,1.0,0,0.8183566,0.9988433,0.9988433
1701085612711-2-23-3-5-2,1701085612711,2,23,3,5,Fear,Surprise,False,False,False,,,1,0.059911173,0.42012843,0.5399806
1701085617891-2-23-3-7-5,1701085617891,2,23,3,7,Sadness,Sadness,True,True,True,1.0,1.0,0,0.55499303,0.90965396,0.90965396
1701085619479-2-23-3-8-0,1701085619479,2,23,3,8,Anger,Anger,False,True,True,16.0,16.0,1,0.114532955,0.6173828,0.6173828
1701085621175-2-23-3-9-1,1701085621175,2,23,3,9,Disgust,Disgust,False,True,True,23.0,23.0,1,0.053851686,0.98711747,0.98711747
1701085622872-2-23-3-10-0,1701085622872,2,23,3,10,Anger,Anger,False,True,True,19.0,19.0,1,0.08402329,0.98402643,0.98402643
1701085625896-2-23-3-11-3,1701085625896,2,23,3,11,Happiness,Happiness,True,True,True,1.0,1.0,0,0.8863986,0.99955577,0.99955577
1701085629667-2-23-3-13-6,1701085629667,2,23,3,13,Surprise,Surprise,False,True,True,9.0,9.0,4,0.13466896,0.87643075,0.87643075
1701085630752-2-23-3-14-4,1701085630752,2,23,3,14,Neutral,Neutral,True,True,True,1.0,19.0,2,0.20736572,0.95973575,0.95973575
1701085633973-2-23-3-15-5,1701085633973,2,23,3,15,Sadness,Sadness,True,True,True,1.0,1.0,0,0.56615204,0.905588,0.905588
1701085635772-2-23-3-16-2,1701085635772,2,23,3,16,Fear,Happiness,False,False,False,,,0,0.113869324,0.0359016,0.8899158
1701085639668-2-23-3-18-1,1701085639668,2,23,3,18,Disgust,Disgust,False,True,True,3.0,3.0,2,0.14722702,0.9881991,0.9881991
1701085643199-2-23-3-20-2,1701085643199,2,23,3,20,Fear,Neutral,False,False,False,,,1,0.11743582,0.3379584,0.44916368
1701085783312-2-23-4-0-1,1701085783312,2,23,4,0,Disgust,Disgust,False,True,True,4.0,4.0,2,0.1294754,0.99181795,0.99181795
1701085784771-2-23-4-1-5,1701085784771,2,23,4,1,Sadness,Sadness,False,True,True,12.0,12.0,3,0.08810688,0.99389535,0.99389535
1701085786811-2-23-4-2-4,1701085786811,2,23,4,2,Neutral,Neutral,False,True,True,14.0,14.0,1,0.052308552,0.96159506,0.96159506
1701085788374-2-23-4-3-6,1701085788374,2,23,4,3,Surprise,Surprise,False,True,True,26.0,26.0,4,0.12898068,0.5866707,0.5866707
1701085789639-2-23-4-4-4,1701085789639,2,23,4,4,Neutral,Neutral,True,True,True,1.0,1.0,0,0.2832912,0.9809926,0.9809926
1701085791397-2-23-4-5-4,1701085791397,2,23,4,5,Neutral,Neutral,True,True,True,1.0,1.0,0,0.33031347,0.9795857,0.9795857
1701085793939-2-23-4-6-3,1701085793939,2,23,4,6,Happiness,Happiness,True,True,True,1.0,1.0,0,0.24383245,0.9990808,0.9990808
1701085795548-2-23-4-7-0,1701085795548,2,23,4,7,Anger,Anger,True,True,True,1.0,1.0,0,0.2724143,0.46412057,0.46412057
1701085796688-2-23-4-8-5,1701085796688,2,23,4,8,Sadness,Sadness,False,True,True,8.0,8.0,2,0.10719016,0.9888975,0.9888975
1701085798672-2-23-4-9-2,1701085798672,2,23,4,9,Fear,Surprise,False,False,True,25.0,,3,0.021032615,0.23930472,0.62521017
1701085800908-2-23-4-10-0,1701085800908,2,23,4,10,Anger,Anger,False,True,True,14.0,14.0,1,0.08521091,0.92866,0.92866
1701085802372-2-23-4-11-3,1701085802372,2,23,4,11,Happiness,Happiness,False,True,True,7.0,7.0,1,0.1522914,0.99969256,0.99969256
1701085804610-2-23-4-12-1,1701085804610,2,23,4,12,Disgust,Disgust,False,True,True,6.0,6.0,1,0.16717787,0.9942983,0.9942983
1701085805933-2-23-4-13-3,1701085805933,2,23,4,13,Happiness,Happiness,True,True,True,1.0,1.0,0,0.5364157,0.9996873,0.9996873
1701085807269-2-23-4-14-0,1701085807269,2,23,4,14,Anger,Anger,False,True,True,13.0,13.0,3,0.10566547,0.9578769,0.9578769
1701085809428-2-23-4-15-1,1701085809428,2,23,4,15,Disgust,Disgust,False,True,True,23.0,23.0,1,0.10571863,0.97713727,0.97713727
1701085810970-2-23-4-16-2,1701085810970,2,23,4,16,Fear,Surprise,False,False,False,,,1,0.121823065,0.36014023,0.63790834
1701085812843-2-23-4-17-5,1701085812843,2,23,4,17,Sadness,Sadness,False,True,True,25.0,25.0,3,0.045070466,0.97522527,0.97522527
1701085820057-2-23-4-21-6,1701085820057,2,23,4,21,Surprise,Surprise,False,True,True,19.0,19.0,2,0.12188995,0.86889035,0.86889035
1701085821482-2-23-4-22-0,1701085821482,2,23,4,22,Anger,Anger,False,True,True,19.0,19.0,2,0.12059775,0.9697147,0.9697147
1701085823245-2-23-4-23-2,1701085823245,2,23,4,23,Fear,Surprise,False,False,True,21.0,,4,0.10192839,0.38436714,0.61444396
1701085827129-2-23-4-25-2,1701085827129,2,23,4,25,Fear,Surprise,False,False,True,16.0,,2,0.15371618,0.26091927,0.73799133
1701085829241-2-23-4-26-1,1701085829241,2,23,4,26,Disgust,Fear,False,False,False,,,1,0.10089982,0.22735213,0.4856856
1701085830697-2-23-4-27-6,1701085830697,2,23,4,27,Surprise,Surprise,False,True,True,13.0,13.0,1,0.036208127,0.93046963,0.93046963
1701094438118-2-27-1-0-0,1701094438118,2,27,1,0,Anger,Disgust,False,False,False,,,2,0.1004663,0.04201074,0.95760006
1701094443379-2-27-1-2-3,1701094443379,2,27,1,2,Happiness,Happiness,False,True,True,6.0,6.0,1,0.10837902,0.99978334,0.99978334
1701094445452-2-27-1-3-0,1701094445452,2,27,1,3,Anger,Disgust,False,False,False,,,1,0.09891726,0.04540559,0.9542787
1701094448444-2-27-1-4-0,1701094448444,2,27,1,4,Anger,Disgust,False,False,False,,,2,0.09108228,0.025954187,0.97376955
1701094450282-2-27-1-5-5,1701094450282,2,27,1,5,Sadness,Sadness,False,True,True,24.0,24.0,2,0.045077987,0.94713575,0.94713575
1701094455829-2-27-1-7-5,1701094455829,2,27,1,7,Sadness,Sadness,True,True,True,1.0,1.0,0,0.5990013,0.8853276,0.8853276
1701094458007-2-27-1-8-3,1701094458007,2,27,1,8,Happiness,Happiness,True,True,True,1.0,1.0,0,0.90294534,0.9997688,0.9997688
1701094536373-2-27-2-2-6,1701094536373,2,27,2,2,Surprise,Surprise,True,True,True,1.0,1.0,0,0.54555005,0.8438147,0.8438147
1701094539306-2-27-2-3-2,1701094539306,2,27,2,3,Fear,Fear,False,True,True,21.0,21.0,2,0.028774187,0.4958207,0.4958207
1701094549501-2-27-2-7-4,1701094549501,2,27,2,7,Neutral,Neutral,False,True,True,5.0,5.0,1,0.09624461,0.9665689,0.9665689
1701094559720-2-27-2-11-4,1701094559720,2,27,2,11,Neutral,Disgust,False,False,True,3.0,,2,0.19196066,0.23139961,0.464712
1701094652485-2-27-3-0-4,1701094652485,2,27,3,0,Neutral,Neutral,True,True,True,1.0,1.0,0,0.26750293,0.7800509,0.7800509
1701094656847-2-27-3-2-0,1701094656847,2,27,3,2,Anger,Disgust,False,False,False,,,0,0.16632053,0.010117397,0.9893882
1701094657984-2-27-3-3-6,1701094657984,2,27,3,3,Surprise,Surprise,False,True,True,17.0,17.0,3,0.09798848,0.9521231,0.9521231
1701094661584-2-27-3-5-2,1701094661584,2,27,3,5,Fear,Fear,False,True,True,6.0,6.0,1,0.25388953,0.6373459,0.6373459
1701094664518-2-27-3-6-5,1701094664518,2,27,3,6,Sadness,Sadness,False,True,True,6.0,9.0,4,0.078809656,0.8119592,0.8119592
1701094668813-2-27-3-8-0,1701094668813,2,27,3,8,Anger,Disgust,False,False,False,,,0,0.1471196,0.024392242,0.9752315
1701094669809-2-27-3-9-1,1701094669809,2,27,3,9,Disgust,Happiness,True,False,True,1.0,,3,0.49746472,0.2489588,0.7424563
1701094672347-2-27-3-10-0,1701094672347,2,27,3,10,Anger,Disgust,False,False,False,,,1,0.089158565,0.030706348,0.9688533
1701094679684-2-27-3-14-4,1701094679684,2,27,3,14,Neutral,Neutral,True,True,True,1.0,1.0,0,0.20235169,0.9759276,0.9759276
1701094684847-2-27-3-16-2,1701094684847,2,27,3,16,Fear,Disgust,False,False,True,20.0,,2,0.22909921,0.103997774,0.5417816
1701094686349-2-27-3-17-3,1701094686349,2,27,3,17,Happiness,Happiness,False,True,True,15.0,15.0,1,0.16447058,0.99976784,0.99976784
1701094688507-2-27-3-18-1,1701094688507,2,27,3,18,Disgust,Disgust,True,True,True,1.0,1.0,0,0.79887146,0.86618924,0.86618924
1701094689680-2-27-3-19-6,1701094689680,2,27,3,19,Surprise,Surprise,False,True,True,3.0,8.0,3,0.14632429,0.9667572,0.9667572
1701094692584-2-27-3-20-2,1701094692584,2,27,3,20,Fear,Surprise,True,False,True,1.0,,1,0.40309107,0.2866277,0.644669
1701094821546-2-27-4-1-5,1701094821546,2,27,4,1,Sadness,Sadness,False,True,True,8.0,8.0,2,0.10894363,0.9928133,0.9928133
1701094823610-2-27-4-2-4,1701094823610,2,27,4,2,Neutral,Neutral,False,True,True,3.0,17.0,4,0.1496672,0.74954164,0.74954164
1701094824960-2-27-4-3-6,1701094824960,2,27,4,3,Surprise,Surprise,False,True,True,2.0,2.0,1,0.27439338,0.9531597,0.9531597
1701094829010-2-27-4-5-4,1701094829010,2,27,4,5,Neutral,Happiness,True,False,True,1.0,,1,0.2195072,0.075578496,0.8173802
1701094830423-2-27-4-6-3,1701094830423,2,27,4,6,Happiness,Happiness,True,True,True,1.0,1.0,0,0.80325437,0.9990169,0.9990169
1701094835647-2-27-4-9-2,1701094835647,2,27,4,9,Fear,Surprise,False,False,False,,,3,0.026160102,0.21286404,0.7806218
1701094839307-2-27-4-11-3,1701094839307,2,27,4,11,Happiness,Happiness,False,True,True,15.0,15.0,2,0.12240747,0.99945337,0.99945337
1701094842669-2-27-4-13-3,1701094842669,2,27,4,13,Happiness,Happiness,True,True,True,1.0,1.0,0,0.8715946,0.999521,0.999521
1701094848288-2-27-4-16-2,1701094848288,2,27,4,16,Fear,Fear,False,True,True,9.0,9.0,1,0.26632944,0.8507741,0.8507741
1701094851143-2-27-4-18-4,1701094851143,2,27,4,18,Neutral,Neutral,False,True,True,10.0,10.0,1,0.16010568,0.62478274,0.62478274
1701094852692-2-27-4-19-6,1701094852692,2,27,4,19,Surprise,Surprise,True,True,True,1.0,1.0,0,0.46942312,0.9301478,0.9301478
1701094855279-2-27-4-20-5,1701094855279,2,27,4,20,Sadness,Sadness,True,True,True,1.0,1.0,0,0.50711584,0.9761101,0.9761101
1701094856933-2-27-4-21-6,1701094856933,2,27,4,21,Surprise,Surprise,True,True,True,1.0,1.0,0,0.528042,0.95972043,0.95972043
1701094862346-2-27-4-24-3,1701094862346,2,27,4,24,Happiness,Happiness,False,True,True,11.0,11.0,1,0.014671644,0.99270105,0.99270105
1701094865205-2-27-4-26-1,1701094865205,2,27,4,26,Disgust,Disgust,False,True,True,14.0,14.0,1,0.11889847,0.99348676,0.99348676
1701094866874-2-27-4-27-6,1701094866874,2,27,4,27,Surprise,Surprise,False,True,True,3.0,3.0,1,0.20114988,0.95339704,0.95339704
