reenactment_id,participant_id,true_label,fea_pred,BrowLowererL,BrowLowererR,CheekPuffL,CheekPuffR,CheekRaiserL,CheekRaiserR,CheekSuckL,CheekSuckR,ChinRaiserB,ChinRaiserT,DimplerL,DimplerR,EyesClosedL,EyesClosedR,EyesLookDownL,EyesLookDownR,EyesLookLeftL,EyesLookLeftR,EyesLookRightL,EyesLookRightR,EyesLookUpL,EyesLookUpR,InnerBrowRaiserL,InnerBrowRaiserR,JawDrop,JawSidewaysLeft,JawSidewaysRight,JawThrust,LidTightenerL,LidTightenerR,LipCornerDepressorL,LipCornerDepressorR,LipCornerPullerL,LipCornerPullerR,LipFunnelerLB,LipFunnelerLT,LipFunnelerRB,LipFunnelerRT,LipPressorL,LipPressorR,LipPuckerL,LipPuckerR,LipStretcherL,LipStretcherR,LipSuckLB,LipSuckLT,LipSuckRB,LipSuckRT,LipTightenerL,LipTightenerR,LipsToward,LowerLipDepressorL,LowerLipDepressorR,MouthLeft,MouthRight,NoseWrinklerL,NoseWrinklerR,OuterBrowRaiserL,OuterBrowRaiserR,UpperLidRaiserL,UpperLidRaiserR,UpperLipRaiserL,UpperLipRaiserR,pair
1700567688235-2-8-1-0-0,8,Anger,Disgust,0.22788326243559517,0.2312018766999244,1.401298464324817e-45,1.8159301621162159e-22,0.11699413359165187,0.11733518640200293,1.401298464324817e-45,1.401298464324817e-45,0.00052255202123584,0.2111874255041281,0.298703508079052,0.30760577060282224,0.08091860835750893,0.08682178035378452,0.03534226765235264,0.036018849660952874,0.0,0.0,0.41191229621569314,0.32799037198225656,0.027384002747324578,0.02778946869075295,0.016400461869003825,0.012666155296998669,0.37864760458469393,6.733132907795245e-37,3.3719478109697586e-28,0.008712951792404,0.3493751754363378,0.4372533748547236,0.20408155495921768,0.17051183419922986,0.03377395207752058,0.02913361072229837,1.401298464324817e-45,1.401298464324817e-45,1.401298464324817e-45,5.0091015616775323e-29,1.401298464324817e-45,1.401298464324817e-45,1.9490925806648244e-28,1.478447053767619e-28,0.09954663834845022,0.10714147582960622,0.21783435518542923,0.06897823003431157,0.1979527523120244,0.06474999133497474,1.401298464324817e-45,1.401298464324817e-45,0.045031705250342634,0.06416790311535196,0.060677227750420525,0.03983617102106408,0.03510453511650359,0.6707871754964193,0.7000023404757182,0.043569447379559235,0.056775826588273,0.14478598758578298,0.15935033522546288,0.6589665949344635,0.6759055515130361,Anger__Disgust
1700567695958-2-8-1-3-0,8,Anger,Disgust,0.09436222786016829,0.10105986103883982,1.1787676569928948e-21,1.401298464324817e-45,0.05312762359850842,0.051894643903763395,1.401298464324817e-45,1.401298464324817e-45,0.0005681759954313567,0.06658957465357765,0.07858166728789602,0.08859475313996269,0.028805206467707938,0.024876452113191266,0.015367208917935684,0.014784242771565903,0.0,0.020492172411953356,0.06570326449970401,0.0,0.02006348993551603,0.020086111659960163,0.0036706519966779824,9.850202747352455e-05,0.16574260617295897,2.2295022788872806e-21,1.9267428172520485e-08,0.003027624448319895,0.14440980268021422,0.16930370023474095,0.0682717390828202,0.06188363829666434,0.00423178041613327,0.003591741763596332,1.401298464324817e-45,1.401298464324817e-45,1.401298464324817e-45,1.401298464324817e-45,3.3987807687286355e-34,3.255336587158082e-34,1.3119391863813621e-36,2.4292264020129153e-36,0.017376492976230364,0.019553890007227844,0.11126135823627309,0.01906343691428496,0.09377917569751536,0.019862975472297362,1.401298464324817e-45,1.401298464324817e-45,0.043429646827280476,0.014009257282005989,0.015055829530315895,0.020478338996569267,0.017986832426440204,0.2670151352882385,0.2815021976828575,0.021427882478261943,0.009416672068497616,0.2023285535474618,0.31155897714197633,0.23994566140851623,0.23964047006690328,Anger__Disgust
1700567698824-2-8-1-4-0,8,Anger,Disgust,0.11007014067193567,0.11211658475901153,9.96789193872902e-35,1.401298464324817e-45,0.06242270876706846,0.06269884387882281,1.401298464324817e-45,1.401298464324817e-45,0.0020259423278489843,0.1369414839466723,0.20779364818788007,0.2076127200898047,0.06414792289339653,0.056019474193463405,0.0018193391462173866,0.00037948470562713027,0.0,0.020563195428500543,0.06913923807442184,0.003310351430748893,0.10437621721066531,0.10456030524025357,0.034629112109541844,0.01921721808612342,0.3374007259805997,1.8853118706086363e-34,6.262778698019194e-08,0.009320299327082053,0.1967827011287833,0.30288142738863827,0.10515087045108275,0.09365158396155968,0.03503104228365049,0.027378647645956277,1.401298464324817e-45,1.401298464324817e-45,1.401298464324817e-45,1.401298464324817e-45,1.401298464324817e-45,1.401298464324817e-45,0.0013346056678111705,0.000995202955694646,0.1677672520926961,0.17136828738248625,0.23841889326771099,0.04180846734282866,0.20908431038260458,0.04291443019174035,1.401298464324817e-45,1.401298464324817e-45,0.06016834390660122,0.07593069933374834,0.0733197825652949,0.021646679751574947,0.013187608738000688,0.3540908545255661,0.36744894882043205,0.06868397506574787,0.051268615697820936,0.3678443809350332,0.4625132605433464,0.36203840738162396,0.3740996758143107,Anger__Disgust
1700567906760-2-8-3-2-0,8,Anger,Disgust,0.2497389134019613,0.2523240121702353,1.401298464324817e-45,1.3862271996137702e-17,0.14525698715200025,0.1467699355135361,1.401298464324817e-45,1.401298464324817e-45,0.009608042869268689,0.24021393681565917,0.3197776355082169,0.303590910277353,0.08772996353606378,0.08509669452905651,0.0,0.0,0.09471625785032906,0.17219572365283964,0.018017448484897607,0.009316568076610559,0.1653746027499437,0.16483884820093708,0.03721613787735498,0.040398169619341645,0.30823612237970033,0.0007754840889057459,0.0034347296723035627,0.01882384998801472,0.36348883907000223,0.4344242513179779,0.21980005751053489,0.202090826878945,0.0757343556886283,0.05942063733902313,1.401298464324817e-45,5.8016853752634084e-18,3.073673605144165e-20,1.7060967158464265e-18,1.401298464324817e-45,1.401298464324817e-45,0.000755670957658677,0.000755670957658677,0.4889550150372088,0.4989509077432255,0.30953384190797806,0.08587317379812395,0.277780644595623,0.08524497424562767,1.401298464324817e-45,1.401298464324817e-45,0.04983155056834217,0.36289140086934746,0.3597128045746809,0.03095579675088322,0.025126282839725365,0.6979807818929354,0.7254315896270176,0.06347905906538164,0.08783426129569608,0.29771055405338603,0.2658681993683179,0.7433605978886286,0.7606410712003708,Anger__Disgust
1700567918385-2-8-3-8-0,8,Anger,Disgust,0.15711529549429312,0.15885330679794996,9.558022608745063e-19,9.885549336547606e-14,0.12046461331774476,0.1183336365347107,1.401298464324817e-45,1.401298464324817e-45,0.004697542736615385,0.1435627926829814,0.16460152280263474,0.16429197908313045,0.0801118919625878,0.07389390033980207,0.013781860719124468,0.010990970022976393,0.017902867402881363,0.07053140401840206,0.05230860725666084,0.018595801169673583,0.0487387937493622,0.048875636545320324,0.023700296172561704,0.02780256945018962,0.23780662429829436,2.0177361214103423e-18,0.0020486931052194307,0.0022266183126096735,0.2632808806995551,0.3454468878606955,0.11812471420214807,0.10275613940352431,0.03752404486393553,0.030523926958213217,6.492682884704986e-45,4.053590724489055e-18,6.352553038272504e-45,1.795299831575814e-17,7.360912693438626e-18,6.709616192419268e-18,0.0015472676096767895,0.0008471781679948547,0.17506023612634936,0.18304834822301716,0.23220583163201805,0.050768271100241645,0.20999386534094808,0.05017468782849994,1.401298464324817e-45,1.401298464324817e-45,0.057148231690128594,0.1215784082810084,0.12015104613577325,0.026605329569429112,0.021534376777708475,0.5293114570279916,0.5461728679637115,0.07194192829419474,0.08505175265793995,0.35115782221158337,0.3612874356408914,0.44543103805432716,0.4649077164940536,Anger__Disgust
1700567922812-2-8-3-10-0,8,Anger,Disgust,0.21007728526989616,0.21921600401401514,5.908005020030201e-39,6.110444717185738e-34,0.2288525621096293,0.2349971681833267,1.401298464324817e-45,1.401298464324817e-45,0.008039187433473637,0.19583540633320806,0.2778004568535834,0.26732193847807745,0.12324537237485246,0.1376774335900942,0.008007557938496267,0.007182260106007253,0.0,0.0,0.1729158356785774,0.08682675013939535,0.1202518312260508,0.12087116266290344,0.04863342389774815,0.05524589975054061,0.1910087056457996,1.2472038752842191e-38,0.00271886629057449,0.0025604548495972014,0.35807422002156575,0.5303056667248408,0.10812826504309968,0.10701831119755899,0.18442073950159038,0.17948411641057274,1.401298464324817e-45,2.5056051389042824e-38,1.401298464324817e-45,1.109711589722149e-37,2.535503261623096e-38,2.3022574825608467e-38,3.1283765069691357e-24,5.007103327884377e-24,0.28407743726857004,0.29528115368448193,0.44163973778486254,0.07768572874901163,0.3913702468077342,0.08586054677143688,1.401298464324817e-45,1.401298464324817e-45,0.07085496683915452,0.18283434330175322,0.18134882872303326,0.03975975134720399,0.03354915861661231,0.6325492699940999,0.6645783146222433,0.08381729684770103,0.10386857974032557,0.2657116668919722,0.24804240763187405,0.7029096116622289,0.7308311988910039,Anger__Disgust
1700568088202-2-8-4-7-0,8,Anger,Disgust,0.17220169041902406,0.16775553606324436,1.450119883733636e-33,4.852560152258282e-12,0.10145617392087705,0.10265534832371653,1.0965747627398246e-39,6.146301242242699e-39,5.613880859186441e-36,0.22408618276822379,0.3078976598801091,0.30542773664152867,0.0470097709447145,0.0348603371530771,0.06890444234013555,0.06198889315128324,0.00151641260211666,0.01612075511366128,0.1639533720910549,0.09245364343126612,0.04944713112587729,0.04938213257119058,0.024805219481640925,0.030285919162755158,0.35127274617552756,7.48227986021117e-40,0.0024028112421957738,0.03134351008278216,0.2718030630485373,0.3675447992558771,0.14879480587939417,0.14309460396567977,0.05679831968556354,0.045217737623697615,8.894302008888434e-34,2.3440458062910443e-17,3.396785774447564e-13,2.965094143061712e-17,1.9897780223363895e-32,1.9897780223363895e-32,8.54692032871583e-34,1.9309422599214816e-17,0.28837539834382064,0.30471922190043493,0.1917855244129896,0.0809407520067831,0.17035308787599204,0.07827861949454015,5.259020447788779e-39,4.152703068726835e-38,0.04451539771010475,0.18991813680512198,0.18920217778590784,0.024153280930295246,0.018916099751309857,0.5395066420237223,0.558620614806811,0.03761673329475642,0.059602579187291324,0.1745442302897572,0.26707634183888634,0.640547631874991,0.6724579320793661,Anger__Disgust
1700568092978-2-8-4-10-0,8,Anger,Disgust,0.08151471159265684,0.08279542375045514,1.401298464324817e-45,2.594198471604372e-34,0.05299077627520692,0.05429858747120302,1.401298464324817e-45,1.401298464324817e-45,4.915055949299604e-07,0.07959959666865563,0.10796841401695721,0.110970399110565,0.003626912458753741,0.004410439357646568,0.04528546945648871,0.045837205315589415,0.0,0.0,0.33104531665643055,0.24597644110520678,0.0,0.0,0.006591099428927268,0.010655727366793103,0.24753066822886463,2.3998729463055078e-05,0.0005764806126876315,0.0005002218283923006,0.11777040208398826,0.17716081706360756,0.06876264442592701,0.05770712019550119,0.012098712706938368,0.009405645774677377,1.401298464324817e-45,1.2531696325783787e-39,1.8159753404302538e-35,1.5851922163866782e-39,5.957182000029357e-27,5.495011685639035e-27,0.0023139907409737356,0.0015892265891693362,0.033235602763794427,0.036137421336026085,0.15887210698177415,0.02811856563227497,0.1397795472294092,0.027234202200391595,1.401298464324817e-45,1.401298464324817e-45,0.05961783900856968,0.010764220403522151,0.012165878821803295,0.020512935379520012,0.014266469934958219,0.30060649091998737,0.31635762775937715,0.01755843205316975,0.02737202680434237,0.17250470076597982,0.22603737851010536,0.24818593867433564,0.2554508272442035,Anger__Disgust
1700568114265-2-8-4-22-0,8,Anger,Disgust,0.0457092888692083,0.03825102583880361,1.9930877202108582e-06,8.577391851923484e-06,0.04605462490614511,0.04804518235296625,9.502016487252563e-09,3.740980656090528e-08,4.0428042951031424e-05,0.08277262440931422,0.11446506357782918,0.11984167149703161,0.0006338986210587551,0.010155372694134697,0.032910056537054734,0.04227155199184321,0.0,0.0,0.23646818399429317,0.15034664149085677,0.0,0.0,0.0468490950763225,0.05791757305463151,0.2916601911187172,0.003261105715208709,0.00258450518334329,0.005006774092911782,0.15591975691082588,0.21132706970432383,0.06115243831075619,0.04932935045039717,0.01286316175662138,0.010279336726914456,7.778142396756375e-07,2.3622340309849556e-08,1.0764790092506379e-06,4.225690187326038e-08,0.0001437902706305881,0.0001437901693770666,0.003743814876893693,0.0028445075893045913,0.02798920633895258,0.02901345283415774,0.09632699663440383,0.0322495746708019,0.0815490489825606,0.027538626100776245,1.6903715457085617e-07,3.29548153505805e-07,0.06114184384544686,0.018151693232357484,0.01965939394043136,0.023254247258106812,0.015836745795543766,0.28468446775029105,0.2980407384534677,0.1280650909990072,0.13594805151224135,0.2133784809518651,0.24820902917223683,0.29197348811139817,0.28770009657411655,Anger__Disgust
1700577855799-2-10-3-8-0,10,Anger,Disgust,0.22456730622798202,0.21310840000708894,1.4036043138071494e-06,4.4736033109546436e-07,0.4398316919803619,0.3648060500621796,0.0,0.0,0.007619168311226305,0.016395771186706865,0.09677164897885698,0.09595141509047123,0.08110991487434749,0.04690922374914708,0.0,0.0,0.0,0.009977534692734463,0.1619629133492708,0.08458816309769947,0.38394769628842673,0.38549432853857674,0.0364866915158927,0.04177274157603576,0.008013542546349561,3.1499555093507843e-07,0.002427725564335956,0.0014902734205995238,0.41331340223550794,0.3328013027707736,0.01696793522378287,0.007978879567236708,0.16794120355819658,0.1694183287810214,2.602107811795029e-18,3.5492861289061296e-07,3.617527676251046e-06,3.0893788021575665e-07,6.779581132173214e-07,0.000573715572172739,1.5047942612005922e-09,1.5125528129423317e-09,0.02555363821994185,0.02712613967688305,0.1145943471541007,0.03909975649704237,0.08981039800370728,0.030869558934354672,1.548799479703693e-10,2.6973403870077426e-10,0.0178816957554469,0.0617470710693548,0.058000914550696794,0.004508114917628781,1.401298464324817e-45,0.08058078748484448,0.05836103145653999,0.014578276848866709,0.017061282868962694,0.06423239417468476,0.09764658535908283,0.12134475016500797,0.11529494800294435,Anger__Disgust
1700578045766-2-10-4-22-0,10,Anger,Disgust,0.08986854443210172,0.11755376770027696,4.773940451206844e-15,3.3803229227863994e-15,0.12511359353860216,0.10129466963311032,0.0,0.0,0.00040614226988205666,0.019990075170949678,0.06003264517833785,0.04976668607754009,0.012212133004019647,0.0023698005414037244,0.004556532235195237,0.0004678905309450076,0.17130133062601086,0.25697435885667796,0.0,0.0,0.13095398539056377,0.1296178927645087,0.031062033370835667,0.03613763396084924,0.01037044437379485,0.0009127565349261689,0.001207847287890385,0.0022008274356558315,0.0737100364938231,0.04432265697602325,0.009714365711503536,0.0066602757418877,0.020148136598678874,0.012131386879385244,2.491508669569525e-43,2.2903913014856178e-17,2.2901887901948594e-43,2.0563595946560127e-17,1.401298464324817e-45,1.401298464324817e-45,5.704595166093787e-16,6.466825929150269e-16,0.05270093932356405,0.05578511809649567,0.04649838929375008,0.016572030197949998,0.033900812081992575,0.011314059045816756,2.7405746868477318e-15,2.433582347981156e-16,0.008795408749331973,0.16181803071821368,0.16306895721318454,0.0022009830145808982,5.606995674890667e-38,0.05168499046315748,0.0401696045572559,0.055817852213901106,0.04501447527048484,0.4590799720012607,0.48109049257958153,0.09246977353496577,0.08748496952219584,Anger__Disgust
1700583805997-2-13-1-3-0,13,Anger,Disgust,0.33134409111614027,0.3318969496525824,1.7008962637751494e-22,1.2361018719160386e-22,0.386972047885259,0.3444971268375714,0.0,0.0,0.3491125464441212,0.36148965898901225,0.002895295571276805,0.0036732585861757616,0.07818523617461318,0.015168592203362058,0.0,0.0,0.0,0.0,0.1947696924209594,0.10742227062582965,0.3827874749898911,0.38505421628554654,0.00016939218308077155,1.2541511794476417e-05,0.021542851685524025,0.009682241089488933,0.010013408109948439,0.009414027751578596,0.5026510626077652,0.6358874450127284,0.08222564946239189,0.08920463540410609,0.018261357210576493,0.013280109378198731,0.0,0.00242399637405751,0.0,1.0447108566279757e-23,0.019240735843777612,0.018491687222073432,0.12100323007131612,0.11815589483206466,0.0021063523163168596,0.006000048072261605,0.2070143508414427,0.18899728755156195,0.19370676614344118,0.16863534549872078,0.008023367510274165,0.006161405064631203,0.04487936670581495,2.7014295047767806e-05,2.6973655330008592e-05,0.02032248117029662,0.006512291620437251,0.7274208266288043,0.7147528989750592,0.017945595260243807,0.024969556423214526,0.40197784105936685,0.6231080949306488,0.3761984631419182,0.405758165816466,Anger__Disgust
1700584214184-2-13-4-7-0,13,Anger,Disgust,0.15663832585269116,0.14693746637106714,0.0010813868895638667,5.082042430618004e-44,0.20790961924940346,0.15246570029606418,1.401298464324817e-45,1.401298464324817e-45,0.09117662083978452,0.14884269245294107,0.042309771197262834,0.04368936435636039,0.07009831593652173,0.006308930748400707,0.00647327378392219,0.0014975512400269466,0.0237985157795871,0.10861088161667183,0.0013985244790092031,0.0,0.0860812381530801,0.08584409113973376,0.00021298473493513683,0.0007032988591162948,0.022846776385267678,0.00583853554768056,0.0014084446816079543,0.005687280802000755,0.228298463626796,0.34534477796405555,0.021069921192853707,0.013189820795241718,0.014878427873675982,0.014024025200766685,1.401298464324817e-45,0.0009564857762282063,9.547513536933088e-44,8.178912036775849e-44,0.0016273372651388032,0.00139138457986215,0.013560920053472087,0.01038388307982432,0.002180078002235531,0.006850531282585325,0.11058087709049379,0.14964843566219008,0.10102385353917874,0.12540087737143038,0.003070640705603473,0.0036285081393240366,0.021187190013006285,3.1404053668622196e-11,0.0003208930606124552,0.011829278640288944,0.0011420301899003366,0.4443592121526005,0.43174043198426565,0.00119480272114737,0.0021800925145119233,0.07295447563131646,0.25331313163042063,0.3438725053584373,0.35095693642894427,Anger__Disgust
1700747144334-2-15-1-0-0,15,Anger,Disgust,0.250536980231603,0.24547496105854708,2.3962203739954374e-44,7.99207224153254e-44,0.3048510693013668,0.2820127884546915,1.401298464324817e-45,1.401298464324817e-45,0.07061158642172811,0.08485875204205512,0.0009589804086620543,0.0012745132683145493,0.055313551596676294,0.14305031821131703,0.07084863505383128,0.08909614247580366,0.10794247637192406,0.1771013850967089,0.027022523184617352,0.010157447059949233,0.026205732176701222,0.02602651851872603,0.012347454470970317,0.0008984024532764717,0.04418968760098015,0.00221077096648513,0.004503093070040127,0.00010125882361967425,0.37971066795289515,0.32543765302737787,0.019790768592307925,0.007752140965021634,0.009713271446526032,0.008574777779479799,1.401298464324817e-45,0.0033686886231104334,1.401298464324817e-45,5.798608350767448e-29,0.00819205955291786,0.008423048164695487,0.0757134603957335,0.07581281438469886,0.0012745132683145493,0.003255013918896966,0.04877289386549815,0.013167971760655392,0.04175374648211797,0.008781572260731276,0.014999119192361814,0.01240184456109999,0.03633667544151341,5.763507163524783e-09,0.0010412221472203148,0.0058817866879204705,0.0004781901525954367,0.2376092828810215,0.24217434426148732,0.00059717549423411,0.00032709657328567195,0.0016949244607575291,0.001808768110323156,0.06034840838983653,0.06093249802167214,Anger__Disgust
1700747153913-2-15-1-4-0,15,Anger,Disgust,0.08562958641084771,0.08760507624814785,3.615542972790209e-06,1.5500989385639856e-07,0.13196623921394343,0.12737563426295914,1.401298464324817e-45,1.401298464324817e-45,0.03452727745092707,0.040673244000292895,0.01176575901597513,0.011950412416172148,0.030119455607793878,0.07435765569486395,0.007263824343968674,0.005504299451907477,0.2673445738852024,0.34894932980338733,0.007495145003000894,0.0046380549669265735,0.018479507509618968,0.018289706607659644,1.015790192191816e-08,6.43267497848674e-12,0.035666994253794305,0.0011539880356053545,0.0012496572239265621,0.011443983891028086,0.26971042553583774,0.3795560926198959,0.01297026334019994,0.0029907140110670433,0.008241302323559291,0.0066490113665567925,1.524407205410633e-41,0.0011501509407501429,1.6785827334505308e-41,1.762515752186903e-37,0.004118341440842475,0.004118329752591036,0.02072253733202734,0.02019613924715565,0.006138563622759297,0.004922878475432844,0.06521000840390717,0.11898852984886613,0.04690343403878306,0.0999355720802365,0.002605408908344609,0.0018350171573335427,0.02468048175796861,0.03089106058420532,0.01624024465054387,0.002386852448033468,0.0005176733185354431,0.0847906609386618,0.08262501359221242,4.3315630896644464e-12,3.45025450293468e-09,0.02982857865717956,0.02477553031979667,0.03491647563434217,0.03617401451040449,Anger__Disgust
1700747349900-2-15-3-2-0,15,Anger,Disgust,0.47320740421613056,0.4623571495215098,7.217208374301536e-40,0.00031295662552760864,0.49928543319304786,0.46524407441417376,1.401298464324817e-45,1.401298464324817e-45,0.2854003749433872,0.3175492095357185,0.019634538350752906,0.021774781837060143,0.03735439752538996,0.1803054321557283,0.11610985212028023,0.16490935857097305,0.0,0.03369893264025447,0.11037711766936502,0.05779373720288274,0.00508300587534904,0.005104083816210427,0.06081946287304158,0.028338152376818422,0.018994831138600846,0.005344204170008473,0.011374467747403545,0.001866612441362242,0.6280825058619182,0.501849482456843,0.025530380755662888,0.012905846660335916,0.041079898737797965,0.041723832211119485,1.401298464324817e-45,0.005607907483560335,1.401298464324817e-45,0.003092010850336136,0.05765116624534127,0.05765116624534127,0.21763290465701168,0.2157653073518221,0.012031645890601749,0.014785329330091614,0.19457299060498673,0.07783490546134993,0.1766108795673062,0.05908984736603691,0.03667440749704835,0.031075744206706654,0.035691582566748016,0.05820297890205177,0.05644095999756091,0.014212467583517635,0.0059969245766599765,0.4501612233845511,0.43771297962715267,0.009661515718713978,1.708054116475339e-10,1.899132384661137e-30,0.0008418602708236863,0.2484512442912726,0.2639830146650032,Anger__Disgust
1700747538056-2-15-4-14-0,15,Anger,Disgust,0.5796518096079429,0.5416442113618056,0.012461994487481757,0.013665077400704183,0.664400993535916,0.6172142416238785,1.401298464324817e-45,1.401298464324817e-45,0.49901498100492364,0.48377655523812185,0.017604831269712393,0.030601595155894716,0.06093514114618297,0.15255476584037142,0.2003161404304184,0.22548625518878299,0.031010141968727107,0.0453012983004252,0.1760663459698359,0.10457928753457961,0.0,0.0,0.038030417837823384,0.011576061544474174,0.008283145597336717,0.014818342495709633,0.02420611256972898,0.0006658475378647527,0.5773051848014196,0.6045909961064656,0.06994763407856222,0.06171901502336062,0.16396669944127398,0.1871639380852381,1.401298464324817e-45,0.04071192508563397,1.401298464324817e-45,0.03279807809740301,0.04241335554979738,0.043605305642510424,0.21876848459228498,0.21324278956349188,0.03653883859515183,0.054091608213881606,0.21789471482237177,0.0912588151792685,0.18675787299871438,0.07101681722948944,0.05349869293471175,0.043761269003152824,0.043793506734073125,0.0013838454312114655,0.0013781953181599067,0.015554009484670372,0.009783301393811937,0.3617921782036622,0.3453412137925625,0.0002789557541139442,6.188815633360415e-06,7.583933112791559e-07,3.460475313116681e-08,0.3350609085833033,0.38556042506049076,Anger__Disgust
1701094438118-2-27-1-0-0,27,Anger,Disgust,0.18042490505613384,0.15417618074764805,0.00156290299491956,0.001975056303895255,0.35478500574827193,0.2770813673734665,1.401298464324817e-45,0.0,0.17298915602927303,0.20076954793184992,0.003102867741290489,0.003098400824092044,0.17444194909185168,0.13978795935981905,0.007758310437202446,0.02455607478817303,0.0,0.035932466574013194,0.054028961279739884,0.00345755806192755,0.14887747863928474,0.14892661174138383,0.06618442877273381,0.04864767361044258,0.1136714197384814,0.005003020926737022,0.007515828002942684,0.16993554079472478,0.3368888153418226,0.26537360648314157,0.01408525543908273,0.005326564440257408,0.01816142781948048,0.02031010687351221,1.401298464324817e-45,0.0036715647598388255,1.401298464324817e-45,0.0016039126292642272,0.04403235067923863,0.04442350234215458,0.10057430577124454,0.09689213050784767,0.0037619108230464143,0.0021285454579457333,0.12558445044866404,0.021252069802451697,0.11948429947394065,0.017436256635755987,0.021445819290102953,0.017164942848981835,0.03660566136240954,0.06504454454477862,0.05635600078669915,0.005603805652597715,0.00418144247184196,0.14428687980398533,0.13478651692886764,0.044797820248641027,0.033552148864449266,0.05046001580544781,0.025547917148279906,0.138498039295276,0.1705054722726345,Anger__Disgust
1701094445452-2-27-1-3-0,27,Anger,Disgust,0.291486918212225,0.2493170091261466,0.0026715077304591633,0.0035000182998676964,0.42200894504785535,0.3471875791748365,1.401298464324817e-45,0.0,0.2812206466992929,0.29459274442245564,5.970413695591672e-05,0.0019844797553862843,0.2716863261555166,0.1920589651163027,0.014928301858405253,0.053455210477113706,0.010719350880632762,0.06792498885964351,0.035306665363411094,0.006146828415027496,0.10497812132040658,0.10477047761281329,0.04069575710843002,0.033562095828043856,0.051805925660145365,0.005261788714901153,0.008144746304577642,0.10115055806175706,0.24988777854790287,0.20150524027024702,0.01854001910736159,0.009367241431128017,0.02462244530518846,0.028620002884417742,4.762204861525859e-24,0.004293794557545607,6.370031712824652e-24,0.0035000182378712723,0.06331641611953574,0.06331641611953574,0.15725412157690724,0.1516434157888095,0.006234990991051339,0.0035478669880281404,0.20415217428855983,0.04859285384285586,0.19542756676698814,0.03522701546965918,0.03158285493652285,0.024743462726476675,0.03850114441787199,0.08539923717311507,0.07393615379956994,0.00824323423852279,0.005963081215760876,0.26259910849233464,0.25241200783567774,0.02304595691384743,0.019500773776477784,0.027513413619704795,0.003055375061922875,0.20441583134233948,0.24192476620276765,Anger__Disgust
1701094448444-2-27-1-4-0,27,Anger,Disgust,0.3948171665086799,0.35452086059837407,0.0013013309168976677,0.0005643736038439406,0.5528890818357468,0.47791884938875834,1.401298464324817e-45,0.0,0.3806139975741697,0.41115415121118226,0.013086736268503731,0.019733542214500837,0.4322722661929826,0.32289760947654333,0.01615896436075367,0.06593530749281246,0.05190527463952698,0.10576748002010082,0.03576377729574838,0.0032527989397446297,0.11772131919860838,0.11706508994102477,0.00869069466716605,0.008170569936434377,0.03520591500661486,0.006020308852991215,0.009925696183927312,0.09035529705710488,0.17081873936694383,0.21105073168873784,0.012294880176583896,0.005453970561706445,0.12946916520595547,0.14430544848243393,1.0322369505511746e-37,0.004367069618124423,1.3807436859566842e-37,1.7078248441698975e-10,0.11644452412923176,0.1172380228837331,0.22543688534448544,0.21561847041981916,0.027194314969051357,0.03136415653574173,0.334354960002626,0.06716671029146253,0.31534978424680654,0.05285373486109767,0.008903758088220087,0.004005164373813781,0.06350026881943142,0.08173339143690726,0.06672628289379655,0.016158696248655867,0.0115301480588651,0.30745291120062274,0.29528789368462943,0.005870254270848773,0.005471021420089473,0.01598890720324747,0.0008170153371077785,0.3632015536228816,0.4290908435980479,Anger__Disgust
1701094656847-2-27-3-2-0,27,Anger,Disgust,0.783296525478363,0.776541706174612,1.4141877288793782e-05,1.4141864151080863e-05,0.8146679495771726,0.7705255468686422,1.401298464324817e-45,0.0,0.5823601741476675,0.6869234800338745,0.08338521681728865,0.09827197130459045,0.4420800519486268,0.40898501674334203,0.19286838670571643,0.21189760069052374,0.0,0.01290542967617508,0.08018627663453418,0.006339179041484977,0.013834435244401293,0.013842077056566872,0.021495766852361414,0.015366075149116363,0.043311994943360306,0.002749227531491717,0.004505591901215632,0.0861459444980901,0.20344603061676023,0.19876197787622607,0.022854490882294423,0.020252342460056097,0.2433853430052598,0.2605013281106949,1.401298464324817e-45,0.005419147682800907,1.401298464324817e-45,2.1471858788485012e-05,0.2510625455583067,0.2528714071783421,0.3956661615679271,0.3740557671411807,0.14194696918129918,0.15258286216606692,0.4648468526701132,0.17982435474793113,0.43728519541521865,0.15365008513132727,0.010774620256371718,0.009384902587211712,0.06599151659756895,0.17532413155882345,0.1638190349204933,0.024935037351679006,0.017724232901430943,0.6973780170083046,0.6777056515216827,0.0011515051601842458,0.0006440329064692317,9.403784265297569e-06,7.482222191455586e-11,0.743280146519343,0.8064961989720663,Anger__Disgust
1701094668813-2-27-3-8-0,27,Anger,Disgust,0.8759191582600275,0.8782983938852946,6.2128686013997134e-18,8.709162700206146e-10,0.8702783117691676,0.8417072365681331,1.401298464324817e-45,0.0,0.9154216085871061,0.9267701293031375,0.0038014757752534434,0.012544566625729149,0.47614356875419617,0.453134282430013,0.19467369616031643,0.21120126545429227,0.00206187528868516,0.0518444181560577,0.039782815271367594,0.0027858613679806335,0.0056279152631759635,0.005620258053143816,0.0005495684587609865,0.0004163618531037858,0.02117739127313388,0.00821335862953366,0.009936925636914819,0.01719504919835063,0.01804742252352265,0.16363901024063426,0.012869236121574984,0.011735342287768874,0.12163901394233105,0.14133328935131428,1.401298464324817e-45,0.009423742199942306,1.401298464324817e-45,1.9328297070718677e-05,0.33689224856595196,0.33713347439964614,0.655134316906333,0.6331449377040068,0.026381256803870153,0.026882343677182938,0.6317842490971088,0.13815336848298707,0.5959914264579614,0.10869464954982198,0.0431412180085923,0.03655351247271024,0.08935908296455937,0.011613402120174187,0.009601420456766284,0.03416751887028412,0.013621252666537919,0.8126469353834788,0.808355301618576,0.0015473303980191267,0.00042953147636428074,0.00031099440494105946,1.9670998891111484e-05,0.6031542003154755,0.6892777502536773,Anger__Disgust
1701094672347-2-27-3-10-0,27,Anger,Disgust,0.6954250796853254,0.6954129005161425,0.00048573328144809884,7.249182727053535e-26,0.7173549557725588,0.6812454010049502,1.401298464324817e-45,0.0,0.7316656206730296,0.7409557869036992,0.0015934139195691213,0.004959808681914964,0.38268079310582837,0.3598840702441521,0.12942298650741574,0.14912404219309486,0.008566218033471736,0.08119296208024021,0.013959651323966652,0.0,0.04118626316388447,0.041086815608044454,0.00829650385082151,0.003292017951510638,0.0443942232031986,0.010794474153954021,0.009692210098345736,0.04505691232042182,0.07838239686870278,0.2522790255645911,0.016250513587146968,0.013944848956689716,0.047611179947853036,0.06008454444818193,1.401298464324817e-45,0.008056535633908396,1.401298464324817e-45,0.0010963130896789052,0.25990200588035095,0.26488959105614845,0.51508598319088,0.4977723672301739,0.013481802472932581,0.016251761140301784,0.48927588980419995,0.09887550414369642,0.4676749960484813,0.07743167243312804,0.05181895575175829,0.04598667491227538,0.08376526844998196,0.021994071738931826,0.01845766746205209,0.027408259505425397,0.01107310593749191,0.6422236527626713,0.6415473608582033,0.022307596009341023,0.004373795996555855,0.002778614521677484,0.021871106213651882,0.4481206831832727,0.5268697607020537,Anger__Disgust
1700584001197-2-13-3-1-1,13,Disgust,Anger,0.07165112574245232,0.07083173539964865,0.00479552831966427,0.00269426471980596,0.12472472116351123,0.07676921756938096,1.401298464324817e-45,0.0,0.4668049768855174,0.41247124661070605,3.038035575971699e-29,6.368260138244202e-29,0.042150618211824,1.1151016131883777e-09,0.03215665482063732,8.416931152886662e-11,0.0,0.0,0.12827521090706184,0.04216054007410999,0.02622199724428354,0.02632646829200286,1.4450989588993268e-09,4.925414097319466e-07,0.001080826781685545,0.006500504988556074,0.00814857544998324,1.401298464324817e-45,0.31042976429065067,0.12557639603813484,0.15381718605446315,0.1476695312963177,0.016763924993574583,0.008330086199566683,1.401298464324817e-45,0.00413976126195239,1.401298464324817e-45,0.0009330646222224219,0.006622092161948443,0.006346779906501337,0.05590725913643834,0.05015529096126554,2.856782632169697e-29,7.732924741208753e-28,0.11594304981020584,0.06939493902027602,0.1119667895759145,0.051577471429482054,0.0069855260662734136,0.005769302245850343,0.02405194239690896,1.401298464324817e-45,1.401298464324817e-45,0.0075998277092973006,1.401298464324817e-45,0.32443322509837647,0.308918055643638,3.9237890148887307e-07,8.669474412196603e-06,0.03164633444199954,0.02144775936030778,0.17190870648870862,0.1662284061933557,Anger__Disgust
1701085495679-2-23-2-5-1,23,Disgust,Anger,0.33916160265604656,0.2514061340441306,0.06770619420574944,0.06979220587333798,0.27106696863969165,0.23188773790995276,1.186023913782384e-35,0.0,0.21121187002087632,0.2523827158845961,0.12588550724133246,0.12842023594945023,0.04760402618601051,0.06580225725968676,0.11742386765006359,0.1148065009464852,0.10275441197057561,0.1905763248602549,0.00032102015490332664,0.0,0.0,0.0,0.14565521042483545,0.13073882896763578,0.03608586980650818,0.01725038452717926,0.028559926271554983,0.0018729597485726344,0.3796164780855179,0.3246562421321869,0.05168712336259577,0.03520387040916826,0.11770921208274857,0.12674950606500107,2.426019109601489e-12,0.010844892713796591,1.9120242098187395e-12,0.0032160284630885893,0.002561676843879603,0.002921351433572375,0.041878568505253747,0.04367811158299449,0.04317662057777242,0.04893710405255353,0.20131553312142686,0.04838313027967157,0.1780855479339758,0.0412937396321164,0.020495909473922578,0.01864872572577348,0.041254526935517746,0.029362285710577085,0.02479033534797698,0.006449060471337932,0.0020234405502681514,0.050127469437817686,0.050674532258805464,0.01345425692852582,0.005401173250235484,3.6581150732921026e-19,1.4096146930218083e-17,0.2303703688085079,0.27306837687889735,Anger__Disgust
1700747235785-2-15-2-3-2,15,Fear,Surprise,0.0400048423131617,0.01999020165530959,1.2960460140443838e-11,1.6380422478349033e-12,0.019898278680981655,0.016792898611068526,1.401298464324817e-45,1.401298464324817e-45,8.162073073211465e-12,1.2377538969133724e-12,0.005380789197056369,0.007551795521743508,0.0,0.011733852401084679,1.1784432302570474e-16,0.011732839512114825,0.02939854625922937,0.06762980487352856,0.05575062061349547,0.007547082689901176,0.0,0.0,7.38856008612269e-07,3.515714099994589e-15,0.14229297724862888,0.0046878860857683625,0.005813733445620491,0.01986450655579873,0.0049099594753411226,0.0006582784817832272,0.014027221141198686,0.0008860964118195554,0.00014809328820436415,7.070212873613493e-05,3.2105027930640396e-14,0.00415251753292977,4.915071592388902e-14,0.009790878582134564,2.73327684255454e-12,3.637007544501942e-12,0.00693309962128598,0.00740723912604151,0.0057719161628634885,0.004583020739657173,0.11332257745089337,0.21098268270917753,0.0968753138331601,0.19856181853936528,6.395848381139313e-20,6.009571516655383e-19,0.05241858096172409,0.03530919916616613,0.025858007102806328,0.0036033664578136566,5.951863334398316e-25,3.0289530450683376e-12,2.5767855587478403e-11,0.0009574581713737129,4.9646718737976665e-05,0.005618339094022903,0.0008393696664522034,0.0045588464998672605,0.002320728979876185,Fear__Surprise
1701085612711-2-23-3-5-2,23,Fear,Surprise,2.9318156535396154e-06,0.05579851816873992,1.6490476703313564e-26,1.0103136580593789e-07,0.18060581721365446,0.1691471925626198,1.401298464324817e-45,1.401298464324817e-45,0.0017940426531384316,0.06642175068457919,0.2692152818044027,0.2700762023528417,2.960594732333751e-17,2.58081443034984e-09,2.482729061681517e-09,5.063543462425409e-09,0.0,0.05616519140700495,0.03299160705258445,0.0,0.0,0.0,0.18496551811695097,0.26872506042321526,0.10837456726779537,1.5514841165386226e-08,0.005191585293747833,0.01707335217636394,0.17515387212236716,0.19033105497558908,0.01603123297293976,0.008532693966602244,0.16296605393290517,0.16827354580163953,1.401298464324817e-45,9.26536193279115e-28,1.401298464324817e-45,2.697534952120331e-27,1.974127753875017e-26,1.7226971424074576e-26,2.6360921954074294e-05,6.430877171292533e-16,0.042816682408253315,0.04775046550979212,0.14588789405922092,0.06090665447215234,0.11541150330255424,0.060343587895234384,2.011626143030077e-34,1.647207801707767e-34,0.03701367980490124,0.02176401580994325,0.023417929311593342,0.005411855883911179,0.0007356444078254591,0.022280220252772123,0.015733831201214292,0.27757774442434313,0.24124027118086813,0.02887617036079366,0.09704584159577885,0.3103044604261716,0.3498926098148028,Fear__Surprise
1701085798672-2-23-4-9-2,23,Fear,Surprise,0.19492385635773338,0.17827287490169205,0.0026036358391896396,0.0027984544359105534,0.04854035712778563,0.03935386979331568,1.401298464324817e-45,1.401298464324817e-45,0.05408947386681798,0.07198970110864131,0.035537235190566036,0.038309391836614755,1.444657563660449e-06,6.938893903907229e-19,1.6172883881893084e-06,1.726308013185775e-07,0.0,0.004119287990033617,0.09623196708659326,0.011684127959112287,0.0,0.0,0.004271434501667138,0.02340711311068536,0.055707373858119004,0.004309906549597435,0.0036126961659410733,0.020230916139596853,0.02397285511274072,0.08625805309218698,0.06319339340552685,0.06212278241291639,0.003843425688482664,0.007926546267707732,1.401298464324817e-45,0.0036096600570115905,0.00017271046908574628,0.004445371512385308,0.0009365157964929984,1.0590999325510039e-16,0.005710850539557436,0.005851475184763394,0.01513200108420275,0.016148414071479503,0.06760243603494014,0.00204218097459911,0.05993853544738761,0.001523980204791644,0.0050133701982414325,0.0043085451448412115,0.02738620055218533,0.0056108948153753896,0.00554919280111789,0.0008012819293234783,1.1425433553316665e-15,0.0008318844371933199,0.0029397665653012484,0.013553175446577316,0.053917253009664476,1.401298464324817e-45,0.0027918303387251563,0.07233808566040044,0.09881800332417086,Fear__Surprise
1701085810970-2-23-4-16-2,23,Fear,Surprise,0.08732020628303867,0.004454040074506304,6.16388266671287e-08,7.712774212483472e-07,0.18935373115042842,0.17158964437743024,1.401298464324817e-45,1.401298464324817e-45,4.235291855304394e-09,0.06181379805008567,0.1751468869547049,0.17768889367580412,1.257943130472831e-08,2.2575137550926387e-25,1.2579432112274614e-08,6.665430400596178e-16,0.0,0.006451628357172,0.08910564469794428,0.0068519509475057,0.0,0.0,0.1895286153430334,0.2177571687187689,0.09726331817607083,2.569741662566105e-05,0.007148133257336005,0.04065263405889934,0.20967692434787746,0.26408891826868053,0.010865807502220043,0.010387331790601188,0.07800841949259238,0.08089079965526855,1.401298464324817e-45,5.515700938502343e-16,1.401298464324817e-45,6.59491939463201e-16,2.2043818837432237e-15,2.193817112728237e-15,6.567715460511921e-24,4.4650869466578976e-24,0.025649386271834333,0.031657102859268545,0.08404360124841329,0.024938655234852038,0.06171733293643527,0.02096954254620107,1.611888948781785e-23,6.671583126837697e-24,0.03221092720826461,0.01727277403697367,0.017181981851657185,0.005745469094699695,2.3888758855928815e-05,0.02910870749158975,0.02949607348750757,0.22690431990041965,0.26776226512156426,0.1482548317571844,0.15532872465871958,0.2545034016172091,0.32147184237837784,Fear__Surprise
1701085823245-2-23-4-23-2,23,Fear,Surprise,0.10130641927632188,0.06179447293009917,2.768884048864421e-07,8.948096846614582e-08,0.03501737876795228,0.02971213555041075,1.401298464324817e-45,1.401298464324817e-45,5.465098555253885e-17,0.018170648549372906,0.03477200307554537,0.03846763766908904,0.03176766168326138,0.032766149432407694,0.019366593306085367,0.0199875940911823,0.0,0.01492176762549202,0.07462854739666601,0.00142785008647479,0.0,0.0,0.1670592509268048,0.18334951238921465,0.0861365645503004,1.006949789501832e-07,0.0018035624298270239,0.021693841989862066,0.0836427652063624,0.07900998445960186,0.008923806731278645,0.00770064704605219,0.004091500999250708,0.006511107956369667,1.401298464324817e-45,4.671607032576478e-08,1.401298464324817e-45,7.231575615222058e-08,1.4816608495451615e-07,1.2361393875332897e-07,7.517198387756479e-14,9.272762167751856e-14,0.005964911990789257,0.0073652706497038,0.06311341834784111,4.8170654489252736e-09,0.052072927213555394,5.9869004902134275e-09,9.529776270572959e-14,2.4939306042028755e-14,0.029149009163180938,0.005102342866083866,0.0042196000295841325,5.479520779371379e-07,7.406624377509496e-07,7.062689579850898e-15,6.914311350250968e-15,0.21229325257105905,0.21439237617026566,0.20477464268652198,0.18682641633366162,0.044460582360625216,0.05988774448633189,Fear__Surprise
1701085827129-2-23-4-25-2,23,Fear,Surprise,0.05833723364630709,0.01615652335652456,4.105861255966234e-24,1.1383694422233479e-24,0.04417482012594667,0.03593006326518657,1.401298464324817e-45,1.401298464324817e-45,1.5107268079115934e-07,0.041982158273458435,0.13666113093495366,0.13288884460926054,2.852392099541021e-08,1.4803001896100328e-17,3.045502526988276e-08,1.931105329991775e-09,0.08487204487125075,0.17375486691792802,0.0,0.0,0.0,0.0,0.2832163843089906,0.30651266213217243,0.14748021823664503,1.1699642776214198e-24,0.00516666046667823,0.05972482133656756,0.0412901559223731,0.02827311891887798,0.0038847871619509065,7.52510509151024e-05,0.04948975170652067,0.051647254483153396,1.401298464324817e-45,5.038389262812124e-25,1.401298464324817e-45,8.154524182657407e-25,2.11402017364734e-24,1.5375486298723854e-07,1.7417756002028237e-07,5.424953444249878e-08,0.021485776423166156,0.022285343209902404,0.08584647496463726,0.006226424050983762,0.06682192637599652,0.006786119803314216,3.270720194760394e-32,9.134535072036759e-33,0.035700817592441994,0.009514727373607429,0.008621631345401181,0.0013752876491551329,6.900110172398481e-07,5.282021709222355e-07,5.5180787861493286e-34,0.33614874867368294,0.34763718817539485,0.2561080860905349,0.2641115120576438,0.12471846391757326,0.14404356231292087,Fear__Surprise
1701094692584-2-27-3-20-2,27,Fear,Surprise,0.25704320520162577,0.19908136626084644,4.3337079142562024e-23,8.276089195997455e-15,0.16611735920111334,0.11558270255724586,1.401298464324817e-45,0.0,1.1078435337630866e-10,0.24567289501428602,0.21138391494750974,0.2190993398427963,0.000729113649125156,1.2138438402568377e-13,0.0007697444890102801,4.063084890234753e-05,0.010841191932559007,0.03532406464219092,0.10135437448819476,0.039420674555003615,0.0,0.0,0.4684807648261388,0.4517210702101389,0.8786630352338155,0.00685985414020246,0.006851081997835173,0.09206874072551724,0.10044467436770593,0.1557635739445686,0.01329757167647277,0.005266545172101616,0.0830178199956814,0.07400508448481555,1.9595633502794177e-14,5.178171936430048e-15,1.9595798171754923e-14,5.827356320144076e-15,1.6563415400538604e-28,2.026769433666167e-27,0.007015106256100464,1.7373083195957027e-10,0.2196058263381322,0.23337995707988737,0.023385269101709082,0.039224073601265716,0.021962357560793507,0.01833149814046916,4.858409341530519e-18,7.112448759196525e-18,0.015226807196934962,0.04218827467411752,0.05255744817356264,2.718028943953018e-16,2.9133389995185505e-19,0.05786816726128255,0.04690031744539733,0.26736505230267843,0.2525874142845471,0.06903617916007833,0.0902631777649124,0.5657198150952657,0.6503436396519343,Fear__Surprise
1701094835647-2-27-4-9-2,27,Fear,Surprise,0.058379951565681605,0.05296429061563681,0.0019798041773133224,0.0016033017096977382,0.23137585024038948,0.1680368972321351,1.401298464324817e-45,1.401298464324817e-45,0.07852918755029692,0.09169535954192679,0.023304869048298312,0.023612428270280643,6.111933254537806e-05,0.002107675916119846,0.0007114380972541209,0.0027578001634878295,0.0,0.007723916155130893,0.10568424314260479,0.027071621827781178,0.012912124892075844,0.01297830535719791,0.2746651922663052,0.32136752704779303,0.06847585409802072,0.0056722497188682235,0.00614951618366221,0.027852412074591822,0.3412381713589033,0.41601656277974447,0.14951900777717428,0.14049420457711975,0.061960547789809126,0.0648212890140712,1.401298464324817e-45,0.004432302769511273,1.401298464324817e-45,0.005271442206488533,1.3566539315410506e-20,1.2270085076939134e-20,0.007124496416002048,0.009427532595181339,0.02488835471227975,0.028610680297332332,0.011247388647946834,0.011020769513409771,0.01049117254834373,0.008105625289802734,0.02679565921363369,0.02819710974274919,0.018045107151071185,0.00098438639348993,0.00031929138737419335,0.0019801673952670458,7.393979964052239e-13,0.01062573488646492,0.0003947537558241937,0.1308521741069853,0.16561262545486286,0.04217671087776576,0.14985373419088618,0.04633993127693733,0.047523377044438986,Fear__Surprise
1700747384624-2-15-3-19-6,15,Surprise,Fear,0.050394556795557294,0.0016737171443916067,0.0024773789330339237,0.005955450177073798,0.03381134650359547,0.03773449063301082,1.401298464324817e-45,1.401298464324817e-45,9.317322340009567e-05,0.010709296934752834,0.0008425918097298758,0.0026631494984032927,4.517509052022935e-22,0.022156724892556618,5.821550938026213e-11,0.022152876233061107,0.14224802205959952,0.21655541708072024,0.02705877472956975,0.015621981024742122,0.0,0.0,2.653315332630986e-07,0.0005351943513990631,0.3124451437344153,0.005599443414151464,0.01137800689515032,0.13266693612871067,0.02488809346708266,0.062351868365658404,0.004393544427651342,1.2596164096669605e-14,3.4664254705321766e-21,2.8961027787116848e-21,0.0037876021205296893,0.06577559880048886,0.004156525944933267,0.07253081367768265,2.2717014158524465e-33,1.401298464324817e-45,0.05292779911324028,0.05959847536772331,2.0806933015945125e-06,0.00032452310998396747,1.1506408386284473e-11,7.991821114336841e-08,2.3613871708202656e-10,4.1435898297942365e-08,0.003586850105181326,0.0031889454057012984,0.0619585724547505,0.15702396258711812,0.1314723746851086,4.6282544636788713e-07,1.401298464324817e-45,8.537478699413815e-10,9.95622490343722e-09,0.0003184771623989443,0.0017591590552761855,7.234000011212735e-08,4.508893630845538e-07,7.991854651474105e-20,1.2805915476008516e-19,Fear__Surprise
1700577733309-2-10-2-1-1,10,Disgust,Happiness,0.05912508436789111,0.049544694057355274,1.401298464324817e-45,1.401298464324817e-45,0.24425866603851315,0.19361263066530224,0.0,0.0,0.00019660696076850002,0.008235809486359344,0.10983733745912708,0.09106196748713649,0.01040209842224915,0.009016677613059671,7.329490737952972e-27,2.665341555074052e-29,0.0,0.0521966433152556,0.03412279919721182,0.0,0.10984431530038513,0.10979097584883367,0.0128921778639778,0.0072204567336787194,0.030703608985641003,1.401298464324817e-45,1.401298464324817e-45,0.002946017558375987,0.21372000128030774,0.35724162062009174,0.010865612234920207,0.0037043975527921704,0.04338113746295368,0.034510276218255316,1.401298464324817e-45,1.401298464324817e-45,1.401298464324817e-45,1.401298464324817e-45,1.401298464324817e-45,1.401298464324817e-45,1.401298464324817e-45,1.401298464324817e-45,0.01119766399885212,0.00840623684925954,0.095229610055685,0.020010514340052955,0.06989246880014734,0.01635827952995891,1.401298464324817e-45,1.401298464324817e-45,0.016415164122978793,0.008795622270554297,0.00804552063345909,0.00061380121624096,1.401298464324817e-45,0.02827335183198248,0.017229262413457028,0.0017548305583962134,0.024749676557257724,0.03329813302855954,0.28513783217531546,0.05547768560548618,0.05502362630019581,Disgust__Happiness
1700577744274-2-10-2-5-1,10,Disgust,Happiness,0.1252760334561268,0.11251070468376076,1.401298464324817e-45,1.401298464324817e-45,0.33584422469139097,0.27669238795836765,0.0,0.0,1.5698589657224275e-10,0.03403345645415999,0.18214713434378302,0.16914954582850136,0.01594888502733197,0.0076644987489062144,0.0040544689943393325,0.002528186794370468,0.00017809104853464333,0.06519148796796792,0.02129270040895786,0.0,0.08961443242927389,0.08948802873492238,0.039632524549961044,0.03469829754903908,0.06574031660590356,1.401298464324817e-45,2.98082932438697e-11,0.01612969543154272,0.21658632854620613,0.3113919158776601,0.01331116147339339,0.006203060066257508,0.09087295470138387,0.08549323777357734,1.401298464324817e-45,1.401298464324817e-45,1.401298464324817e-45,1.401298464324817e-45,1.401298464324817e-45,1.401298464324817e-45,4.466634197699048e-11,1.401298464324817e-45,0.02779221565773084,0.02655127105923986,0.11864049881696696,0.05145930858949817,0.09009737869103747,0.038357091043144415,1.401298464324817e-45,1.401298464324817e-45,0.02047934842606381,0.07261985143025713,0.06744538483520346,0.0036528941951364286,4.0703854884778246e-11,0.04697999563068146,0.03522067237645384,0.0172786994099927,0.020590647185842147,3.9483711107481814e-09,1.0557958022341015e-07,0.15895532661428052,0.15720645282417534,Disgust__Happiness
1700577841033-2-10-3-1-1,10,Disgust,Happiness,0.06420117380718386,0.04000726634015636,1.401298464324817e-45,1.401298464324817e-45,0.3667802274227142,0.3256416961550712,0.0,0.0,0.0005437711515696533,0.053583955702682325,0.22068381980061527,0.2072342713673909,0.025463335792095206,0.015658585119896463,0.0,0.0,0.0,0.0,0.15132562716801956,0.0651951475689808,0.09391054662943737,0.09430410332376288,0.009943029870434305,0.001701112614538628,0.10325417489317862,1.401298464324817e-45,0.0007850030863967867,0.007059882658844183,0.2113058341046174,0.19265292572478449,0.0108656426891684,0.0024563907519743865,0.12502161686619118,0.12429037106533841,1.401298464324817e-45,1.401298464324817e-45,1.401298464324817e-45,1.401298464324817e-45,1.401298464324817e-45,1.401298464324817e-45,1.401298464324817e-45,1.401298464324817e-45,0.02806349474315837,0.02958067857349907,0.14958420867721237,0.07750733395417525,0.11430019388596212,0.05817773283148801,1.401298464324817e-45,1.401298464324817e-45,0.021441632478187436,0.03457762449979781,0.031163904443383208,0.0029463215653473935,1.401298464324817e-45,0.03548474473257855,0.028079940610526398,3.872838152573611e-05,9.360830384441088e-05,0.08130033201280938,0.08692028995913761,0.21302144148697452,0.22513591125607488,Disgust__Happiness
1700578007024-2-10-4-0-1,10,Disgust,Happiness,0.247528763115406,0.2009154749413331,1.401298464324817e-45,1.401298464324817e-45,0.7770044902960459,0.7721011737982432,0.0,0.0,0.0019198443045145668,0.26288930426041285,0.6558175484339396,0.6385114431381226,0.23533602878451346,0.20026260986924166,0.0,0.0,0.0,0.0,0.28215299074848493,0.19573561102151868,0.3182433446248372,0.3206996147831281,0.07553332156191264,0.0763979516923427,0.42244074245293933,1.401298464324817e-45,0.010853518545627537,0.026262994172672374,0.6701861441135406,0.5712210059165954,0.010865637194365212,0.009690607152879177,0.48693643709023793,0.4912057280540466,1.401298464324817e-45,0.00183585340661614,1.401298464324817e-45,1.401298464324817e-45,1.401298464324817e-45,1.401298464324817e-45,0.007440808644362993,1.401298464324817e-45,0.12403329735000924,0.14327152818441385,0.2914880156517029,0.20930097997188563,0.2377421418825785,0.1727092921733856,1.401298464324817e-45,1.401298464324817e-45,0.028281835963328627,0.2871340642372767,0.2851446921626727,0.0010617170291273407,1.401298464324817e-45,0.10824019312858577,0.09579361478487645,1.6100879736136163e-07,0.006739997288779355,0.0021475727523332516,0.023798714267710793,0.6695420463879903,0.6888316412766774,Disgust__Happiness
1700747230387-2-15-2-1-1,15,Disgust,Happiness,0.1723410597691933,0.14780121942361193,1.401298464324817e-45,1.401298464324817e-45,0.2928251944171886,0.2750141651990513,1.401298464324817e-45,1.401298464324817e-45,0.030047756806015957,0.040727071960767094,0.072562338411808,0.08048328012228011,0.031500991899520145,0.1300771195441484,0.08028399288321078,0.11120457686483855,0.022935833999266193,0.08609708721439041,0.05775816987734286,0.034753359310949826,0.0,0.0,0.03537825594345724,0.008412732416763857,0.01789930323138828,1.401298464324817e-45,0.0040052067177990865,0.0018223061229866945,0.33605353621145084,0.21006804800504117,0.00711706672057815,0.00190498289496947,0.27183590481678643,0.2870402866974473,1.401298464324817e-45,0.00019660711598893,1.401298464324817e-45,1.401298464324817e-45,0.0011387368508924967,0.0011387368508924967,0.0022009859016785937,0.0034265854706366735,0.02654645647853611,0.034810871694039944,0.07770469480504591,0.03832052884002524,0.0538112080345551,0.03113702982664107,1.401298464324817e-45,1.401298464324817e-45,0.011402796102144397,0.038229632005095465,0.03292615177730718,0.0040052067177990865,0.00167328029250104,0.050319803459569795,0.040687824242437866,0.0035515915466627136,1.5992537709628532e-09,0.0008178072280618967,0.0008144383978408865,0.23017565595606962,0.2243918765957157,Disgust__Happiness
1700747240521-2-15-2-5-1,15,Disgust,Happiness,0.15023945619662596,0.0997152651349703,5.032459561578294e-33,0.0004781875338270899,0.16103087812662123,0.15629313979297874,0.0013214200174843224,1.401298464324817e-45,0.003879414679365311,0.010963427110096293,0.07373143304915475,0.0961367873474955,0.0006888762737347828,0.060760623471859725,0.017515898216516664,0.06807887268563108,0.12830876459678012,0.20280042737722395,0.019819693764050794,0.008315830429395033,0.022109374900658917,0.022202196717262267,0.009279756137463317,0.005673057963184509,0.15339332347114878,0.01292468747803161,0.010864933021366546,0.04902046650143647,0.26626789147655167,0.23487017552057898,0.0356268224616845,0.00465435177223597,0.10879244847844043,0.11542660783590113,1.227800750074633e-35,0.0004781910620588485,1.881877846206952e-35,0.009461930437828357,1.0723588525385106e-33,8.843683236526877e-10,0.0014405813869811655,2.3510000688491245e-09,0.03526524472981687,0.0365271893019477,0.6431531762083371,0.6743693488339583,0.6187172849973043,0.6559431858360767,3.186621613732511e-18,2.18561689229462e-40,0.05158091395472483,0.1067722730338573,0.0908337656408548,0.010066247611151333,6.994160478080735e-12,0.0026525711020817942,0.00019658630147803755,0.004288389982927233,5.44945178247482e-11,0.004301239438879382,0.0030825572340547613,0.0730370882277687,0.079799100694557,Disgust__Happiness
1700747349332-2-15-3-1-1,15,Disgust,Happiness,0.22653696636358894,0.23258363505204516,2.2116540058406772e-35,0.0011987473735946893,0.9298985739549,0.9307796518007915,1.401298464324817e-45,1.401298464324817e-45,0.03338646572859331,0.07402437527974443,0.26858152548472086,0.26103540460268654,0.10050981131692723,0.16382824244598543,0.01624348076681295,0.020227071891228347,0.0,0.0016274997731670633,0.12125153144200639,0.036781852971762376,0.035210171217719674,0.0353037854035695,0.07891368096073464,0.021473375335335675,0.12907854939500488,1.412365216841661e-32,0.0108656426891684,0.005333971813380799,0.7040987849235535,0.6686859031518301,0.0058663410609975505,2.7581865969633477e-12,0.9260289996862412,0.9273020684719085,1.401298464324817e-45,0.010027575950759099,1.401298464324817e-45,0.0008986917943123393,1.401298464324817e-45,1.401298464324817e-45,2.5969497388459807e-07,1.531261313571693e-07,0.13825842092434562,0.14892368987202642,0.1466756850481033,0.05194890312850471,0.09045975531140958,0.06213310398161406,5.269752455562632e-38,1.401298464324817e-45,0.004101164398404414,0.4595348079999288,0.4326154251893361,1.3464013167291579e-11,1.50981589414787e-37,0.010302836882571347,1.2193214253250797e-11,0.00011353367238842352,4.7353120391502307e-08,5.81973292278726e-26,0.0005290097246567334,0.2787885293364525,0.25388617068529123,Disgust__Happiness
1700747382885-2-15-3-18-1,15,Disgust,Happiness,0.28626266121864313,0.21647486984729764,3.6006921092021485e-26,0.010846200802673837,0.9994931717713674,0.9994936068852742,1.401298464324817e-45,1.401298464324817e-45,0.0452339824289083,0.12053150509794548,0.42095074653625486,0.4144987424214681,0.004637313882509833,0.21983873099088666,0.09501545826594031,0.18764413545529043,0.02453168894474702,0.09910992607474323,0.011671328855057542,0.0,0.0,0.0,0.005286728485710487,0.009974233986576963,0.2609121282895406,5.458578287361461e-24,0.010862320537368407,0.016187353121737587,0.6138785401980082,0.5327347020308176,0.010865642658124312,1.0186181611128904e-06,0.99949325521787,1.0,3.8767251179955653e-31,0.010846200957894266,2.718839496325845e-31,0.0005739393798042414,1.808400490033734e-25,1.401298464324817e-45,0.0024633915393981465,0.00243287562770997,0.12277430494626358,0.13283884425957992,0.1873955612381299,0.10958401312430696,0.12461272055904066,0.09593934441606199,1.6291482427095505e-25,2.7269501535234416e-26,0.012727338168770023,0.4918139090140661,0.45375311573346455,9.43622616788311e-05,1.401298464324817e-45,0.04304431031147634,0.013240891951136242,2.9895170897316824e-07,0.00010351017779914618,4.269019392184033e-05,4.8354887006783146e-05,0.644540955622991,0.6158115903536479,Disgust__Happiness
1700747534547-2-15-4-12-1,15,Disgust,Happiness,0.43414384399851164,0.34496318480620775,1.0165105334713963e-18,1.0165105334713963e-18,0.7500603000322977,0.7132663726806641,1.401298464324817e-45,1.401298464324817e-45,0.0664715919384131,0.2221467655152082,0.29318466186523434,0.293006693571806,0.02841060676713592,0.22980588320642706,0.20233874693512913,0.2410738095641136,0.040661344925562524,0.060622240851322805,0.13587780495484666,0.0693878405417005,0.03319868594408034,0.03289277553558349,0.010233308964719318,0.0028572076921893935,0.12163969824711478,0.004505855699788715,0.010865417650590294,0.005367931765582969,0.6318908939758937,0.5289450357357661,0.03900523165599826,0.012901688492759862,0.6265430077910423,0.656639785071214,1.401298464324817e-45,0.00846337326559776,1.401298464324817e-45,2.5707518828613284e-38,0.00848921862986264,0.009966079613271428,0.016950473226703813,0.01371831590416448,0.2359563523282607,0.24581277842322982,0.2175266839563846,0.1198530731722712,0.1795205594350894,0.1040064416825771,1.47270253841849e-38,2.095553230611885e-38,0.013392335735261393,0.44722114453713097,0.41647297888994217,0.008433626187130916,0.0030479704953601154,0.26235164508182907,0.22953525095893684,3.087143260623885e-05,9.533152094086274e-18,0.021681760078918703,0.010413176890817718,0.6056938116749128,0.6024723966916402,Disgust__Happiness
1701094669809-2-27-3-9-1,27,Disgust,Happiness,0.21312050031653293,0.17978053746046496,1.3867679394519805e-23,1.943333352705686e-15,0.408430973192056,0.358988214780887,1.401298464324817e-45,0.0,0.03261998900776872,0.19085062687712095,0.17421132030712363,0.17539579973937122,0.16676418008282778,0.1495384222245775,0.028070823530045634,0.024507245871548834,0.0,0.013368146121501907,0.10096714471777275,0.028094571161394282,0.03586804543932277,0.03593856121102967,0.04174998673384491,0.030916812118729774,0.2744674368470441,0.0031635948745436216,0.005006586320511482,0.1543753245224555,0.27835772285858784,0.42566412190596264,0.01342274829124406,0.004735670852339005,0.22485818595935897,0.22430875838584444,1.401298464324817e-45,0.0017905055126248978,1.401298464324817e-45,0.0007289377308315416,0.003058088029622915,0.00429492944743456,0.018083395119999065,0.014854058242809836,0.08990623032067709,0.10234791530401702,0.08077302207793033,0.08329970425082113,0.07014005766089221,0.06879218041008928,0.004306204672313383,0.0045984357146651705,0.023662188493957074,0.09981254165371836,0.09709597709589829,0.0040038405278058275,0.0013434842377516543,0.17266318568338948,0.16051707673390284,0.07084526345133776,0.015462083189917498,0.002159905331528931,0.011547985954185373,0.40898479664077364,0.4502741744741797,Disgust__Happiness
1700479113933-2-1-2-4-1,1,Disgust,Fear,8.096000079212888e-29,4.177110135311778e-29,0.003926841214706607,0.0027608185976229164,0.01029385908429195,0.0011789645118154223,4.7933783670142834e-20,1.3457599387440502e-19,0.0004006488611631369,0.018990690571566375,0.008555181449033493,0.010364636654919098,0.00641688875669477,0.00265270958871798,0.0,0.0,0.045801229712863725,0.1313812764982382,0.0006213083552817466,0.0,0.1188388424615065,0.11843307316303249,0.001587947900678875,0.00036593275625431266,0.2588914692401886,0.006387416466880768,0.01196954313563759,0.17229114295914766,1.401298464324817e-45,1.401298464324817e-45,0.037533960761114274,0.03273871645875863,0.007181434730783666,0.008283211428657226,0.0070035147952383,0.008029308961738455,0.007064222761760062,0.007567856287350096,1.95104359913555e-22,1.9510445852979635e-22,0.053358457587286495,0.052982758338299615,0.07478780437959354,0.08014069252240001,0.006188078758472589,0.006438254003630046,0.005527867348392864,0.005673282341179679,0.007005817842176025,0.005298898673154047,0.053006424785902055,0.5395546299715837,0.5339281665782134,4.01206720684541e-09,0.0015654757953147001,1.401298464324817e-45,1.7365631500333164e-22,0.01121568509843196,0.0041169682789282906,1.401298464324817e-45,1.401298464324817e-45,0.011555253026184154,0.023478730954235846,Disgust__Fear
1700479117593-2-1-2-5-1,1,Disgust,Fear,0.008945245497549546,0.0019173616899896043,4.6326316615028077e-23,4.5787370552912634e-23,0.02068905740355448,0.007396152111506474,6.428051291489065e-35,1.8047014503010921e-34,0.04260473269985116,0.07287703702847158,0.03378444234840568,0.038328746954599965,0.013882263912110667,0.006923520801804737,0.0,0.0,0.09560790657997129,0.1816769073406855,0.0,0.0,0.1316676682326942,0.1309891735358784,0.016218985304294574,0.027149357191713786,0.20075910693655408,2.442809981474558e-16,0.011833947731550566,0.042520290018243596,0.000979956672804768,1.8549739046996894e-05,0.3850030421783837,0.3617299489395615,0.028846772286730448,0.037473470846695466,2.0567406418869893e-06,1.0998464447660777e-11,2.0567406418869893e-06,1.971874347417302e-06,2.616403671031188e-37,2.6164044725739104e-37,5.8784603970627365e-08,5.465631701266525e-13,0.33577339006587864,0.3688443097285926,0.05457140629490211,6.264860095538811e-09,0.046569998189806894,1.5229089915902625e-11,1.6761446818312283e-11,1.3273469279338035e-13,0.020836167627324605,0.17737261532383852,0.18009722460216526,1.4228697425427984e-07,0.007545792632322585,1.401298464324817e-45,2.328779621775682e-37,0.006471662408633426,0.009236847294960117,1.401298464324817e-45,1.401298464324817e-45,0.058851343082884894,0.08878888947268322,Disgust__Fear
1700479274174-2-1-3-18-1,1,Disgust,Fear,0.004689312298144883,0.06617983989417549,0.001677566487853582,0.0014347927881491957,0.13543521209309495,0.09869895784189182,2.2887874917305345e-45,1.9151079012439167e-45,0.05871764816110949,0.060282402651015775,0.03902188756352694,0.04167269770424312,0.0025416977907297906,9.050716139332289e-05,0.00336508367519455,0.0009139336226744315,0.0,0.04087264810999231,0.04584744082142903,0.0,0.0,0.0,0.1736907586455345,0.14245099400480585,0.1560946333222091,0.01181931213165917,0.014771176116482772,0.1264524584655147,0.11876531528929865,0.012364352177451231,0.19073603209108111,0.18233869989247367,0.14641765318423064,0.15390144859839455,0.0027040821228486596,0.010200421383313233,0.0003232871803144566,0.008976518564548388,0.004488648880821202,0.004488648880821202,0.08264000810695503,0.09009630492849582,0.023673646086717737,0.023340490164021763,0.07060803608846983,0.029641296778997114,0.055496605899547836,0.02357682473226906,0.0683745628261628,0.05969334342710982,0.09323531656215585,0.08257043883204458,0.08207672666758298,0.0032396341700025957,4.293063030384274e-06,0.0020226932663765075,0.0009502468282711456,0.11568607240915293,0.10172837997476256,1.401298464324817e-45,1.401298464324817e-45,0.0714300671063872,0.06703057646810434,Disgust__Fear
1700479411435-2-1-4-0-1,1,Disgust,Fear,4.465512632021992e-16,1.498575271073272e-31,0.006393382416839165,0.0022206564322307582,0.023238582598666308,0.00531555243602873,1.401298464324817e-45,1.401298464324817e-45,4.312955593834053e-12,0.022945223647305547,0.007403872048272529,0.00962064701878906,8.609577764811674e-43,3.1038687717292054e-28,5.560355235122678e-32,3.104424886868853e-28,0.009482431706661944,0.08557876475776233,0.011630054516717774,0.0002496460724311533,0.0,0.0,0.009083641902786084,0.013190732800042754,0.22081361661354698,1.6155421485295633e-05,0.009385484049562326,0.030108568941553383,4.686041114229666e-05,2.0232155778403285e-05,0.05798639114946121,0.05614347361794591,0.0014785559469905937,0.0011809947289975133,1.401298464324817e-45,3.0885763473570415e-07,1.401298464324817e-45,2.2838316096202017e-07,1.401298464324817e-45,1.401298464324817e-45,0.0016769825699876853,2.3701847908751734e-05,0.040536990513404175,0.04232825602715209,4.874907548200088e-14,0.003584076096421968,2.0500744220622315e-08,0.003615129719658669,3.0885763473570415e-07,1.401298464324817e-45,0.030336871556937654,0.5066019268085559,0.48667982332408427,3.903177064190763e-10,1.3087096953326247e-10,1.401298464324817e-45,1.8169381382747892e-07,0.02857171061138307,0.026902303444997666,1.401298464324817e-45,1.401298464324817e-45,0.016962198928620383,0.03215570868924256,Disgust__Fear
1700479438658-2-1-4-15-1,1,Disgust,Fear,0.06398324236933298,0.01087134913208651,6.146664876568083e-06,9.114059772065286e-06,0.10981975595156349,0.06443460043519732,1.401298464324817e-45,1.401298464324817e-45,0.0186460945148572,0.049924109627803116,0.06471617464624746,0.07157043435899957,0.0160264362605327,9.209865787479611e-05,0.021938087853292595,0.007294556568155604,0.033880552308013005,0.11688672179977094,0.0036501229313822964,0.0,0.007756529810527953,0.00773062563190857,0.12756456993520257,0.1044013068079948,0.08353613456711169,0.0038695338888766915,0.004777463111956074,0.0044842014358766145,0.14734230681012067,2.5512902238417004e-08,0.20788223852093018,0.1833520890416063,0.11192417106346643,0.11766801191629823,6.020343054149575e-39,5.917326639922245e-06,2.8193316085901912e-39,5.845400854901743e-06,6.908178813280763e-06,1.0502793378283464e-05,2.739561493200398e-07,4.058036344838523e-07,0.1291593773911396,0.1370552542308966,0.09203381447268835,0.027473589199532095,0.07616809535150723,0.020877272990588794,1.9853316767293182e-06,1.294724807578946e-10,0.033329578737417806,0.158682522829622,0.15565288209666805,0.005059359029170657,0.0009898281011070601,0.037319423188577595,0.039851571139831996,0.06767748544613515,0.06506848558783526,5.7154562929920276e-30,6.172334549708238e-31,0.12061070988420393,0.120405933757623,Disgust__Fear
1700479457287-2-1-4-26-1,1,Disgust,Fear,0.017180768221927153,0.06740312321732438,0.0031281439347242324,0.002770920542394319,0.03879301793252424,0.01376801008979475,1.4729052829513034e-40,2.6810128002930034e-40,0.04490156932779661,0.04894369811469039,0.02113187134098765,0.02197261360403099,0.004556465151836129,0.007304435162359349,0.009509945228031298,0.012257332298546888,0.0,0.0,0.12569279521703716,0.03916378418604529,0.0,0.0,0.14728203738729156,0.12501220578948652,0.07990073620652156,0.009910699360898409,0.0070464921364873185,0.028485431860891905,0.05574240772984917,3.706449222747506e-06,0.19972587915447848,0.18272105983141954,0.005937675979714138,0.005273325127935378,2.7581339975085917e-28,0.015261146798797509,3.684967573683708e-28,0.016086805600274923,1.401298464324817e-45,9.434011144258842e-12,0.04059683565328666,0.04409210260366001,0.041032522388438,0.04563871563732387,0.014473875427594589,0.006761559224448622,0.009692801173393158,0.002812873199151382,0.030538209168384234,0.023056035655705857,0.030307941449185163,0.24090189904880097,0.2370536228766981,3.652632420680461e-08,1.2752160568968059e-11,0.00802318590630854,0.00887763292218247,0.028818979083249922,0.04417335595935578,1.401298464324817e-45,1.401298464324817e-45,0.03225182326537503,0.03478606086566091,Disgust__Fear
1701085829241-2-23-4-26-1,23,Disgust,Fear,0.13945955199499918,0.06415715826927525,0.0006705342367543471,0.0006705342367543471,0.12310492886851226,0.11309978968153395,1.401298464324817e-45,1.401298464324817e-45,0.00812411164940081,0.1677879016846418,0.1568732048074404,0.15881973356008527,0.028935829190600185,0.04879694269038737,0.05812293978665984,0.05601131110644389,0.15442310596505798,0.23140344793597853,0.03981044168273608,0.029669270912806186,0.0,0.0,1.0965347437922694e-09,1.160703759957767e-09,0.10328789260238405,0.004994473606348016,0.00620099609950553,0.17593358711614782,0.19269370188315707,0.12198213140169777,0.03318815824653329,0.019152687722829957,0.10507965559760726,0.10466009837885691,1.401298464324817e-45,1.2873839570885723e-34,1.401298464324817e-45,2.083603131681967e-34,5.4016380612968805e-34,3.7000679509411524e-17,4.2139838066562544e-17,1.362975416914384e-17,0.10925566876928007,0.10825992921988165,0.10444333463286355,0.049177676935990615,0.09041557700062788,0.04272390988965825,8.357017071591533e-42,2.3342362719234694e-42,0.0354485366493463,0.07300196622495829,0.06650165314270544,0.0058586236773407584,0.001134210346693614,0.08629418242635434,0.08245533509495236,0.023863917740527495,0.015820827230345412,1.9766929184764542e-23,0.0015032899114147498,0.4415781492988268,0.4783274953564008,Disgust__Fear
1700747244029-2-15-2-6-2,15,Fear,Disgust,0.273511888521413,0.25724207442253827,1.401298464324817e-45,1.3329922775853937e-11,0.3352068096399307,0.29545667904118694,2.566181922472687e-19,1.401298464324817e-45,0.0046974040329426,0.022179560659429873,0.016754251987974044,0.025106276595761257,0.03399891155422663,0.10571579617680978,0.009812973326136072,0.029410559616129203,0.12658821592728295,0.20854482835469143,0.0038373054315646465,0.0,0.06687951954081653,0.06636400138959286,0.028954482101835263,0.02883248173942164,0.021529741088549246,0.0009187824538759316,0.0050760332927086895,0.008659226928527103,0.513965976929588,0.5930105194449424,0.027829309071724557,0.0064348957686885715,0.08024572355326992,0.08835613590919775,1.401298464324817e-45,1.1383136752162397e-11,1.401298464324817e-45,1.581195215592864e-13,2.033979490383926e-12,1.1774198836557096e-11,1.6167930512684487e-11,1.1221561585438713e-11,0.02224690817529331,0.035856213571969366,0.03555361381676596,0.004369918999777346,0.02403396995526212,0.005634089971018853,3.5384852066976084e-34,1.401298464324817e-45,0.01815803872110939,0.050096324183201986,0.041876659563664924,0.0017377135469728625,7.766264459478578e-28,0.06488815019838526,0.04429879819120632,0.003162417075703045,0.0005299936374891574,0.030575729172293963,0.028952835880530332,0.07575757473247596,0.11336889050997644,Disgust__Fear
1700747253760-2-15-2-10-2,15,Fear,Disgust,0.04231258171300089,0.04976042894025639,2.2756088367003525e-23,6.491993715796884e-23,0.09901099105676012,0.08337177981932954,1.401298464324817e-45,1.401298464324817e-45,0.00014743173530515604,0.0026727691618200515,0.011737590898216327,0.01846913661186889,8.880603018150155e-20,8.099492739312685e-06,6.649065878358875e-19,7.599379993430109e-06,0.11610742968817549,0.20189951707919435,0.0,0.0,0.0706862175216277,0.07018993583818274,0.022246181949352174,0.01257693454002335,0.04042882993817325,0.05335715475181733,4.250829742616311e-13,0.015721994234869825,0.3277558187643687,0.18138319936891392,0.05371020212769504,0.004799378445992843,0.0647819506625334,0.06631243738035357,4.0698959442860324e-23,8.043745486655659e-14,4.023092038606563e-23,1.0518753148113163e-13,1.401298464324817e-45,1.401298464324817e-45,1.2583449179015215e-13,0.0005106208032830444,0.0110819669750829,0.016931996494531573,0.05064051449298854,0.0084130866065,0.026241926910976522,0.016054905578494025,2.441022927204099e-24,0.016917863860726298,0.03557789201537764,9.543469097324693e-06,5.882392872536003e-06,0.1788720868527889,1.401298464324817e-45,1.0696578277679438e-44,1.4246534387302306e-44,0.02712182491862521,0.013718161360641985,0.277902286251386,0.2704344429075718,0.030624118726700497,0.006964480918092357,Disgust__Fear
1701094684847-2-27-3-16-2,27,Fear,Disgust,0.4411316821972529,0.3967315514882406,0.0010878506741104897,2.739291455640854e-06,0.2775686129927635,0.26309620986382165,1.401298464324817e-45,0.0,5.10325829139817e-10,0.2400798479715983,0.2331381929417451,0.23681717192133264,0.01721294805174689,0.06237662024796003,0.0,0.0,0.10319592468440532,0.1296064170387884,0.09511079962054886,0.03626113610031701,0.0975470412522554,0.09741557774444416,0.37784569958845776,0.37079394261042276,0.4215488036473592,0.007382461437373373,0.0009954563212646642,0.05926719078173236,0.24793668140967684,0.45784035623073577,0.03941012204935149,0.02194559453055257,0.1151895036300023,0.11337278932332988,1.401298464324817e-45,8.874899453549985e-07,1.401298464324817e-45,3.0934094593417414e-07,2.346499011696146e-06,2.7847253579108926e-06,0.003282999028127926,1.9788755294606718e-10,0.2378790721297264,0.24926334172487255,0.04725740787883595,0.06749394523600732,0.04844711460173126,0.04946582062790786,1.141831643326564e-10,1.0825774452819229e-11,0.01881517392272746,0.1179938963303963,0.11102168075740335,3.3248781926527768e-06,1.401298464324817e-45,0.15959860160946843,0.16243316282828646,0.2046775047977765,0.1889740799864133,0.058063545388479985,0.07871777015971015,0.5932042529185613,0.6829394559065501,Disgust__Fear
1700479106931-2-1-2-1-1,1,Disgust,Sadness,1.753088585034155e-10,9.045009174516819e-11,1.401298464324817e-45,1.401298464324817e-45,0.010926250147167539,0.0006328509071595359,1.401298464324817e-45,1.401298464324817e-45,0.11033507188161211,0.08854747201209341,0.00034581543781991316,0.00027209184806144184,1.251631647681142e-12,1.0381270848076506e-18,0.0,0.0,0.0,0.0,0.15334871460994082,0.06724912077188488,0.09502647258341308,0.09544441575805342,0.0026888449603655134,0.0016578021148929277,0.12249910023335055,0.006955002356941474,0.009641156842311186,0.02507652686912938,8.435071407002773e-17,7.859172641740374e-18,0.19191492336491747,0.1847690285535039,0.000348660435821307,0.0003203577438699177,1.401298464324817e-45,0.00661297384649512,1.401298464324817e-45,0.0072767743685592905,0.011854038859989154,0.011202091155185645,0.06831276379525658,0.07306892002622284,0.01501496029591746,0.01601686645921818,0.007169780408295411,0.0023660217100522334,0.005803163353323868,0.002820354469925688,0.050494881222645414,0.0446819477404157,0.0886578891581545,6.965650131459079e-16,3.0645853671479487e-15,0.0008899988747624099,3.053897446225449e-05,4.811124727515205e-45,0.00090024407885113,1.308306885903221e-05,0.00013641752229883927,1.401298464324817e-45,1.401298464324817e-45,0.0022217103661301934,0.0012803028309271605,Disgust__Sadness
1700756730921-2-18-4-15-1,18,Disgust,Sadness,0.06252831162419166,0.03185715972795145,0.00713003631538049,0.007952059519648882,0.057397112986850775,0.04379656766298766,1.401298464324817e-45,1.401298464324817e-45,0.4541887824734052,0.36438769747813543,1.5333715088654677e-16,9.774845626480125e-17,0.15791009317352375,0.07211229257767333,0.015786570217460386,0.00786982058392216,0.21160078396399812,0.29594110560913883,0.00086510566373666,0.0,0.11243909218659001,0.11143219346801435,0.055282080559603194,0.06527458028867836,0.1335430640572061,0.012811956313415323,0.017890340105946197,0.010818570032029089,0.48835651494252186,0.2628378226276254,0.23126283061608696,0.21377242716650166,0.00709912128546349,0.005662053079994972,1.401298464324817e-45,0.010608997887494283,6.502330562585071e-07,0.015509054363156787,0.020421687952331014,0.019657949820373673,0.11158120212302537,0.11292651399662665,0.006074937670617401,0.0041793298155501386,0.01706671818043245,0.009421363593420013,0.013771217940753913,0.00522304452370408,0.04091427555792428,0.02878104224676826,0.09601834851006662,7.420882954675106e-19,5.258299613063648e-19,0.0012574541504321102,4.486668943382962e-16,0.008566551592622339,0.012298747618191138,0.08099278174340721,0.12227301076054568,0.06929710872645951,0.1422763516612273,0.005680095767183769,0.0015602091879294115,Disgust__Sadness
1700567691497-2-8-1-1-5,8,Sadness,Disgust,0.5252200739186568,0.5364319122720538,0.0015887092173215735,8.353215589881156e-37,0.5153353432609558,0.5100928351215176,1.401298464324817e-45,1.401298464324817e-45,0.44728058135982457,0.43516361933145997,1.6592698960557737e-18,1.4611898121347584e-18,0.47710770387760326,0.4556116036127302,0.010737974693377802,0.013843583626051727,0.05375777731339136,0.08988136763994889,0.06285671715935068,0.012903917425622517,0.011039135341222077,0.01105012299182513,0.035097524803131774,0.011005692294565913,0.025918771906193152,0.0034631275193532703,0.0026257671588553093,4.566075887532096e-13,0.20487258036931352,0.1947836172529302,0.0898979798927127,0.06860217468902002,3.383397184659791e-14,1.761599838094452e-13,1.401298464324817e-45,1.401298464324817e-45,1.401298464324817e-45,2.3074714712548657e-43,0.269730992314544,0.2706523884370957,0.37029356857213247,0.35926298283621233,0.023003149750608905,0.02660562106179814,0.11152822583292916,0.012082389790010948,0.10272409391279018,0.006544504827933145,1.401298464324817e-45,1.401298464324817e-45,0.03464268477012709,0.0013562251270443062,2.9547365640182213e-16,0.006083433235825551,0.0030968956780922604,0.45354784219016436,0.4528525504822028,0.03293344584065679,0.02557133297474739,0.03723430484927786,0.038242542598956354,0.08821300336265046,0.13396869243528325,Disgust__Sadness
1700567706828-2-8-1-7-5,8,Sadness,Disgust,0.7457286080248499,0.7410666365292855,1.401298464324817e-45,1.401298464324817e-45,0.6087865343932474,0.6032500106302242,1.401298464324817e-45,1.401298464324817e-45,0.45450227354823897,0.4245960969490034,2.309448430687643e-19,1.089613685841623e-17,0.7809431371504539,0.7428405781528833,0.0,0.0,0.0,0.022348627028986785,0.10187505061427747,0.038201482718189544,0.05988239776343103,0.06006240025162692,0.04251649522533015,0.004470742680132334,0.008733988862756274,0.0036575911971946273,3.162263534493004e-44,3.1239488777060505e-34,0.23438099250197408,0.27266045026481145,0.09371982576545479,0.06577004182878829,1.7910870168317316e-18,3.7357108737739463e-19,1.401298464324817e-45,1.401298464324817e-45,5.306010181935217e-07,1.401298464324817e-45,0.2683630441813646,0.27008756378371335,0.3646875499621523,0.3541738093827425,0.012953559550818358,0.01554933263251895,0.10707353809848424,0.008822603083209563,0.09599493939507127,0.007529705048623871,1.401298464324817e-45,1.401298464324817e-45,0.029483325872570222,6.0863063300507885e-43,5.8373423028890796e-43,0.010021917808019939,1.1685101333975229e-11,0.44508430899405715,0.4657942724957078,0.0013981569974323936,1.3164160247451188e-05,0.0002945248649705986,6.456561071297449e-10,0.04208001921554867,0.057722001696947654,Disgust__Sadness
1700567914515-2-8-3-6-5,8,Sadness,Disgust,0.7774104499427873,0.7734166112689612,0.01873446574124193,0.007234254277621667,0.703615163568558,0.6871960828555227,1.3914978402888214e-31,5.218993535479135e-31,0.6922454249438282,0.6417394914585487,5.3095405976159414e-18,4.4902517294682455e-18,0.8605198025703431,0.8352409174044927,0.007114206075251403,0.009763255805031505,0.0,0.0036194106366972583,0.111915910243988,0.029355877762039472,0.034634351637214386,0.034723239314431914,0.04202430214111998,0.027470708576341422,0.002516957270958034,0.020209854453181183,0.01690266341259684,1.3369021828402365e-10,0.23426592187704864,0.25804897269397786,0.20239666732307643,0.18019929441030244,6.445648907951381e-21,3.73801874679706e-21,2.465494669932924e-27,0.01754533581746117,2.3043750342622195e-27,0.010405190129919558,0.33615830590327583,0.33834931006034213,0.48293276862430085,0.4733975752565245,0.023200470364342127,0.029645831976085887,0.06490207633772833,0.017588417114667593,0.06169808585103432,0.007988292977619325,1.0750014886481425e-33,1.7222730885930515e-33,0.02947101141326124,1.1809803990787885e-22,4.246507929502937e-22,0.00835030202633785,9.27927821728842e-18,0.5227390501648188,0.5284946667030453,0.009777444412854138,0.012484366106218607,0.006288768584159955,0.003261017712464307,0.051135241692249374,0.07289348713357624,Disgust__Sadness
1700567916813-2-8-3-7-5,8,Sadness,Disgust,0.7154284596443177,0.7032702894881367,1.3278779287038294e-11,1.396358696855356e-06,0.577190879949679,0.5811011037480057,4.559171263629603e-42,1.7100185290002176e-41,0.3503979974563904,0.3561881016183996,1.739650285668606e-28,0.0038552228689089202,0.8626271095854463,0.8215186443179846,0.010205008378397903,0.007904225251210541,0.004938142098641633,0.058089742964754464,0.03392213466092165,0.00086081478123863,0.03537646641101063,0.03537971722010598,0.042518424925704755,0.021101860081156054,0.015029800208933802,2.800890279268578e-11,3.1163993004464375e-11,4.373335971436879e-21,0.28750486969947814,0.2632924576600392,0.014102545093434503,0.009666257610660933,2.1118992301589028e-31,0.0005754199448422863,8.078141067540193e-38,5.625377389124296e-11,7.550230177334797e-38,2.4894263439687333e-10,0.24589338184780105,0.24774082432701816,0.32428397114024043,0.31265145919379417,0.020647204988927075,0.03215404959031608,0.2576782282441854,0.015601899315030664,0.24309634435921904,0.014489908463692044,3.5592980993850357e-44,5.712626739564171e-44,0.030941798786322226,3.869451842536889e-33,1.3913584200832488e-32,0.008171258305568047,0.004692630140137496,0.40581857126311827,0.4252302530330964,7.830625325944142e-09,9.721063556848246e-06,5.665867335736392e-06,1.2997005038593108e-05,0.10621096348040734,0.1550180839858285,Disgust__Sadness
1700578047686-2-10-4-23-2,10,Fear,Neutral,0.020007301735070784,0.04299080244575934,8.94428657173727e-24,6.333264175907049e-24,0.050778020173311185,0.05848037699858343,0.0,0.0,1.0199865194315006e-08,0.0050301656079008,0.030702013955828954,0.029963457984574376,5.108265966793924e-07,1.4182202348501696e-07,0.0,0.0,0.0,0.0,0.181453301012516,0.09499971618254975,0.22713216195503869,0.22843551263213155,0.00029170983002584273,0.0014440925578431067,0.05229666117266924,2.992140358985702e-08,1.715650110932036e-07,0.001593771824677604,0.0071295772143896595,0.04644691242819095,0.004603430174635488,0.005865625685328226,0.0016287682492399135,0.0015871042653067319,1.401298464324817e-45,4.291001920031979e-26,1.401298464324817e-45,3.85253727343398e-26,1.401298464324817e-45,1.401298464324817e-45,1.068783592207968e-24,1.2115758037362745e-24,0.0025876915049198096,0.0015662605865801218,0.03488009807964161,2.527489473452147e-09,0.02365078063060835,8.587780621161757e-09,5.1346332601810815e-24,4.559484589918317e-25,0.013106207301219253,0.040576680412050314,0.033867229708024124,2.244702296499516e-07,1.401298464324817e-45,5.250243464889592e-13,4.8888799234589084e-12,0.00248985430225726,0.004112081929148736,0.4528240442276001,0.3643240973353386,0.011451013736232663,0.016495215193949725,Fear__Neutral
1700747378458-2-15-3-16-2,15,Fear,Neutral,0.054594250520070345,0.03719226450193669,9.596704639152845e-05,0.00022976517571676765,0.02367265703990895,0.024695495609193995,1.401298464324817e-45,1.401298464324817e-45,0.0002373475381757838,0.00022946627848632138,0.0005768943906753177,0.002606527345557172,2.910020540869996e-14,0.016642417312990154,2.0155560569851838e-09,0.016597004822263704,0.02735354925195375,0.04980632215738295,0.10976721045250691,0.04612830902139343,0.00025216202872494663,0.0002505346977462333,0.0039938572920315005,0.007173063714678046,0.04441542789960896,0.0036116265690603897,0.0015474752899549778,0.020059710210460904,0.009883491429779644,0.0001498822349015781,0.01061624584253873,0.0011489278358449415,0.00011952503188722633,3.417779516890712e-05,0.00015221573760775526,0.00010548883485975795,0.00014698586183938334,0.0020492251803176154,8.094598206744648e-05,1.401298464324817e-45,0.000118688593288184,0.00021266913415212164,0.005653194133132879,0.005916570691836835,0.03375600427263518,0.14191445359876648,0.02537714320099219,0.13173057181185024,9.438038422460594e-05,6.690073588899725e-06,0.015608015578860993,0.06988131300040545,0.061658057651220545,8.932576899502586e-12,1.401298464324817e-45,1.401298464324817e-45,1.401298464324817e-45,0.006764383784740051,0.010840930931832764,0.013837494576970723,0.012204335754116365,0.0005738317156802223,0.00018817815301486947,Fear__Neutral
1700747386351-2-15-3-20-2,15,Fear,Neutral,0.0038537084057072932,0.00016220736081320967,3.5984446269878956e-12,2.0936198226439612e-10,0.024403022074450994,0.04288295240451887,1.401298464324817e-45,1.401298464324817e-45,2.358368751767455e-13,0.004338385902953216,0.01157565934642552,0.017311495175787627,1.235165790616199e-19,0.0005761252679126384,5.718898246547416e-20,1.050900124634e-05,0.10013441294431683,0.1831550041834513,0.004802970588207243,0.00193278690179189,0.08470017102857426,0.08422129414975639,0.04274174515157932,0.055255199844638454,0.030815969066073447,5.440263393630129e-06,0.0013362995430843466,0.0037366965917802098,0.0007794583903828892,0.023268805213971636,0.0009882234856680029,5.163927642142951e-23,0.01593932299756484,0.022043421798540845,6.84127541169104e-13,2.3454397706668642e-11,5.173623246090563e-13,3.117081937246506e-06,9.313216433697976e-42,1.401298464324817e-45,9.448036085688862e-11,1.234222997885208e-10,0.004480105308842381,0.00787402368199153,0.02404200735812382,0.0025602576381518758,0.012402655424860567,0.0020937996210507108,3.2027254612661872e-12,2.7790158413277597e-12,0.016161698102951014,0.04665186400018173,0.04269850028057961,1.0949085125597744e-05,1.401298464324817e-45,2.8248205183450075e-18,3.7570133543771385e-17,0.06581268968681489,0.0807970664153496,0.059658908347288896,0.036006388068199696,0.01510967624881852,0.019333623538230295,Fear__Neutral
1700747528937-2-15-4-9-2,15,Fear,Neutral,0.10308443189909057,0.037616214016452404,1.8146903982175652e-10,2.361926860538103e-10,0.06336172769467033,0.0645876575261354,1.401298464324817e-45,1.401298464324817e-45,8.445099567654734e-22,2.1892361034448393e-21,2.458484613733954e-06,1.7703067339077303e-06,4.625929269271486e-19,0.043882418237626494,6.489652182759225e-10,0.04378362782299514,0.06059187454326697,0.14326439400513963,0.0033015181140702296,0.0,0.0,0.0,1.7358129916766884e-08,2.5580976503736256e-08,0.019296826763699405,1.2449464186579245e-07,5.139273963700753e-08,0.0020806007605547643,0.1846564856668313,0.23513165116310117,0.009637361695058598,5.5370295619870244e-05,4.74332297700434e-16,5.83572963301937e-20,5.388361819878011e-21,1.4798972381567423e-17,7.457954635641279e-21,4.2319515992182805e-12,1.2244994486571015e-07,4.656113339891274e-14,3.207499149747963e-10,3.40802987083293e-11,4.163643492328025e-07,0.004086375768451904,2.2203783201002862e-09,1.8050252258500202e-11,3.943119144729794e-09,2.8701394630669404e-11,4.834623447822291e-13,6.144650217441218e-13,0.01470332983881231,0.0019672671903291816,0.0019505688014714018,5.701752534570392e-06,4.5825453550982257e-14,6.039939664531673e-18,1.1773596834754875e-07,0.002717389668759963,0.0004376181574116041,0.08222983572632071,0.004906760598893553,6.154746165443203e-06,5.638145711354496e-06,Fear__Neutral
1700747556782-2-15-4-25-2,15,Fear,Neutral,0.08181298250953352,0.007437553124812697,3.2426699661868475e-30,9.291397813637368e-22,0.058057921503980904,0.05925376303493971,1.401298464324817e-45,1.401298464324817e-45,2.8424658406855928e-06,0.0009266898248341489,0.0030589001930517146,0.003931492967405466,2.221529369610373e-05,0.017127116525080022,0.002482659976741728,0.019579841512578806,0.1294936556369066,0.18462035561290877,0.03365909804900485,0.002796886077461133,0.0,0.0,0.0005130376477002757,0.0019449961592423535,0.03920066157976781,2.1978817830309305e-07,0.0005702673965752419,0.005656598217562184,1.9632917760902476e-05,0.14985666376305742,0.010865696116040125,7.493069635201091e-22,7.164581043339256e-05,0.00010894943114396378,3.8250300402347277e-32,1.0195090195632915e-21,1.4618010965688539e-31,1.2646223022219967e-14,1.2559700560726824e-22,8.44491907041436e-23,1.1621988506383146e-27,2.4976500222597243e-16,0.0012675384356166663,0.005182908157682146,0.002348522766003233,0.004848966953976966,0.0019663204909465127,0.003726963254519579,2.6538223531640497e-21,2.040211362060411e-21,0.014743786243100913,0.03385286590046628,0.03114019411749354,7.448777028582408e-05,8.793440015205636e-23,1.9398938806084278e-31,5.783568185395447e-31,0.03937985704590872,0.016320519389895056,1.9601963610392592e-15,2.6710564783653478e-20,0.001293982573429972,0.001782694485051357,Fear__Neutral
1701085643199-2-23-3-20-2,23,Fear,Neutral,0.01689633967175569,0.09337680038685596,1.1969299784079507e-19,1.5571887863668984e-19,0.0966724178443352,0.09300540139277771,1.401298464324817e-45,1.401298464324817e-45,0.0004452288578757701,0.038380457585056565,0.10759196976820624,0.10835999200741446,0.0670891525581889,0.07285174962971931,0.046193828876110475,0.053752915512229237,0.0,0.0,0.2312873656551043,0.14328788022200264,0.0,0.0,0.0008432746173876923,6.602328481435425e-06,0.058384042046964124,4.681153912919788e-05,0.0014567522558048376,0.011565160159315517,0.08328063928832606,0.1168168953619897,0.008691958224153447,0.005786372789529016,0.061760619096457914,0.06625385352720813,1.401298464324817e-45,1.0556448431246956e-44,1.401298464324817e-45,3.6433760072445245e-45,1.7497546824535886e-43,3.2142910130585877e-25,9.411693917275998e-05,0.00010769045021927083,0.0227215164341032,0.023088113994648,0.10616247753302252,0.013458074561297403,0.08150815131763613,0.013222784740150893,2.0552377476763982e-45,1.541428310757299e-45,0.03393333802620566,0.009296529428006737,0.009353746028168044,0.0032781403190123423,6.608990882466552e-05,0.00399453616631158,0.004752469967126999,0.011708793205131424,0.00550567808871463,0.0023716105801247583,9.679107489174752e-06,0.14856208488345143,0.18042337745428083,Fear__Neutral
