split,fea_name,n,missing,mean,median,std,min,p01,p05,p25,p75,p95,p99,max,iqr,p99_p01,fraction_eq_0,fraction_le_0_01,fraction_le_0_05,fraction_ge_0_95,fraction_ge_0_99,n_unique
train,BrowLowererL,28920,0,0.09909552128076256,0.02497653942555185,0.16857937219793073,3.593277304709973e-34,8.874587852726983e-16,1.1350534911969137e-08,0.000916750548640225,0.12067389674484727,0.4578827321529386,0.8465783596038818,0.9999998807907104,0.11975714619620705,0.846578359603881,0.0,0.38858921161825727,0.6023167358229599,0.00318118948824343,0.0022130013831258644,25419
train,BrowLowererR,28920,0,0.08627790612603352,0.0175897795706987,0.15834866498507116,4.936205898951446e-37,2.2875882582122123e-18,9.312499105185167e-10,0.0003705449053086,0.09949105978012082,0.4208858177065849,0.8112544834613803,0.9999999403953552,0.09912051487481222,0.8112544834613803,0.0,0.43084370677731676,0.6435338865836792,0.0033195020746887966,0.002178423236514523,25411
train,CheekPuffL,28920,0,0.003943549169475119,3.3526424637799624e-14,0.016851166171370672,0.0,1.401298464324817e-45,1.401298464324817e-45,1.383541349086081e-32,5.58432338948478e-06,0.02124229175969958,0.06663744062185284,0.4163267314434051,5.58432338948478e-06,0.06663744062185284,0.007261410788381743,0.8724757952973721,0.9844398340248963,0.0,0.0,19926
train,CheekPuffR,28920,0,0.004386142728766446,2.6193134575365484e-13,0.016291644548114707,0.0,1.401298464324817e-45,1.401298464324817e-45,1.0323666288639061e-31,3.8527758078998886e-05,0.0270059239119291,0.06776693738996989,0.4023448228836059,3.8527758078998886e-05,0.06776693738996989,0.007261410788381743,0.8554287690179806,0.9833333333333333,0.0,0.0,20186
train,CheekRaiserL,28920,0,0.12805299693402214,0.0355245750397443,0.20177726223715484,1.401298464324817e-45,5.331907773627135e-22,1.0189204514843288e-10,0.008447507862001574,0.15008781477808947,0.589995393157005,0.8951846545934704,1.0,0.1416403069160879,0.8951846545934704,0.0,0.2636929460580913,0.5631051175656985,0.006950207468879668,0.005774550484094053,24890
train,CheekRaiserR,28920,0,0.11606655725293095,0.02718384657055135,0.1982765062194664,1.401298464324817e-45,4.517050833225714e-25,2.5670883333547177e-13,0.003959040972404125,0.11409065127372739,0.5782724022865295,0.9122188091278076,1.0,0.11013161030132326,0.9122188091278076,0.0,0.30338865836791146,0.6052213001383125,0.007330567081604426,0.005739972337482711,24890
train,CheekSuckL,28920,0,0.0008573246291557217,1.401298464324817e-45,0.01065383106950702,0.0,0.0,0.0,0.0,1.401298464324817e-45,1.1106913875228726e-16,0.01814328610897137,0.3120954036712646,1.401298464324817e-45,0.01814328610897137,0.36552558782849237,0.9878976486860305,0.9949515905947441,0.0,0.0,3049
train,CheekSuckR,28920,0,0.0010082607276567593,0.0,0.01331005863921459,0.0,0.0,0.0,0.0,1.401298464324817e-45,2.9335858448332655e-19,0.0172395799309015,0.4151268899440765,1.401298464324817e-45,0.0172395799309015,0.5859958506224067,0.9886237897648686,0.9950207468879668,0.0,0.0,2231
train,ChinRaiserB,28920,0,0.08786567579985563,3.2640932090544084e-07,0.18724393856768004,1.401298464324817e-45,1.401298464324817e-45,4.034758668330448e-42,1.312328535183187e-17,0.04435774497687815,0.5704569429159162,0.7704945278167724,1.0,0.04435774497687814,0.7704945278167724,0.0,0.6545643153526971,0.7547717842323651,0.0021438450899031814,0.0015560165975103733,24109
train,ChinRaiserT,28920,0,0.10939127236361179,0.02987062279134985,0.17573732080876547,1.401298464324817e-45,6.015844372269656e-40,1.810777136907227e-20,2.9218483064141765e-06,0.1215784922242164,0.5353483229875564,0.7434913963079457,1.0,0.12157557037590999,0.7434913963079457,0.0,0.3591286307053942,0.5733402489626556,0.001970954356846473,0.00169432918395574,25042
train,DimplerL,28920,0,0.05103665829643553,5.693065463496794e-10,0.11474642804126325,0.0,1.401298464324817e-45,1.401298464324817e-45,1.8476788868938376e-24,0.0325588667765259,0.30234950482845296,0.5450015652179719,0.853258490562439,0.0325588667765259,0.5450015652179719,0.001037344398340249,0.6901106500691563,0.7770055325034578,0.0,0.0,22962
train,DimplerR,28920,0,0.05420032638858706,2.18502449467195e-09,0.11754501582515972,0.0,1.401298464324817e-45,1.401298464324817e-45,8.588127988926867e-23,0.039905524812638704,0.3208143144845961,0.5396455574035645,0.8880939483642578,0.039905524812638704,0.5396455574035645,0.001037344398340249,0.6799100968188105,0.7636237897648686,0.0,0.0,23248
train,EyesClosedL,28920,0,0.03340232356793325,5.587935447692871e-09,0.11726627071170753,0.0,0.0,0.0,5.08564333103419e-32,0.009821786312386374,0.16930870413780202,0.7525462496280672,1.0,0.009821786312386374,0.7525462496280672,0.22337482710926695,0.7511410788381743,0.8750345781466113,0.003665283540802213,0.0017634854771784233,18791
train,EyesClosedR,28920,0,0.03376642300147898,2.9994273731404064e-08,0.11805577469203658,0.0,0.0,0.0,1.401298464324817e-45,0.010208328487351525,0.1658503688871859,0.749572396874428,1.0,0.010208328487351525,0.749572396874428,0.22610650069156293,0.7490318118948824,0.8709197786998617,0.003665283540802213,0.002178423236514523,18069
train,EyesLookDownL,28920,0,0.04315906201303,1.240136937585845e-09,0.08783459218133557,0.0,0.0,0.0,4.9834679199951675e-23,0.037312052212655475,0.26675474941730487,0.37673872381448753,0.4486598670482635,0.037312052212655475,0.37673872381448753,0.19889349930843706,0.6632434301521438,0.773478561549101,0.0,0.0,20270
train,EyesLookDownR,28920,0,0.04265667042763149,5.453983398240325e-08,0.08763608646863671,0.0,0.0,0.0,2.689210210515613e-24,0.0330012580379843,0.26842605173587797,0.3797924676537514,0.4435893595218658,0.0330012580379843,0.3797924676537514,0.212551867219917,0.6688796680497925,0.7752074688796681,0.0,0.0,19911
train,EyesLookLeftL,28920,0,0.07371775773306247,0.0,0.1138601687955435,0.0,0.0,0.0,0.0,0.12483838945627207,0.32200339585542676,0.4468350100517274,0.8068109750747681,0.12483838945627207,0.4468350100517274,0.540179806362379,0.5611687413554634,0.6363070539419087,0.0,0.0,11268
train,EyesLookLeftR,28920,0,0.12155994716522854,0.06769215315580365,0.1420628838496771,0.0,0.0,0.0,0.0,0.2121453881263733,0.406923770904541,0.5296753853559497,0.8820091485977173,0.2121453881263733,0.5296753853559497,0.3553941908713693,0.3748271092669433,0.46265560165975106,0.0,0.0,15884
train,EyesLookRightL,28920,0,0.09145234097967708,0.01971801463514565,0.1244048260776642,0.0,0.0,0.0,0.0,0.16318907961249352,0.3661422446370124,0.4547924253344536,0.5818221569061279,0.16318907961249352,0.4547924253344536,0.459820193637621,0.4802213001383126,0.5660442600276625,0.0,0.0,13440
train,EyesLookRightR,28920,0,0.05258150401768325,0.0,0.09414378823124878,0.0,0.0,0.0,0.0,0.0760607849806547,0.28040537387132647,0.3695779681205756,0.4994495511054992,0.0760607849806547,0.3695779681205756,0.6446058091286307,0.6622060857538036,0.7135546334716459,0.0,0.0,8824
train,EyesLookUpL,28920,0,0.03783935545143322,0.0,0.10032983492988541,0.0,0.0,0.0,0.0,0.0,0.28566814810037566,0.4590622460842135,0.7247291207313538,0.0,0.4590622460842135,0.8063278008298755,0.8146957123098202,0.8410442600276625,0.0,0.0,4870
train,EyesLookUpR,28920,0,0.0378028379522955,0.0,0.10021905844612727,0.0,0.0,0.0,0.0,0.0,0.2869554579257963,0.4607812014222151,0.7230555415153503,0.0,0.4607812014222151,0.8063278008298755,0.8146957123098202,0.8411134163208852,0.0,0.0,4867
train,InnerBrowRaiserL,28920,0,0.06146859610357146,0.015965781174600048,0.11683633258974026,2.6874662013047394e-31,2.9215230139479274e-15,1.2382255620835287e-08,0.0004128533910261,0.0655399374663829,0.29716639071702944,0.6087610691785817,0.9104198217391968,0.06512708407535679,0.6087610691785789,0.0,0.445746887966805,0.7061894882434302,0.0,0.0,25420
train,InnerBrowRaiserR,28920,0,0.06077453893320862,0.014466894324868852,0.11867802758761897,2.802596928649634e-45,5.589502114492045e-19,8.0807713853659e-09,0.00038547721487695,0.06254249997437,0.3052980065345763,0.6235718131065369,0.9551435112953186,0.06215702275949305,0.6235718131065369,0.0,0.45245504840940526,0.7139004149377594,0.0001037344398340249,0.0,25410
train,JawDrop,28920,0,0.10525266768300487,0.0114871552214026,0.17279891993927193,1.401298464324817e-45,4.0417106899915965e-29,2.3678258695082662e-17,0.002101874910295,0.13652057573199267,0.49788882583379745,0.7308170795440674,0.9658591151237488,0.13441870082169766,0.7308170795440674,0.0,0.36542185338865835,0.6517980636237898,0.0004149377593360996,0.0,24460
train,JawSidewaysLeft,28920,0,0.007286329836261644,2.354309414087651e-09,0.021356797625479276,1.401298464324817e-45,1.401298464324817e-45,1.401298464324817e-45,1.0365139338579867e-19,0.0058981324546039,0.03802745155990119,0.09500457189977167,0.3799089789390564,0.0058981324546039,0.09500457189977167,0.0,0.7823305670816044,0.963969571230982,0.0,0.0,22587
train,JawSidewaysRight,28920,0,0.009138208990838484,0.00022006061044519998,0.023990657521033926,1.401298464324817e-45,1.401298464324817e-45,1.227295898121081e-33,1.4249680602151926e-10,0.0108561590313911,0.035281787626445266,0.09369064137339599,0.4708434641361236,0.010856158888894294,0.09369064137339599,0.0,0.64432918395574,0.9676694329183956,0.0,0.0,22228
train,JawThrust,28920,0,0.03831511600387992,6.511466381198261e-06,0.08912283488972329,1.401298464324817e-45,1.401298464324817e-45,1.0365760053849292e-37,3.3357309427682613e-14,0.02664872724562875,0.2145802043378352,0.4350676432251934,0.9552235007286072,0.026648727245595392,0.4350676432251934,0.0,0.6546334716459198,0.8000691562932227,6.915629322268326e-05,0.0,24215
train,LidTightenerL,28920,0,0.11370252638831649,0.0168735152110457,0.18448337239783644,1.401298464324817e-45,1.9515436698441608e-38,3.259257382796289e-21,5.753274308517575e-06,0.1582887172698974,0.5317133903503417,0.7975847041606912,1.0,0.1582829639955889,0.7975847041606912,0.0,0.46424619640387277,0.6145919778699862,0.0011756569847856154,0.001141078838174274,25272
train,LidTightenerR,28920,0,0.1198560982768545,0.0129132838919758,0.19897618816058738,1.401298464324817e-45,2.3364923250830734e-36,1.990401003123206e-19,8.255190323325223e-06,0.1553319282829761,0.5800521254539489,0.8363424259424223,0.9999501705169678,0.15532367309265277,0.8363424259424223,0.0,0.4821230982019364,0.6252420470262794,0.0014177040110650069,0.00038035961272475796,25348
train,LipCornerDepressorL,28920,0,0.07312254763739043,0.0015858052065595499,0.1847538505753589,1.401298464324817e-45,1.401298464324817e-45,5.481125603059373e-29,2.3763473827598247e-10,0.017700605094432803,0.5830061584711074,0.8398071408271791,1.0,0.017700604856798065,0.8398071408271791,0.0,0.6215421853388658,0.8171853388658368,0.002558782849239281,0.0006224066390041493,23979
train,LipCornerDepressorR,28920,0,0.06756898783077765,8.272780291918025e-07,0.1796418549909045,1.401298464324817e-45,1.401298464324817e-45,4.203895392974451e-45,6.7401231264937726e-18,0.010865633841603975,0.5641996473073959,0.8258165103197098,0.9999985098838806,0.010865633841603968,0.8258165103197098,0.0,0.71365836791148,0.8330567081604426,0.0012102351313969572,0.00031120331950207467,23809
train,LipCornerPullerL,28920,0,0.10138464860369135,8.243666343332734e-06,0.24779414516377307,1.401298464324817e-45,1.401298464324817e-45,1.4269212067449984e-41,3.651745151251113e-17,0.025921062100678675,0.8248919874429702,0.9999993443489076,1.0,0.025921062100678637,0.9999993443489076,0.0,0.6424273858921162,0.8029737206085754,0.02247579529737206,0.014557399723374827,23642
train,LipCornerPullerR,28920,0,0.10428525571325312,1.2238067625958138e-07,0.25446370429411574,1.401298464324817e-45,1.401298464324817e-45,1.401298464324817e-45,1.6314066601851212e-21,0.0248752841725945,0.8524003893136978,1.0,1.0,0.0248752841725945,1.0,0.0,0.6752420470262794,0.7976141078838175,0.027282157676348548,0.01946749654218534,22992
train,LipFunnelerLB,28920,0,0.012606081534427391,1.401298464324817e-45,0.07385647311156239,0.0,0.0,0.0,1.401298464324817e-45,4.483731166175191e-18,0.03204541113227595,0.35338000088930216,1.0,4.483731166175191e-18,0.35338000088930216,0.07254495159059475,0.9323997233748271,0.9555325034578147,0.0011756569847856154,0.0010027662517289072,11167
train,LipFunnelerLT,28920,0,0.01740655716221435,1.5167649579893305e-12,0.0620393883428849,1.401298464324817e-45,1.401298464324817e-45,1.401298464324817e-45,3.221476921625783e-27,0.0012172805436421,0.1141698461025951,0.33559433668851885,0.9426304697990416,0.0012172805436421,0.33559433668851885,0.0,0.8055325034578147,0.9232019363762103,0.0,0.0,21164
train,LipFunnelerRB,28920,0,0.012473104428157036,1.4573504028978098e-42,0.07256477544024453,0.0,0.0,1.401298464324817e-45,1.401298464324817e-45,3.1493296875515983e-13,0.03180213999003162,0.3499659183621407,1.0,3.1493296875515983e-13,0.3499659183621407,0.02921853388658368,0.9263485477178424,0.9558782849239281,0.001037344398340249,0.0009681881051175657,12794
train,LipFunnelerRT,28920,0,0.01729800734719377,1.3479118537475243e-13,0.06165548560820736,1.401298464324817e-45,1.401298464324817e-45,1.401298464324817e-45,2.105920556049551e-28,8.400103070016485e-05,0.1192827705293892,0.3284254446625712,0.9269152283668518,8.400103070016485e-05,0.3284254446625712,0.0,0.821058091286307,0.9195712309820193,0.0,0.0,21200
train,LipPressorL,28920,0,0.003358633606532978,4.395538265036761e-22,0.0237489645208179,0.0,0.0,1.401298464324817e-45,1.401298464324817e-45,5.80590742149667e-10,0.0108514428138732,0.0726047642529012,0.5758416056632996,5.80590742149667e-10,0.0726047642529012,0.01970954356846473,0.9295643153526971,0.9864799446749655,0.0,0.0,18040
train,LipPressorR,28920,0,0.003389816859532798,8.414360548624042e-23,0.023822594215152072,1.401298464324817e-45,1.401298464324817e-45,1.401298464324817e-45,1.401298464324817e-45,4.3776345742818624e-10,0.0108636049553751,0.0725731030106544,0.5758415460586548,4.3776345742818624e-10,0.0725731030106544,0.0,0.9283540802213002,0.9862724757952974,0.0,0.0,17462
train,LipPuckerL,28920,0,0.041138020135097444,4.5483171007276724e-08,0.1170877492856327,1.401298464324817e-45,1.401298464324817e-45,1.401298464324817e-45,9.742833852084162e-17,0.010863672941923124,0.24531041383743266,0.6676841533184058,0.99992173910141,0.010863672941923027,0.6676841533184058,0.0,0.7135546334716459,0.8365836791147995,0.00017289073305670817,0.0001037344398340249,23692
train,LipPuckerR,28920,0,0.04174658479361221,3.350110855393495e-09,0.11893258831810047,1.401298464324817e-45,1.401298464324817e-45,1.401298464324817e-45,5.128592951614196e-19,0.0108626352157443,0.24778487160801885,0.6780239170789724,0.9999998807907104,0.0108626352157443,0.6780239170789724,0.0,0.7275587828492392,0.8336445366528354,0.00017289073305670817,0.00013831258644536652,23670
train,LipStretcherL,28920,0,0.02455507896066287,9.28860972635448e-05,0.06379980415588916,1.401298464324817e-45,1.401298464324817e-45,3.084032415478726e-32,1.4421395935076964e-12,0.0260408176109194,0.11876348704099651,0.2776440161466618,0.9999991059303284,0.02604081760947726,0.2776440161466618,0.0,0.6268326417704011,0.8550138312586445,0.0002074688796680498,0.00017289073305670817,24317
train,LipStretcherR,28920,0,0.026165139840203314,0.0013451206614263,0.06676041465624791,1.401298464324817e-45,1.401298464324817e-45,7.400447377824578e-33,1.6526679330608474e-11,0.026850822381675226,0.1195220500230789,0.3120402243733408,0.9999998211860656,0.026850822365148547,0.3120402243733408,0.0,0.5829529737206086,0.8487551867219917,0.00031120331950207467,0.00024204702627939143,24086
train,LipSuckLB,28920,0,0.07000109702219119,0.00589815154671665,0.1158718641525716,1.401298464324817e-45,1.401298464324817e-45,1.684571948840316e-32,3.684241019902279e-11,0.0945028960704803,0.3259412735700607,0.499082088470459,0.8890388011932373,0.0945028960336379,0.499082088470459,0.0,0.5225795297372061,0.6687759336099585,0.0,0.0,24852
train,LipSuckLT,28920,0,0.03995069166065113,2.7701812541636173e-05,0.0738468187606494,1.401298464324817e-45,1.401298464324817e-45,2.6286409632204843e-33,5.927710884266139e-14,0.04403788968920702,0.20863770395517342,0.31719611644744883,0.7472171187400818,0.04403788968914774,0.31719611644744883,0.0,0.5948824343015214,0.7591286307053942,0.0,0.0,24352
train,LipSuckRB,28920,0,0.059478957363436405,0.0084438002668321,0.10172215518141685,1.401298464324817e-45,1.401298464324817e-45,5.45825416934266e-30,1.540816120526589e-10,0.07501262053847313,0.27855764627456653,0.4536155250668572,0.8633459806442261,0.07501262038439152,0.4536155250668572,0.0,0.5119986168741355,0.6955739972337482,0.0,0.0,24752
train,LipSuckRT,28920,0,0.034298765580685286,3.2170476060855435e-06,0.06678484851252277,1.401298464324817e-45,1.401298464324817e-45,4.745705471715504e-34,6.123011334442034e-15,0.030739651061594424,0.18471546769142141,0.2889936304092412,0.7608840465545654,0.0307396510615883,0.2889936304092412,0.0,0.6437759336099586,0.7802558782849239,0.0,0.0,24367
train,LipTightenerL,28920,0,0.02395033713389372,1.047911906128231e-16,0.07497216243213617,1.401298464324817e-45,1.401298464324817e-45,1.401298464324817e-45,1.6917604494438972e-33,5.583974456158103e-07,0.18634594306349742,0.36688986569643145,0.6811826825141907,5.583974456158103e-07,0.36688986569643145,0.0,0.8282157676348548,0.8797026279391424,0.0,0.0,20644
train,LipTightenerR,28920,0,0.021632010394143843,1.890177182855123e-17,0.06925527690646995,1.401298464324817e-45,1.401298464324817e-45,1.401298464324817e-45,2.2556803394764783e-37,1.960529800726363e-07,0.16458889991044998,0.3521352127194405,0.6136900782585144,1.960529800726363e-07,0.3521352127194405,0.0,0.8370677731673583,0.8883817427385892,0.0,0.0,19909
train,LipsToward,28920,0,0.032355534918872574,0.0193743966519832,0.0506786110381397,1.700644138679262e-29,5.515997771390892e-13,0.000660542209516225,0.008766998071223449,0.033723527565598446,0.11207927241921423,0.28480615109205276,0.6809991002082825,0.024956529494374997,0.28480615109150115,0.0,0.2741701244813278,0.8667704011065007,0.0,0.0,24567
train,LowerLipDepressorL,28920,0,0.033718082055367034,6.128153269124165e-14,0.10499074240462707,0.0,1.401298464324817e-45,1.401298464324817e-45,6.839361148974053e-31,0.00016597166904825002,0.3285588204860685,0.5073544931411745,0.8878191113471985,0.00016597166904825002,0.5073544931411745,0.006327800829875519,0.8246196403872752,0.8860650069156293,0.0,0.0,21415
train,LowerLipDepressorR,28920,0,0.03262209114559671,1.4141468486668363e-12,0.10160034758440925,0.0,1.401298464324817e-45,1.401298464324817e-45,4.239575394040877e-27,0.000631993563729325,0.32013352662324884,0.48429244101047525,0.8351166248321533,0.000631993563729325,0.48429244101047525,0.006327800829875519,0.8132088520055325,0.8895228215767634,0.0,0.0,21974
train,MouthLeft,28920,0,0.004019376327701882,1.3991003910973632e-08,0.009529881138840733,1.401298464324817e-45,1.401298464324817e-45,1.401298464324817e-45,1.167762738197325e-20,0.005888330633752,0.02450225157663218,0.030048059895634627,0.1873483508825302,0.005888330633752,0.030048059895634627,0.0,0.7917704011065007,0.9964730290456432,0.0,0.0,21681
train,MouthRight,28920,0,0.0013033219635895303,2.3043853720213374e-24,0.0085390108431246,0.0,1.401298464324817e-45,1.401298464324817e-45,1.401298464324817e-45,1.6728353813277863e-08,0.0104882018640637,0.0108805671334266,0.2868486046791076,1.6728353813277863e-08,0.0108805671334266,0.007261410788381743,0.9428423236514523,0.9984439834024896,0.0,0.0,16067
train,NoseWrinklerL,28920,0,0.054754180685578246,1.4447490426228169e-10,0.17226359831968172,1.401298464324817e-45,1.401298464324817e-45,1.401298464324817e-45,1.2563213935423421e-27,0.010405095061287251,0.4464521706104275,0.9871513813734065,1.0,0.010405095061287251,0.9871513813734065,0.0,0.7446403872752421,0.8671853388658368,0.01186030428769018,0.009923928077455048,22028
train,NoseWrinklerR,28920,0,0.055067444344852376,1.320052303143554e-12,0.17360006967883015,1.401298464324817e-45,1.401298464324817e-45,1.401298464324817e-45,2.6018359250384112e-27,0.001826719206292125,0.454275435209274,0.9920406240224839,1.0,0.001826719206292125,0.9920406240224839,0.0,0.7957468879668049,0.8615145228215768,0.012655601659751037,0.010096818810511757,22289
train,OuterBrowRaiserL,28920,0,0.04459539017538744,0.0009443249145988,0.10927944970050335,1.401298464324817e-45,1.401298464324817e-45,1.551309976057642e-37,5.961326454695381e-08,0.03209995571523902,0.2487053871154785,0.6196003025770193,0.923576295375824,0.03209989610197447,0.6196003025770193,0.0,0.6223374827109267,0.8023858921161826,0.0,0.0,24271
train,OuterBrowRaiserR,28920,0,0.049439523441520826,0.00521346344612535,0.1128721364335262,2.802596928649634e-45,2.485082784414375e-33,1.7180660569083502e-16,1.6275752386718523e-05,0.0386978844180703,0.258138674497604,0.6188215833902359,0.926120936870575,0.038681608665683584,0.6188215833902359,0.0,0.5593360995850623,0.7830912863070539,0.0,0.0,25232
train,UpperLidRaiserL,28920,0,0.08090961455868885,3.0877611578716824e-09,0.18765327050427627,1.401298464324817e-45,1.401298464324817e-45,1.401298464324817e-45,7.25997041907136e-26,0.0253775678575038,0.5815198898315425,0.7963479679822926,0.9170315265655518,0.0253775678575038,0.7963479679822926,0.0,0.6917704011065007,0.7875864453665283,0.0,0.0,21403
train,UpperLidRaiserR,28920,0,0.07917689510089587,8.825383090993455e-09,0.1811135283976632,1.401298464324817e-45,1.401298464324817e-45,1.401298464324817e-45,3.232718304173534e-35,0.03233406879007812,0.5562828183174133,0.7961103135347367,0.9982522130012512,0.03233406879007812,0.7961103135347367,0.0,0.6804979253112033,0.7758298755186722,0.0027316735822959888,0.0002074688796680498,19717
train,UpperLipRaiserL,28920,0,0.1216749406697659,0.0108330454677343,0.1927914082855375,1.401298464324817e-45,1.667545172546529e-45,4.689817929029471e-27,4.901165306936405e-10,0.1797795742750167,0.5686519086360932,0.7583144557476049,0.8794759511947632,0.17977957378490017,0.7583144557476049,0.0,0.4864799446749654,0.6093706777316735,0.0,0.0,25088
train,UpperLipRaiserR,28920,0,0.12403421409030506,0.010865538846701349,0.19453119856659337,1.401298464324817e-45,3.1750788760487407e-41,2.529080496962484e-23,1.0510020187481928e-08,0.18914403766393656,0.5791923612356186,0.7711323672533038,0.8799755573272705,0.18914402715391637,0.7711323672533038,0.0,0.4712655601659751,0.6107538035961273,0.0,0.0,25029
validation,BrowLowererL,11550,0,0.202269395649117,0.0685804784297943,0.26700491122700426,1.7750404090802967e-22,8.098274793810767e-11,1.0156134180761013e-06,0.0035726157366297753,0.3084139376878738,0.793380695581436,0.9529862719774248,0.9999980926513672,0.304841321951244,0.952986271896442,0.0,0.3083116883116883,0.4601731601731602,0.01064935064935065,0.0059740259740259745,10246
validation,BrowLowererR,11550,0,0.17767293547085064,0.052408380433917004,0.24875509987491567,2.0356464447186043e-25,9.63267890474219e-16,3.676452724477032e-08,0.002134172769729025,0.2558682709932327,0.747284322977066,0.8874166381359103,0.9999987483024596,0.2537340982235037,0.8874166381359093,0.0,0.32354978354978353,0.4942857142857143,0.007272727272727273,0.005108225108225109,10245
validation,CheekPuffL,11550,0,0.003332780276723153,2.2020857359805746e-12,0.015263562532873805,1.401298464324817e-45,1.401298464324817e-45,1.401298464324817e-45,1.3367442557894428e-27,0.00011300135884077499,0.013734048791229383,0.0380297489464283,0.5481892824172974,0.00011300135884077499,0.0380297489464283,0.0,0.8691774891774892,0.9935930735930736,0.0,0.0,8608
validation,CheekPuffR,11550,0,0.003864635051825747,6.777751537095922e-12,0.01574785763819422,1.401298464324817e-45,1.401298464324817e-45,1.401298464324817e-45,6.879302353694654e-27,0.00022215978606250002,0.02500872490927573,0.05424700953066346,0.5370965600013733,0.00022215978606250002,0.05424700953066346,0.0,0.8524675324675325,0.9880519480519481,0.0,0.0,8672
validation,CheekRaiserL,11550,0,0.19584651949862128,0.0795564912259578,0.24875169747844503,2.1911016801474524e-21,3.094257333691178e-10,1.4461469118032256e-05,0.018201497849076948,0.29258789867162704,0.7868975937366478,0.9472031509876252,1.0,0.2743864008225501,0.9472031506781995,0.0,0.15792207792207794,0.4109090909090909,0.009870129870129871,0.005627705627705628,10115
validation,CheekRaiserR,11550,0,0.1696624422506962,0.0543808508664369,0.2374804596779759,3.0031227388945155e-41,1.8082044153706988e-21,2.6256600227370146e-10,0.01086558867245905,0.23605868592858312,0.7244855016469952,0.9638142770528797,1.0,0.22519309725612408,0.9638142770528797,0.0,0.22640692640692642,0.48467532467532465,0.011255411255411256,0.007619047619047619,10117
validation,CheekSuckL,11550,0,0.0005520716379366083,1.401298464324817e-45,0.010566814684945197,0.0,0.0,0.0,0.0,1.401298464324817e-45,2.7736313801262086e-10,0.004501022547483495,0.3889863789081573,1.401298464324817e-45,0.004501022547483495,0.2923809523809524,0.9928138528138528,0.9983549783549783,0.0,0.0,1241
validation,CheekSuckR,11550,0,0.0005168147055000405,0.0,0.010823950615092875,0.0,0.0,0.0,0.0,1.401298464324817e-45,7.160229353875265e-10,0.001646324002649611,0.4051363468170166,1.401298464324817e-45,0.001646324002649611,0.7467532467532467,0.9944588744588745,0.9986147186147186,0.0,0.0,1357
validation,ChinRaiserB,11550,0,0.14736945806375493,9.681244046078064e-05,0.2483991395416512,1.401298464324817e-45,1.401298464324817e-45,1.834923659981402e-36,1.0206515933238396e-15,0.19749097153544426,0.7044063389301298,0.8800842589139939,0.9999891519546508,0.19749097153544323,0.8800842589139939,0.0,0.5695238095238095,0.6634632034632034,0.0035497835497835498,0.0006926406926406926,9923
validation,ChinRaiserT,11550,0,0.16951931581498905,0.05792758800089355,0.23123258822729162,1.401298464324817e-45,2.287547155817978e-33,1.8790612438247133e-20,8.928449278755579e-05,0.24941281601786613,0.692923355102539,0.8632213473320007,0.9983307123184204,0.24932353152507858,0.8632213473320007,0.0,0.3006926406926407,0.46294372294372294,0.002077922077922078,0.00017316017316017316,10173
validation,DimplerL,11550,0,0.04176489491130418,6.54802989608072e-09,0.09382133365910773,1.401298464324817e-45,1.401298464324817e-45,2.0443501257080853e-40,2.138563901308387e-19,0.024872994981706073,0.26067089736461607,0.4161431133747101,0.6782429814338684,0.024872994981706073,0.4161431133747101,0.0,0.7032034632034632,0.7961038961038961,0.0,0.0,9831
validation,DimplerR,11550,0,0.04455629387350757,2.7281540582180248e-08,0.09589139906227147,1.401298464324817e-45,1.401298464324817e-45,4.59808065098902e-41,4.871324917708571e-19,0.030811954755335973,0.2691680371761318,0.42246245533227944,0.6566928029060364,0.030811954755335973,0.42246245533227944,0.0,0.6855411255411256,0.7777489177489177,0.0,0.0,9816
validation,EyesClosedL,11550,0,0.058315034019217435,7.767230272293091e-07,0.1628077254140801,0.0,0.0,0.0,6.965669682174433e-20,0.018975556362420272,0.41613994240760704,0.9333153486251832,1.0,0.018975556362420272,0.9333153486251832,0.18978354978354978,0.7105627705627706,0.821038961038961,0.008831168831168832,0.005281385281385282,7990
validation,EyesClosedR,11550,0,0.05593861348162543,2.5109238244169774e-08,0.1542403299644695,0.0,0.0,0.0,1.401298464324817e-45,0.026680293027311522,0.3214043393731109,0.9700878369808197,1.0,0.026680293027311522,0.9700878369808197,0.23454545454545456,0.6965367965367966,0.8022510822510822,0.011428571428571429,0.008225108225108226,7488
validation,EyesLookDownL,11550,0,0.048378999827169866,4.8377650330166944e-08,0.08855097636399928,0.0,0.0,0.0,3.395392983169078e-25,0.05630768835544577,0.2622899413108825,0.3454949793219566,0.425613135099411,0.05630768835544577,0.3454949793219566,0.21246753246753247,0.6404329004329005,0.7375757575757576,0.0,0.0,8120
validation,EyesLookDownR,11550,0,0.048161071827801064,3.863815933868864e-09,0.0907126480895523,0.0,0.0,0.0,1.5317675279986044e-31,0.053748616948723724,0.2776016324758528,0.3609149503707886,0.4259600639343261,0.053748616948723724,0.3609149503707886,0.2206060606060606,0.658008658008658,0.7435497835497835,0.0,0.0,8027
validation,EyesLookLeftL,11550,0,0.06277701307062021,0.0,0.09576853379284907,0.0,0.0,0.0,0.0,0.1057403273880481,0.2841953486204147,0.36007153779268275,0.4626448452472687,0.1057403273880481,0.36007153779268275,0.5413852813852814,0.5592207792207792,0.6422510822510823,0.0,0.0,4558
validation,EyesLookLeftR,11550,0,0.10927426087426893,0.0628779605031013,0.1257159150188347,0.0,0.0,0.0,0.0,0.19249261915683744,0.3703103005886076,0.4452570152282715,0.5446212291717529,0.19249261915683744,0.4452570152282715,0.3803463203463203,0.4027705627705628,0.4766233766233766,0.0,0.0,6162
validation,EyesLookRightL,11550,0,0.09587502664378657,0.0239182971417903,0.12594577623522898,0.0,0.0,0.0,0.0,0.1724981777369976,0.3705744445323944,0.42574297815561296,0.6221904754638672,0.1724981777369976,0.42574297815561296,0.45861471861471864,0.476969696969697,0.5489177489177489,0.0,0.0,5376
validation,EyesLookRightR,11550,0,0.05581830496919318,0.0,0.09533129314515176,0.0,0.0,0.0,0.0,0.08507717959582806,0.2860414981842041,0.3408387506008148,0.5375484228134155,0.08507717959582806,0.3408387506008148,0.6196536796536797,0.6388744588744589,0.7042424242424242,0.0,0.0,3771
validation,EyesLookUpL,11550,0,0.027972319784189435,0.0,0.0737134761508441,0.0,0.0,0.0,0.0,0.0,0.21357458829879725,0.33143966674804687,0.4929972290992737,0.0,0.33143966674804687,0.7959307359307359,0.8096103896103896,0.8496969696969697,0.0,0.0,1985
validation,EyesLookUpR,11550,0,0.027972683630630487,0.0,0.07372055064942222,0.0,0.0,0.0,0.0,0.0,0.2142890118062495,0.3322941848635674,0.4944024384021759,0.0,0.3322941848635674,0.7959307359307359,0.8096103896103896,0.8494372294372294,0.0,0.0,1984
validation,InnerBrowRaiserL,11550,0,0.12170926141589337,0.05161747150123115,0.16828794946147912,4.2244097064568624e-24,1.0687563900546593e-09,1.6382110061385905e-05,0.012993259821087049,0.16793281212449074,0.48675954490900014,0.8070823651552202,0.9994964003562928,0.1549395523034037,0.8070823640864638,0.0,0.22233766233766233,0.492987012987013,0.0012121212121212121,0.00025974025974025974,10246
validation,InnerBrowRaiserR,11550,0,0.12404070317084699,0.04882282204926005,0.17484899161271245,7.174091792302596e-17,1.1972890883171774e-08,1.9853844241879416e-05,0.009734543738886676,0.1705717779695987,0.5060382246971129,0.8243734991550447,0.999946653842926,0.160837234230712,0.8243734871821538,0.0,0.25307359307359306,0.5046753246753247,0.0014718614718614719,0.0007792207792207792,10246
validation,JawDrop,11550,0,0.1037994071904006,0.010865643620491,0.18579179747727856,7.291701086774188e-36,1.9681749330981316e-20,2.696605674759431e-13,0.000258647465670875,0.1092668175697326,0.5480065852403639,0.7976238512992859,0.9999839067459106,0.10900817010406172,0.7976238512992859,0.0,0.4127272727272727,0.6735930735930736,0.0012987012987012987,0.0004329004329004329,9954
validation,JawSidewaysLeft,11550,0,0.008659189069584216,1.9403876194701297e-07,0.02483457859624402,1.401298464324817e-45,1.401298464324817e-45,4.88340954104869e-40,8.837854686076481e-16,0.010700048180296975,0.0530845865607261,0.09174046836793422,0.6955256462097168,0.010700048180296092,0.09174046836793422,0.0,0.7246753246753247,0.9483982683982684,0.0,0.0,9360
validation,JawSidewaysRight,11550,0,0.010038465834640086,0.0058981892652808995,0.01741722122989373,1.401298464324817e-45,1.401298464324817e-45,3.9075858908662905e-22,3.457089903236011e-08,0.0108646100852638,0.0409378690645097,0.08758090272545811,0.1587764322757721,0.010864575514364767,0.08758090272545811,0.0,0.5663203463203463,0.9550649350649351,0.0,0.0,9188
validation,JawThrust,11550,0,0.03250183046025546,9.22014623938594e-06,0.08452430522756277,1.401298464324817e-45,1.401298464324817e-45,3.5795788274947927e-31,2.353365576414704e-13,0.015630979556590274,0.20259014666080438,0.49750189393758776,0.6111418604850769,0.015630979556354938,0.49750189393758776,0.0,0.6608658008658008,0.836017316017316,0.0,0.0,10046
validation,LidTightenerL,11550,0,0.13522922030934723,0.0258991308510303,0.18792213011725736,4.446586274010866e-40,7.873909075936714e-30,2.0963331239032276e-17,1.628851748591842e-06,0.22723376750946045,0.5606857657432555,0.6487197917699815,0.80372554063797,0.22723213865771186,0.6487197917699815,0.0,0.4264069264069264,0.5578354978354978,0.0,0.0,10244
validation,LidTightenerR,11550,0,0.1499690801206607,0.035001395270228344,0.21553953530072797,3.138908560087589e-41,7.386084828135575e-28,2.248459877270626e-17,3.3269544132963347e-06,0.23537791147828097,0.6555495321750637,0.7779737144708634,0.8839285969734192,0.23537458452386767,0.7779737144708634,0.0,0.4260606060606061,0.5333333333333333,0.0,0.0,10240
validation,LipCornerDepressorL,11550,0,0.13500096850700483,0.0108606992289423,0.25784881033242074,5.605193857299268e-45,5.932268322528201e-32,2.0743679003083095e-20,2.4940962362052232e-06,0.09116014651954167,0.7727563351392742,0.9994951176643372,1.0,0.09115765242330547,0.9994951176643372,0.0,0.44181818181818183,0.7033766233766233,0.018095238095238095,0.013073593073593074,9649
validation,LipCornerDepressorR,11550,0,0.1276669631957924,0.00238609721418465,0.2528398104992225,1.401298464324817e-45,1.401298464324817e-45,2.1015005675158867e-30,1.1165154955097845e-11,0.07380269467830655,0.7553231120109557,0.994107186794281,1.0,0.0738026946671414,0.994107186794281,0.0,0.5712554112554112,0.7260606060606061,0.014545454545454545,0.010735930735930736,9911
validation,LipCornerPullerL,11550,0,0.10638255029395807,8.657341822981834e-05,0.2612220284862897,1.401298464324817e-45,1.401298464324817e-45,3.737081440914875e-37,2.911848720314487e-14,0.019756548572331577,0.881517297029495,1.0,1.0,0.019756548572302458,1.0,0.0,0.6201731601731602,0.8164502164502164,0.038008658008658006,0.031082251082251083,9496
validation,LipCornerPullerR,11550,0,0.10943770509867978,1.4112457620285568e-06,0.26746917229356304,1.401298464324817e-45,1.401298464324817e-45,3.4851792197115038e-40,1.2427267356891349e-18,0.0200861245393753,0.911260187625885,1.0,1.0,0.0200861245393753,1.0,0.0,0.6481385281385281,0.8133333333333334,0.041385281385281386,0.03705627705627706,9455
validation,LipFunnelerLB,11550,0,0.008276239205584247,1.401298464324817e-45,0.0618225812274259,0.0,0.0,1.401298464324817e-45,1.401298464324817e-45,9.671446975812998e-28,0.0005848551372764543,0.28205097764730475,1.0,9.671446975812998e-28,0.28205097764730475,0.03116883116883117,0.964935064935065,0.9749783549783549,0.0013852813852813853,0.0013852813852813853,3503
validation,LipFunnelerLT,11550,0,0.013194585468027651,1.2387988856943366e-08,0.04639673537222006,1.401298464324817e-45,1.401298464324817e-45,1.401298464324817e-45,1.2681286251200258e-18,0.01036576647311445,0.061494744941592135,0.27459602028131486,0.6681706309318542,0.010365766473114449,0.27459602028131486,0.0,0.7402597402597403,0.9425108225108225,0.0,0.0,9096
validation,LipFunnelerRB,11550,0,0.007962952470911474,6.238598341062022e-36,0.059861520647320074,0.0,0.0,1.401298464324817e-45,1.401298464324817e-45,1.3660477693548105e-14,0.005898131360299845,0.25585313588380837,1.0,1.3660477693548105e-14,0.25585313588380837,0.025974025974025976,0.9626839826839827,0.9751515151515151,0.0013852813852813853,0.0013852813852813853,5642
validation,LipFunnelerRT,11550,0,0.012137594869784095,5.901932415008915e-11,0.04546191050391698,1.401298464324817e-45,1.401298464324817e-45,1.401298464324817e-45,1.5870142467788811e-24,0.003110283811110975,0.05630326122045487,0.26154198974370957,0.6578144431114197,0.003110283811110975,0.26154198974370957,0.0,0.7937662337662338,0.9438095238095238,0.0,0.0,8926
validation,LipPressorL,11550,0,0.005827404781988816,6.037243213422787e-17,0.026987003841050405,1.401298464324817e-45,1.401298464324817e-45,1.401298464324817e-45,2.0381500806526775e-39,2.415198707694799e-07,0.028155875578522515,0.11162416614592084,0.4176080822944641,2.415198707694799e-07,0.11162416614592084,0.0,0.8683982683982684,0.9679653679653679,0.0,0.0,7656
validation,LipPressorR,11550,0,0.005767519039125676,3.7738272062812116e-20,0.026943630980307557,1.401298464324817e-45,1.401298464324817e-45,1.401298464324817e-45,1.401298464324817e-45,1.6018798376649104e-07,0.027876699343323475,0.11261509224772467,0.4176105260848999,1.6018798376649104e-07,0.11261509224772467,0.0,0.8728138528138528,0.9682251082251082,0.0,0.0,7374
validation,LipPuckerL,11550,0,0.054007936254961024,8.750025244808057e-06,0.151917032218564,1.401298464324817e-45,1.401298464324817e-45,9.972195204250525e-34,7.024204487374524e-13,0.026731938589364252,0.3155975580215454,0.992958547472954,1.0,0.02673193858866183,0.992958547472954,0.0,0.6289177489177489,0.8134199134199134,0.011948051948051949,0.010216450216450217,9805
validation,LipPuckerR,11550,0,0.0539310048894267,2.2849455660889367e-07,0.15196424244641393,1.401298464324817e-45,1.401298464324817e-45,2.498027510025564e-38,1.2805555004967046e-15,0.027137780096381875,0.3133226796984669,0.9926752930879601,1.0,0.027137780096380595,0.9926752930879601,0.0,0.6528138528138528,0.805974025974026,0.011774891774891775,0.010216450216450217,9760
validation,LipStretcherL,11550,0,0.04501113852251394,0.0091409031301736,0.10449549104867437,1.401298464324817e-45,4.605479506880672e-42,4.2019468058990326e-26,9.09211150812439e-09,0.047713361680507625,0.1709425210952756,0.6130950677394873,1.0,0.04771335258839612,0.6130950677394873,0.0,0.5135064935064935,0.7575757575757576,0.0029437229437229437,0.002857142857142857,9957
validation,LipStretcherR,11550,0,0.04798014560624258,0.01074865553528065,0.10735377974568304,1.401298464324817e-45,5.271644580300675e-38,1.6974800243257768e-19,1.1621464501843096e-07,0.0542185548692941,0.17798228859901305,0.6394299727678309,1.0,0.05421843865464908,0.6394299727678309,0.0,0.4708225108225108,0.7386147186147186,0.003116883116883117,0.0029437229437229437,9911
validation,LipSuckLB,11550,0,0.07348100441799923,0.0203985953703522,0.10562391226356736,1.401298464324817e-45,6.659506999783371e-41,1.8215817312627502e-24,8.74574759279767e-08,0.122359424829483,0.2869138345122337,0.4424484124779702,0.677808940410614,0.12235933737200708,0.4424484124779702,0.0,0.41974025974025975,0.6277922077922078,0.0,0.0,10183
validation,LipSuckLT,11550,0,0.035147510950634175,0.0054694497957825,0.057102172615342776,1.401298464324817e-45,1.401298464324817e-45,2.502203580233794e-30,2.0270864153903998e-10,0.05432326626032585,0.154762715101242,0.2498474407196046,0.4957061409950256,0.05432326605761721,0.2498474407196046,0.0,0.5432034632034632,0.7396536796536797,0.0,0.0,10020
validation,LipSuckRB,11550,0,0.06530143428228682,0.0202827956527471,0.09401190211095466,1.401298464324817e-45,5.21897421874802e-38,1.4804305349692776e-25,1.5165132793981684e-07,0.1052843332290649,0.2513274669647216,0.4169391989707947,0.6550804972648621,0.10528418157773696,0.4169391989707947,0.0,0.4124675324675325,0.6388744588744589,0.0,0.0,10189
validation,LipSuckRT,11550,0,0.030184486983828536,0.00035499232762955,0.052149756006532814,1.401298464324817e-45,1.401298464324817e-45,1.1516536723486808e-33,1.2788744672628805e-12,0.040428943000733825,0.13619870841503132,0.22244862973690027,0.4689725935459137,0.04042894299945495,0.22244862973690027,0.0,0.5914285714285714,0.7662337662337663,0.0,0.0,10014
validation,LipTightenerL,11550,0,0.035525289342871476,1.3035327483222614e-12,0.12173852003297139,1.401298464324817e-45,1.401298464324817e-45,1.401298464324817e-45,9.158560901970245e-27,0.001151073432993075,0.24397436305880507,0.6669487303495407,0.997130572795868,0.001151073432993075,0.6669487303495407,0.0,0.8012121212121213,0.8836363636363637,0.001645021645021645,0.0004329004329004329,9093
validation,LipTightenerR,11550,0,0.03204682305190365,1.616002068367404e-18,0.11434272761329606,1.401298464324817e-45,1.401298464324817e-45,1.401298464324817e-45,1.6697171851662355e-41,7.680234261897567e-07,0.22032688036561002,0.6349446773529053,0.9771435260772704,7.680234261897567e-07,0.6349446773529053,0.0,0.8433766233766233,0.8918614718614719,0.0004329004329004329,0.0,7826
validation,LipsToward,11550,0,0.03352446919947348,0.0188723169267177,0.073825264247009,5.023340540394653e-16,1.8669612842359142e-07,0.002437888295389625,0.009506981819868025,0.03241346869617698,0.08227910175919521,0.34716309517622096,0.9999538064002992,0.022906486876308953,0.3471629084800925,0.0,0.2638095238095238,0.8998268398268399,0.0005194805194805195,0.0003463203463203463,10048
validation,LowerLipDepressorL,11550,0,0.057586667037850585,1.873548954867132e-10,0.14627781656541589,1.401298464324817e-45,1.401298464324817e-45,1.9576139546617737e-43,7.26197450176145e-21,0.007879648357629724,0.44918640404939636,0.6358601045608535,0.9943493008613586,0.007879648357629724,0.6358601045608535,0.0,0.761991341991342,0.8327272727272728,0.0004329004329004329,8.658008658008658e-05,9742
validation,LowerLipDepressorR,11550,0,0.05598215882372292,2.6993465795932536e-10,0.1419463557942124,1.401298464324817e-45,1.401298464324817e-45,1.401298464324817e-45,1.4687459144221515e-21,0.0100284959189593,0.43459636121988293,0.6234706664085408,0.9677556157112122,0.0100284959189593,0.6234706664085408,0.0,0.7493506493506493,0.8333333333333334,0.00017316017316017316,0.0,9551
validation,MouthLeft,11550,0,0.004411780323535955,2.3060206899572222e-07,0.009935451676327419,1.401298464324817e-45,1.401298464324817e-45,2.431252835603577e-44,4.292815864545209e-19,0.0084475413896143,0.026660275086760464,0.0271641090512275,0.3410068452358246,0.0084475413896143,0.0271641090512275,0.0,0.769004329004329,0.9990476190476191,0.0,0.0,9262
validation,MouthRight,11550,0,0.0010246134797116777,7.343189360162862e-23,0.003330616348501289,1.401298464324817e-45,1.401298464324817e-45,1.401298464324817e-45,1.401298464324817e-45,4.549431853462238e-08,0.01034815497696396,0.012318544257432175,0.0274142883718013,4.549431853462238e-08,0.012318544257432175,0.0,0.9457142857142857,1.0,0.0,0.0,7244
validation,NoseWrinklerL,11550,0,0.13657571622558176,0.00117733736988155,0.26975041016494594,1.401298464324817e-45,1.401298464324817e-45,1.401298464324817e-45,3.816401774376145e-24,0.11722288839519018,0.9225404411554321,1.0,1.0,0.11722288839519018,1.0,0.0,0.5676190476190476,0.6838961038961039,0.04588744588744589,0.041645021645021645,8654
validation,NoseWrinklerR,11550,0,0.13649063450975982,1.8058608475257643e-05,0.27103311193901947,1.401298464324817e-45,1.401298464324817e-45,1.401298464324817e-45,5.315589641804158e-21,0.11887392029166219,0.9262847989797588,1.0,1.0,0.11887392029166219,1.0,0.0,0.6062337662337662,0.6898701298701299,0.04623376623376623,0.04155844155844156,8886
validation,OuterBrowRaiserL,11550,0,0.07344245825532157,0.0057995291426777,0.153194762683394,2.802596928649634e-45,7.340800096258067e-42,2.0512940529762995e-24,5.320773084349639e-06,0.05814474448561665,0.4412387400865554,0.7310031735897067,0.9840547442436218,0.0581394237125323,0.7310031735897067,0.0,0.5478787878787879,0.7291774891774891,0.0004329004329004329,0.0,10164
validation,OuterBrowRaiserR,11550,0,0.09421776229374283,0.02020432520657775,0.1647494107367318,4.5438528372504356e-29,1.0782972861110242e-16,5.498808575143953e-10,0.00042146263149325,0.1066875085234642,0.49502100944519034,0.7485911309719088,0.9793626070022584,0.10626604589197096,0.7485911309719087,0.0,0.41134199134199134,0.6379220779220779,0.0006060606060606061,0.0,10241
validation,UpperLidRaiserL,11550,0,0.08408110193139129,1.288348983052856e-07,0.20697189197793642,1.401298464324817e-45,1.401298464324817e-45,1.401298464324817e-45,3.759553365211171e-22,0.03556604404002425,0.6034803986549377,0.9342796355485918,0.9931721091270448,0.03556604404002425,0.9342796355485918,0.0,0.6791341991341991,0.7796536796536796,0.006233766233766234,0.00017316017316017316,8945
validation,UpperLidRaiserR,11550,0,0.14720461930783627,6.059653401280229e-07,0.2617974562672224,1.401298464324817e-45,1.401298464324817e-45,1.401298464324817e-45,2.9924851030926045e-27,0.16000415757298464,0.7835926830768585,0.886806720495224,0.9534392952919006,0.16000415757298464,0.886806720495224,0.0,0.5944588744588745,0.6865800865800866,8.658008658008658e-05,0.0,8253
validation,UpperLipRaiserL,11550,0,0.1293945445230217,0.030915052630007198,0.18276561413709047,1.401298464324817e-45,8.561274985760559e-35,9.086159228675688e-22,7.792344991486289e-09,0.21238251775503156,0.5362412333488464,0.7219148278236389,0.8301076292991638,0.21238250996268657,0.7219148278236389,0.0,0.41722943722943723,0.5494372294372294,0.0,0.0,10171
validation,UpperLipRaiserR,11550,0,0.13882263677886095,0.0362600460648536,0.1910804186988608,1.401298464324817e-45,8.675954792232696e-32,4.564171802102508e-20,2.560215932589926e-06,0.22732188180088994,0.5644524991512294,0.7445971965789795,0.898155689239502,0.22731932158495735,0.7445971965789795,0.0,0.37844155844155847,0.5293506493506493,0.0,0.0,10203
test,BrowLowererL,11340,0,0.10643603394501443,0.0305885076522827,0.1734356297716435,2.630680476267917e-37,7.05842816182082e-23,2.4550599886374886e-10,0.0003453379540587,0.14228168502449987,0.4552149832248682,0.8953173190355309,0.9904753565788268,0.14193634707044117,0.8953173190355309,0.0,0.3966490299823633,0.5655202821869488,0.00291005291005291,8.818342151675486e-05,9942
test,BrowLowererR,11340,0,0.09868322421955714,0.02609708998352285,0.16831852690887836,2.802596928649634e-45,2.584762622755458e-31,6.555202127639381e-12,0.000277624749287475,0.1246732175350189,0.4295927241444577,0.8951345270872116,0.9917472004890442,0.12439559278573142,0.8951345270872116,0.0,0.3860670194003527,0.5968253968253968,0.003615520282186949,8.818342151675486e-05,9887
test,CheekPuffL,11340,0,0.004138589195720043,5.676201154068695e-13,0.013162703694264331,1.401298464324817e-45,1.401298464324817e-45,1.401298464324817e-45,2.089858603120706e-30,1.0745585541371838e-05,0.0271577890962362,0.0545078255236148,0.5463341474533081,1.0745585541371838e-05,0.0545078255236148,0.0,0.8462962962962963,0.9878306878306878,0.0,0.0,8218
test,CheekPuffR,11340,0,0.0048864642360401545,3.74633570693339e-11,0.014296147893882989,1.401298464324817e-45,1.401298464324817e-45,1.401298464324817e-45,7.50243935378386e-24,0.00014564246521325,0.03222566395997997,0.0550649613142013,0.5463131666183472,0.00014564246521325,0.0550649613142013,0.0,0.8432098765432099,0.9832451499118166,0.0,0.0,8674
test,CheekRaiserL,11340,0,0.19244387455281406,0.08585998415946955,0.24424461366243375,3.0208750438098223e-28,7.440669909438627e-21,1.1186719994782406e-09,0.0186240756884217,0.264777585864067,0.7858449310064314,0.9695658683776855,1.0,0.24615351017564532,0.9695658683776855,0.0,0.1931216931216931,0.3746031746031746,0.011287477954144622,0.009523809523809525,9873
test,CheekRaiserR,11340,0,0.17573666993538445,0.07376323640346524,0.2380469733442068,2.4961329545017966e-41,2.4353211923255416e-22,3.3839828439408147e-10,0.010874225758016075,0.2268345020711421,0.7615001082420348,0.9372045111656199,1.0,0.21596027631312603,0.9372045111656199,0.0,0.21005291005291005,0.42001763668430336,0.009523809523809525,0.008465608465608466,9825
test,CheekSuckL,11340,0,0.0012167664499469096,1.401298464324817e-45,0.01172008608286832,0.0,0.0,0.0,1.401298464324817e-45,1.401298464324817e-45,2.0344130026437825e-13,0.03855559665709734,0.2332779467105865,0.0,0.03855559665709734,0.15343915343915343,0.9837742504409172,0.991005291005291,0.0,0.0,1533
test,CheekSuckR,11340,0,0.001040399380357794,1.401298464324817e-45,0.009906714498481694,0.0,0.0,0.0,0.0,1.401298464324817e-45,4.362076805076633e-15,0.04144632004201455,0.2092083841562271,1.401298464324817e-45,0.04144632004201455,0.28835978835978837,0.9845679012345679,0.9916225749559083,0.0,0.0,1311
test,ChinRaiserB,11340,0,0.1241060838489875,5.159672355148359e-06,0.2454833902284374,1.401298464324817e-45,1.401298464324817e-45,2.7407127858681287e-40,3.34562105827908e-16,0.06549758091568945,0.7030765414237976,0.9445619720220567,1.0,0.06549758091568912,0.9445619720220567,0.0,0.6370370370370371,0.7352733686067019,0.009347442680776015,0.006790123456790123,9425
test,ChinRaiserT,11340,0,0.15344748468485153,0.03801480121910565,0.22994661376153278,1.401298464324817e-45,1.401298464324817e-45,1.001155570600533e-18,0.0002313447475899,0.2100194990634918,0.6607050240039826,0.9505354589223901,1.0,0.2097881543159019,0.9505354589223901,0.0,0.32063492063492066,0.5372134038800706,0.010052910052910053,0.007583774250440917,9693
test,DimplerL,11340,0,0.08382873050139679,0.0007825276697985,0.13303564036139917,1.401298464324817e-45,1.401298464324817e-45,4.512471830069192e-32,1.0613222974076297e-11,0.12568638473749155,0.3750804722309111,0.5092472404241566,0.6950924396514893,0.12568638472687832,0.5092472404241566,0.0,0.5504409171075838,0.6416225749559082,0.0,0.0,9739
test,DimplerR,11340,0,0.08443146651661042,0.0014365696697495002,0.13293239649101368,1.401298464324817e-45,1.401298464324817e-45,1.8936379973803166e-28,2.0714581959457856e-11,0.1271220482885837,0.3767806783318518,0.5009029853343965,0.6787310838699341,0.12712204826786913,0.5009029853343965,0.0,0.5477072310405644,0.6370370370370371,0.0,0.0,9785
test,EyesClosedL,11340,0,0.04338864425443837,1.1459107551736736e-09,0.15345127384580348,0.0,0.0,0.0,7.358966459938147e-24,0.004482831805944425,0.2441040545701972,0.9345366114377989,1.0,0.004482831805944425,0.9345366114377989,0.15070546737213403,0.7749559082892417,0.8752204585537919,0.009347442680776015,0.0050264550264550265,8105
test,EyesClosedR,11340,0,0.04853030051744213,1.387670636177063e-07,0.14786319643920812,0.0,0.0,0.0,1.5343004126960953e-30,0.021663132123649023,0.2630307734012599,0.9243786758184451,1.0,0.021663132123649023,0.9243786758184451,0.20864197530864198,0.6828924162257496,0.8239858906525573,0.005555555555555556,0.0032627865961199296,7575
test,EyesLookDownL,11340,0,0.018968564839655793,3.5518098942321903e-19,0.05309919105811536,0.0,0.0,0.0,0.0,0.0010724156745709,0.13249607309699024,0.27497696310281794,0.4021207094192505,0.0010724156745709,0.27497696310281794,0.4109347442680776,0.7850088183421516,0.8899470899470899,0.0,0.0,5898
test,EyesLookDownR,11340,0,0.024325397013080854,2.2239425437675267e-19,0.06065182875913294,0.0,0.0,0.0,0.0,0.004677326534874675,0.16196948811411835,0.3016323962807656,0.4160978496074676,0.004677326534874675,0.3016323962807656,0.4191358024691358,0.7600529100529101,0.85,0.0,0.0,5788
test,EyesLookLeftL,11340,0,0.05404187459834031,0.0,0.09048153871333942,0.0,0.0,0.0,0.0,0.08262586221098898,0.2686567455530162,0.354832448065281,0.505150318145752,0.08262586221098898,0.354832448065281,0.5879188712522045,0.6124338624338624,0.6922398589065256,0.0,0.0,3988
test,EyesLookLeftR,11340,0,0.09879651454977996,0.05187468789517875,0.11919814620887802,0.0,0.0,0.0,0.0,0.169349193572998,0.35405438691377616,0.43953457891941106,0.5863171815872192,0.169349193572998,0.43953457891941106,0.37336860670194005,0.3977954144620811,0.49700176366843035,0.0,0.0,6037
test,EyesLookRightL,11340,0,0.08133710979754201,0.0351522658020257,0.1035321404858804,0.0,0.0,0.0,0.0,0.13775065541267395,0.3048325315117835,0.40924727052450227,0.6512433886528015,0.13775065541267395,0.40924727052450227,0.4120811287477954,0.43580246913580245,0.5335978835978836,0.0,0.0,5685
test,EyesLookRightR,11340,0,0.03965996066069907,0.0,0.07489746052234585,0.0,0.0,0.0,0.0,0.05130310356616965,0.2192490071058273,0.3251693001389507,0.5684821605682373,0.05130310356616965,0.3251693001389507,0.62663139329806,0.6542328042328043,0.7472663139329806,0.0,0.0,3636
test,EyesLookUpL,11340,0,0.07195231911054335,0.0,0.11966891503329262,0.0,0.0,0.0,0.0,0.11349680274724955,0.33379450142383565,0.4935455918312073,0.7461683750152588,0.11349680274724955,0.4935455918312073,0.5914462081128747,0.6070546737213404,0.6575837742504409,0.0,0.0,3917
test,EyesLookUpR,11340,0,0.07197592126614412,0.0,0.11980097499779219,0.0,0.0,0.0,0.0,0.11300492659211156,0.33336218595504746,0.4946702319383621,0.747900664806366,0.11300492659211156,0.4946702319383621,0.5914462081128747,0.6069664902998236,0.6576719576719576,0.0,0.0,3919
test,InnerBrowRaiserL,11340,0,0.10020163149234114,0.0275655481964349,0.1862834490004959,1.0813633798250094e-25,3.6770204701368827e-16,1.144236212446972e-08,0.0014857400092296,0.0955574065446853,0.5763610571622829,0.8143447506427776,1.0,0.09407166653545569,0.8143447506427772,0.0,0.3752204585537919,0.6327160493827161,0.007054673721340388,0.006172839506172839,9927
test,InnerBrowRaiserR,11340,0,0.1039433727307435,0.0287093902006745,0.18986043919583462,7.106109817151648e-25,1.3169486626164654e-14,1.150332444410652e-07,0.001996792969293875,0.1012015528976917,0.5869863539934151,0.8483846455812457,1.0,0.09920475992839782,0.8483846455812325,0.0,0.3657848324514991,0.5884479717813051,0.007054673721340388,0.006349206349206349,9929
test,JawDrop,11340,0,0.12904302305870152,0.027220087125897352,0.20983161610709372,1.401298464324817e-45,7.885509943118628e-25,5.660696300591192e-10,0.0075797219760715745,0.1510746777057647,0.6463722378015517,0.9255205839872365,1.0,0.14349495572969312,0.9255205839872365,0.0,0.2743386243386243,0.5677248677248677,0.009171075837742505,0.005908289241622575,9676
test,JawSidewaysLeft,11340,0,0.009694505239738275,1.5744046066856757e-07,0.0256321373398872,1.401298464324817e-45,1.401298464324817e-45,1.401298464324817e-45,4.700173515866598e-16,0.010730264242738426,0.04492744542658304,0.14289129123091904,0.2585721015930176,0.010730264242737956,0.14289129123091904,0.0,0.7285714285714285,0.9544091710758378,0.0,0.0,9059
test,JawSidewaysRight,11340,0,0.01306248578942666,0.0058954178821295,0.033488926308963614,1.401298464324817e-45,1.401298464324817e-45,2.4752732831384175e-34,6.546191855250072e-08,0.01086562429554755,0.04938130751252166,0.15790384322404868,0.3616366684436798,0.010865558833628998,0.15790384322404868,0.0,0.5667548500881834,0.9513227513227513,0.0,0.0,8631
test,JawThrust,11340,0,0.03793029720659849,0.0017096074298024,0.0862278329390977,1.401298464324817e-45,1.401298464324817e-45,7.127500643413331e-26,5.641933031874655e-10,0.0287832911126315,0.22344769909977866,0.43465199589729314,0.7974679470062256,0.028783290548438197,0.43465199589729314,0.0,0.584920634920635,0.8077601410934744,0.0,0.0,9607
test,LidTightenerL,11340,0,0.17809774882826987,0.09252162277698511,0.2048403743017343,1.401298464324817e-45,5.42150677449776e-29,8.73461874456952e-15,0.00036508654739005,0.30791603028774256,0.6224055618047714,0.7352210491895675,0.9120700359344482,0.3075509437403525,0.7352210491895675,0.0,0.3250440917107584,0.4292768959435626,0.0,0.0,9921
test,LidTightenerR,11340,0,0.19363943236588999,0.1095588728785514,0.21284576534522062,1.401298464324817e-45,1.4870675544669864e-23,4.799436260742601e-12,0.0010684081935323502,0.3438155576586723,0.6106580942869182,0.7221669554710388,0.926127314567566,0.3427471494651399,0.7221669554710388,0.0,0.30414462081128746,0.4174603174603175,0.0,0.0,9919
test,LipCornerDepressorL,11340,0,0.09259672127515939,0.010865643620491,0.19811298991252602,1.401298464324817e-45,3.785760329011907e-36,5.5211745598482664e-17,0.00348127208417275,0.0419664718210697,0.6287107914686186,0.8661030679941178,0.9985624551773072,0.038485199736896944,0.8661030679941178,0.0,0.3425925925925926,0.7606701940035273,0.0008818342151675485,0.0001763668430335097,9085
test,LipCornerDepressorR,11340,0,0.08488630454335075,0.0093677500262856,0.1922188517912489,1.401298464324817e-45,1.401298464324817e-45,1.0843825954506019e-22,2.4533078146760095e-07,0.03348040021955963,0.6061109542846661,0.8376524698734286,0.9922220706939696,0.03348015488877816,0.8376524698734286,0.0,0.5153439153439153,0.7776014109347442,0.0001763668430335097,0.0001763668430335097,9489
test,LipCornerPullerL,11340,0,0.12235881778330486,0.0098360013216733,0.2585018996742772,1.401298464324817e-45,7.840264907897352e-42,1.7357356795349253e-22,2.1294857077691634e-07,0.0699719730764627,0.8619287014007568,1.0,1.0,0.06997176012789193,1.0,0.0,0.5029100529100529,0.7141975308641976,0.03192239858906525,0.022222222222222223,9631
test,LipCornerPullerR,11340,0,0.1248447359029421,0.0057180826552211995,0.2649292121633537,1.401298464324817e-45,1.401298464324817e-45,6.707808908835799e-28,7.773558047263762e-10,0.0672034341841936,0.8821013897657393,1.0,1.0,0.06720343340683779,1.0,0.0,0.537742504409171,0.7173721340388007,0.03712522045855379,0.03253968253968254,9486
test,LipFunnelerLB,11340,0,0.009891877167032655,1.401298464324817e-45,0.06161647539039442,0.0,0.0,1.401298464324817e-45,1.401298464324817e-45,5.980176717018986e-20,0.021121659688651477,0.3218519845604898,0.999888241291046,5.980176717018986e-20,0.3218519845604898,0.042328042328042326,0.9398589065255732,0.9656084656084656,0.0001763668430335097,0.0001763668430335097,4388
test,LipFunnelerLT,11340,0,0.014869103235697923,7.133302976081168e-11,0.047733548501616783,1.401298464324817e-45,1.401298464324817e-45,1.401298464324817e-45,7.065275808955164e-22,0.004135801573283925,0.08351729735732073,0.26224043011665377,0.5198816657066345,0.004135801573283925,0.26224043011665377,0.0,0.7873015873015873,0.9251322751322751,0.0,0.0,8703
test,LipFunnelerRB,11340,0,0.00998771387390541,4.505266459284954e-34,0.06089298594005732,0.0,0.0,1.401298464324817e-45,1.401298464324817e-45,5.055344164117682e-13,0.019227548688649683,0.3219006589055062,0.9998654127120972,5.055344164117682e-13,0.3219006589055062,0.021164021164021163,0.9297178130511464,0.9654320987654321,0.0001763668430335097,0.0001763668430335097,5779
test,LipFunnelerRT,11340,0,0.014713884160833272,6.8305027432769005e-12,0.04765042142505803,1.401298464324817e-45,1.401298464324817e-45,1.401298464324817e-45,3.463715486613171e-25,0.0004657184108509,0.08470028601586797,0.25982186645269395,0.5198718905448914,0.0004657184108509,0.25982186645269395,0.0,0.7998236331569665,0.9238977072310406,0.0,0.0,8673
test,LipPressorL,11340,0,0.01026138714754072,2.564980580023073e-18,0.05648845922966325,1.401298464324817e-45,1.401298464324817e-45,1.401298464324817e-45,2.0258571898743876e-40,1.5283880827610122e-08,0.010865643620491,0.36229383617639577,0.6380583047866821,1.5283880827610122e-08,0.36229383617639577,0.0,0.8944444444444445,0.9701058201058201,0.0,0.0,7437
test,LipPressorR,11340,0,0.010200284368808573,2.1788819315974884e-18,0.05687696955292818,1.401298464324817e-45,1.401298464324817e-45,1.401298464324817e-45,4.716875728302157e-41,1.2396788040547335e-08,0.0108807673677802,0.3639963567256927,0.6388714909553528,1.2396788040547335e-08,0.3639963567256927,0.0,0.9063492063492063,0.9697530864197531,0.0,0.0,7432
test,LipPuckerL,11340,0,0.05250258055393773,3.0667511907722655e-07,0.135060240923832,1.401298464324817e-45,1.401298464324817e-45,9.739024327057544e-45,1.1234316564046401e-15,0.01901820069178935,0.33936839997768375,0.6919978398084645,0.9643468260765076,0.019018200691788226,0.6919978398084645,0.0,0.6669312169312169,0.8127865961199294,8.818342151675486e-05,0.0,9311
test,LipPuckerR,11340,0,0.05240155007980943,1.3037918744629451e-08,0.13409593704478856,1.401298464324817e-45,1.401298464324817e-45,1.401298464324817e-45,1.1603666140964476e-16,0.019031255505979026,0.3335369125008565,0.6745565849542631,0.980073094367981,0.019031255505978912,0.6745565849542631,0.0,0.6932098765432099,0.7992063492063493,8.818342151675486e-05,0.0,9306
test,LipStretcherL,11340,0,0.06027784632976776,0.0108656408265233,0.1340616531608157,1.401298464324817e-45,1.401298464324817e-45,3.6124817665495215e-20,4.807939603779232e-06,0.05428971257060762,0.31847278773784615,0.7472820264101032,1.0,0.05428490463100384,0.7472820264101032,0.0,0.44426807760141096,0.7337742504409172,0.001675485008818342,0.0013227513227513227,9585
test,LipStretcherR,11340,0,0.06380277092902199,0.0108655062504112,0.1406561012805825,1.401298464324817e-45,1.1304843128982285e-30,1.48033730685848e-16,3.262249447288923e-05,0.05669497139751907,0.3426462113857269,0.7765991836786281,1.0,0.05666234890304618,0.7765991836786281,0.0,0.43694885361552027,0.7223985890652558,0.002998236331569665,0.001851851851851852,9696
test,LipSuckLB,11340,0,0.10840725395278542,0.052890997380018206,0.13889764656451598,1.401298464324817e-45,5.392029680152703e-36,3.477646019124799e-15,0.0016549121355637249,0.17086274549365038,0.38583048731088604,0.6403078293800363,0.835623025894165,0.16920783335808665,0.6403078293800363,0.0,0.3000881834215168,0.49056437389770724,0.0,0.0,9823
test,LipSuckLT,11340,0,0.049895260280162015,0.0108656426891684,0.0837309417744826,1.401298464324817e-45,6.486464461713642e-36,1.419548392594554e-15,3.888166133947379e-06,0.0653739031404256,0.22177318632602674,0.3625595921278001,0.862289547920227,0.06537001497429165,0.3625595921278001,0.0,0.4220458553791887,0.6912698412698413,0.0,0.0,9691
test,LipSuckRB,11340,0,0.09148240352107279,0.03830247372388835,0.12461913807761106,1.401298464324817e-45,1.8502463542213248e-37,1.8713976630271512e-14,0.0023762197233736003,0.14169774577021596,0.3292140960693359,0.610102086663247,0.7969037294387817,0.13932152604684236,0.610102086663247,0.0,0.30141093474426806,0.535626102292769,0.0,0.0,9762
test,LipSuckRT,11340,0,0.043306807568333786,0.010645586065948,0.07811000609783735,1.401298464324817e-45,8.821594222464024e-43,3.689710983608505e-18,6.938001035905472e-07,0.0591062270104885,0.19468870088458046,0.3421606022119522,0.8433194756507874,0.05910553321038491,0.3421606022119522,0.0,0.4804232804232804,0.721604938271605,0.0,0.0,9702
test,LipTightenerL,11340,0,0.027272076453687427,1.691920677690561e-15,0.0722932084916324,1.401298464324817e-45,1.401298464324817e-45,1.401298464324817e-45,6.011660954578029e-33,2.338444892302505e-05,0.19867111444473243,0.33334625154733727,0.6680304408073425,2.338444892302505e-05,0.33334625154733727,0.0,0.8006172839506173,0.8462962962962963,0.0,0.0,8200
test,LipTightenerR,11340,0,0.025334664666402027,7.922385976546565e-16,0.06892422335295044,1.401298464324817e-45,1.401298464324817e-45,1.401298464324817e-45,2.3907008454368978e-35,1.675170369708212e-05,0.1851836614310737,0.31618452072143577,0.6562923789024353,1.675170369708212e-05,0.31618452072143577,0.0,0.805026455026455,0.8567019400352733,0.0,0.0,8056
test,LipsToward,11340,0,0.03833879502024724,0.02743539679795495,0.05710790040024264,1.401298464324817e-45,1.576492895338788e-08,0.003351479477714722,0.014957099221646725,0.040447186678647946,0.10441331192851065,0.3048246800899505,1.0,0.025490087457001223,0.30482466432502153,0.0,0.15229276895943564,0.8322751322751323,0.0005291005291005291,0.0005291005291005291,9884
test,LowerLipDepressorL,11340,0,0.061347126848342544,2.904648188639669e-09,0.1495258773103502,1.401298464324817e-45,1.401298464324817e-45,1.401298464324817e-45,1.0604039762360263e-19,0.018693456891924098,0.46800760775804495,0.6569934314489368,1.0,0.018693456891924098,0.6569934314489368,0.0,0.7141093474426807,0.8028218694885362,0.0005291005291005291,0.0005291005291005291,9073
test,LowerLipDepressorR,11340,0,0.05943732559719164,6.682743469710317e-09,0.14621974341217656,1.401298464324817e-45,1.401298464324817e-45,1.401298464324817e-45,9.917883104489871e-20,0.020180914085358326,0.4448733761906621,0.6466093623638166,1.0,0.020180914085358326,0.6466093623638166,0.0,0.7067901234567902,0.8103174603174603,0.0005291005291005291,0.0005291005291005291,9075
test,MouthLeft,11340,0,0.006019571995586086,5.177942512091249e-05,0.013539442781590699,1.401298464324817e-45,1.401298464324817e-45,4.395597712818105e-33,3.0522108451780373e-10,0.010609155520796776,0.027160823531448813,0.05048611085861968,0.3061591684818268,0.010609155215575691,0.05048611085861968,0.0,0.7238095238095238,0.9899470899470899,0.0,0.0,9210
test,MouthRight,11340,0,0.002881814026564791,6.24798146163161e-13,0.009253186854819349,1.401298464324817e-45,1.401298464324817e-45,1.401298464324817e-45,1.948272234905529e-33,3.338477745273849e-05,0.013960118452086863,0.0541454963386058,0.1514015942811966,3.338477745273849e-05,0.0541454963386058,0.0,0.8922398589065256,0.9886243386243386,0.0,0.0,8024
test,NoseWrinklerL,11340,0,0.08019063753480392,9.252635493339767e-07,0.2072510251690694,1.401298464324817e-45,1.401298464324817e-45,1.401298464324817e-45,1.7419027960878546e-24,0.0168250640854239,0.6689272999763485,0.9196197390556335,1.0,0.0168250640854239,0.9196197390556335,0.0,0.6515873015873016,0.8287477954144621,0.007848324514991182,0.004761904761904762,8841
test,NoseWrinklerR,11340,0,0.07951950907348733,2.3458250897334657e-09,0.20980909081566634,1.401298464324817e-45,1.401298464324817e-45,1.401298464324817e-45,4.557921988093366e-21,0.01086108130402855,0.6812181174755095,0.9437507385015489,1.0,0.01086108130402855,0.9437507385015489,0.0,0.7313051146384479,0.8256613756613757,0.009523809523809525,0.006437389770723104,9274
test,OuterBrowRaiserL,11340,0,0.09400072006889892,0.01452579908072945,0.19002558282169418,5.321995882145622e-28,1.200262296046044e-17,3.726592767011598e-11,0.00041006095125337497,0.08460325375199312,0.5864857584238049,0.8785047101974488,0.9999999403953552,0.08419319280073975,0.8785047101974488,0.0,0.45537918871252203,0.6609347442680776,0.0068783068783068784,0.006349206349206349,9926
test,OuterBrowRaiserR,11340,0,0.0996902915890916,0.02120222523808475,0.19345715033399347,2.972487055440664e-26,4.1936706580690935e-19,2.8186100564653322e-08,0.001093410101020675,0.09270613081753247,0.5845426976680742,0.901353120803833,1.0,0.09161272071651179,0.901353120803833,0.0,0.40361552028218695,0.6300705467372134,0.0068783068783068784,0.006349206349206349,9929
test,UpperLidRaiserL,11340,0,0.11467720417013677,0.00072197307599705,0.21063609408829417,1.401298464324817e-45,1.401298464324817e-45,1.401298464324817e-45,1.4798691292492193e-17,0.12924671918153763,0.6688931316137313,0.8505949455499656,0.9651675820350648,0.1292467191815376,0.8505949455499656,0.0,0.5481481481481482,0.6722222222222223,0.0006172839506172839,0.0,8755
test,UpperLidRaiserR,11340,0,0.15699389894961316,0.0081282653845846,0.24684714602949295,1.401298464324817e-45,1.401298464324817e-45,1.401298464324817e-45,2.1697870415541068e-14,0.24877099692821497,0.7574515044689178,0.8681641095876695,0.9430307745933532,0.24877099692819327,0.8681641095876695,0.0,0.5089065255731923,0.6135802469135803,0.0,0.0,8822
test,UpperLipRaiserL,11340,0,0.14788320859555143,0.028342539444565752,0.21528372098263104,1.401298464324817e-45,1.1349219296741539e-32,5.754457345213791e-19,2.6865418476518244e-05,0.23132909461855888,0.6669741272926331,0.791791687011719,0.9999940991401672,0.23130222920008237,0.791791687011719,0.0,0.3710758377425044,0.554320987654321,0.0007936507936507937,0.0004409171075837742,9724
test,UpperLipRaiserR,11340,0,0.1540109328541807,0.027500689029693548,0.22455793006991828,1.401298464324817e-45,1.6927964255457148e-29,3.7667140581475784e-17,0.00020548359680105,0.24033637717366216,0.6773440659046173,0.8300885248184211,1.0,0.2401308935768611,0.8300885248184211,0.0,0.36278659611992947,0.5564373897707231,0.0010582010582010583,0.0007936507936507937,9787
