true_label,rank,fea_name,raw_difference_incorrect_minus_correct,sd_scaled_difference,abs_sd_scaled_difference,is_paper_relevant_fea,rank_within_paper_relevant
Anger,1,LipTightenerR,-0.11655541252989736,-2.0574055769975224,2.0574055769975224,True,1
Anger,2,LipTightenerL,-0.11607436065466627,-1.9695476030698236,1.9695476030698236,True,2
Anger,3,NoseWrinklerL,0.26327107747801354,1.525112407273494,1.525112407273494,True,3
Anger,4,NoseWrinklerR,0.2655590887610686,1.5155958639660916,1.5155958639660916,True,4
Anger,8,UpperLipRaiserR,0.19608240888430722,1.0219900487420899,1.0219900487420899,True,5
Anger,9,UpperLipRaiserL,0.18239627319565754,0.9945676708058959,0.9945676708058959,True,6
Anger,12,LipPressorL,0.040361759742352156,0.9109649117445016,0.9109649117445016,True,7
Anger,13,LipPressorR,0.04053032240396798,0.9080572905613258,0.9080572905613258,True,8
Anger,14,ChinRaiserB,-0.1670244340043455,-0.8118856782020212,0.8118856782020212,True,9
Anger,18,BrowLowererR,0.10563648715627255,0.7481602830858004,0.7481602830858004,True,10
Anger,19,BrowLowererL,0.10481693186465299,0.7171332831098506,0.7171332831098506,True,11
Anger,24,LipStretcherR,0.07209167311126465,0.6349134654359632,0.6349134654359632,True,12
Anger,25,LidTightenerL,-0.11051614874319038,-0.6140438477607897,0.6140438477607897,True,13
Anger,26,LipStretcherL,0.06619024832345255,0.613838073421048,0.613838073421048,True,14
Anger,27,JawDrop,0.1065746938715266,0.5968894269477656,0.5968894269477656,True,15
Anger,30,ChinRaiserT,-0.1056932973193947,-0.5585335269028091,0.5585335269028091,True,16
Anger,31,LowerLipDepressorL,0.06605702518839877,0.5519624539837767,0.5519624539837767,True,17
Anger,32,LowerLipDepressorR,0.06340670187193347,0.5433229740763003,0.5433229740763003,True,18
Anger,33,CheekRaiserL,0.11437542425033861,0.5359393238006076,0.5359393238006076,True,19
Anger,34,CheekRaiserR,0.11097777532863604,0.5358365601339559,0.5358365601339559,True,20
Anger,37,LipFunnelerRT,-0.016039590808333434,-0.39564706120469095,0.39564706120469095,True,21
Anger,39,LipFunnelerLT,-0.015961128891721077,-0.3945627901486495,0.3945627901486495,True,22
Anger,42,LidTightenerR,-0.06468851573633266,-0.3440424912964606,0.3440424912964606,True,23
Anger,47,UpperLidRaiserL,0.034440381072806295,0.19244192557680537,0.19244192557680537,True,24
Anger,48,UpperLidRaiserR,0.039905704029158384,0.18546192714876036,0.18546192714876036,True,25
Anger,49,InnerBrowRaiserR,-0.02321086545161779,-0.14768572396604632,0.14768572396604632,True,26
Anger,50,InnerBrowRaiserL,-0.015402446538970396,-0.10030096841578023,0.10030096841578023,True,27
Anger,52,LipCornerDepressorL,0.013953897809987119,0.08376543276785064,0.08376543276785064,True,28
Anger,53,LipCornerDepressorR,0.012173871649526866,0.07533772577701922,0.07533772577701922,True,29
Anger,56,OuterBrowRaiserR,0.00868220209247255,0.05419075630267845,0.05419075630267845,True,30
Anger,57,LipFunnelerRB,-0.0023989482916604277,-0.04829820633616191,0.04829820633616191,True,31
Anger,58,OuterBrowRaiserL,0.007328237960679804,0.04673197751923655,0.04673197751923655,True,32
Anger,59,LipCornerPullerL,0.008555619777405328,0.037902939555903084,0.037902939555903084,True,33
Anger,60,LipCornerPullerR,0.00805513861888419,0.03488892562534138,0.03488892562534138,True,34
Anger,61,LipFunnelerLB,-0.0008804720839304731,-0.0175651222055713,0.0175651222055713,True,35
Disgust,1,NoseWrinklerR,-0.34716508915555017,-1.981336717535489,1.981336717535489,True,1
Disgust,2,NoseWrinklerL,-0.3354785113196745,-1.9434054241298324,1.9434054241298324,True,2
Disgust,3,BrowLowererR,-0.16594785613231883,-1.1753097661963017,1.1753097661963017,True,3
Disgust,5,BrowLowererL,-0.1589443748954832,-1.0874607696762708,1.0874607696762708,True,4
Disgust,9,UpperLipRaiserR,-0.1584190599477646,-0.8256870349507895,0.8256870349507895,True,5
Disgust,11,UpperLipRaiserL,-0.14491634088706515,-0.7901976564134809,0.7901976564134809,True,6
Disgust,14,LipPressorL,-0.029118929982476508,-0.6572142456352464,0.6572142456352464,True,7
Disgust,15,LipPressorR,-0.029175930963783885,-0.6536690371351238,0.6536690371351238,True,8
Disgust,16,LidTightenerR,-0.12184994979866878,-0.6480525919616547,0.6480525919616547,True,9
Disgust,17,LipCornerPullerL,0.13684542722970738,0.6062499376710675,0.6062499376710675,True,10
Disgust,18,LipCornerPullerR,0.139106120385808,0.60250522278939,0.60250522278939,True,11
Disgust,19,ChinRaiserT,-0.10944269173110639,-0.5783471057922506,0.5783471057922506,True,12
Disgust,20,LowerLipDepressorL,0.06497055632451439,0.5428840854290887,0.5428840854290887,True,13
Disgust,21,LowerLipDepressorR,0.05811674109978007,0.4979940556083683,0.4979940556083683,True,14
Disgust,22,LipStretcherL,-0.05361689126616158,-0.4972347146488196,0.4972347146488196,True,15
Disgust,23,UpperLidRaiserL,-0.08737916327782458,-0.48824704932640506,0.48824704932640506,True,16
Disgust,24,LipStretcherR,-0.050057506149669126,-0.4408579150537478,0.4408579150537478,True,17
Disgust,27,LidTightenerL,-0.07226051293272423,-0.4014899533414322,0.4014899533414322,True,18
Disgust,29,UpperLidRaiserR,-0.083382226373549,-0.38751924742119964,0.38751924742119964,True,19
Disgust,30,ChinRaiserB,-0.0783060015203648,-0.38063605202814715,0.38063605202814715,True,20
Disgust,32,JawDrop,0.06544201415962539,0.36651896347114354,0.36651896347114354,True,21
Disgust,34,LipCornerDepressorL,-0.05542702147656388,-0.33272914165204215,0.33272914165204215,True,22
Disgust,36,LipCornerDepressorR,-0.04293635805799373,-0.26571066808994637,0.26571066808994637,True,23
Disgust,44,OuterBrowRaiserR,-0.021628708679433836,-0.13499755807400665,0.13499755807400665,True,24
Disgust,45,CheekRaiserL,-0.025180470132168953,-0.11799041816954024,0.11799041816954024,True,25
Disgust,49,CheekRaiserR,-0.021450077213906404,-0.10356790406791999,0.10356790406791999,True,26
Disgust,52,InnerBrowRaiserL,0.011780342704249956,0.0767137726150502,0.0767137726150502,True,27
Disgust,53,OuterBrowRaiserL,-0.011248273604371594,-0.07172993999787541,0.07172993999787541,True,28
Disgust,54,LipTightenerR,-0.003137985806383881,-0.055390902562652104,0.055390902562652104,True,29
Disgust,56,LipFunnelerLT,0.001512361017356986,0.037385913413050476,0.037385913413050476,True,30
Disgust,57,LipTightenerL,-0.0021140618571534094,-0.0358713624612194,0.0358713624612194,True,31
Disgust,58,LipFunnelerRB,-0.0012463243404529226,-0.025092341659149368,0.025092341659149368,True,32
Disgust,59,LipFunnelerLB,-0.0010516645157411652,-0.020980353693661486,0.020980353693661486,True,33
Disgust,60,LipFunnelerRT,0.0008496045975787576,0.020957115816407537,0.020957115816407537,True,34
Disgust,61,InnerBrowRaiserR,0.0023318850879842368,0.014837281192398454,0.014837281192398454,True,35
Fear,1,UpperLidRaiserR,-0.2969857552210984,-1.3802425452458948,1.3802425452458948,True,1
Fear,2,UpperLidRaiserL,-0.1971649259739055,-1.1016950692391099,1.1016950692391099,True,2
Fear,3,OuterBrowRaiserL,-0.15252130797186889,-0.9726243025389881,0.9726243025389881,True,3
Fear,4,OuterBrowRaiserR,-0.15476775387058803,-0.9659970528427863,0.9659970528427863,True,4
Fear,5,InnerBrowRaiserL,-0.12836827121851896,-0.8359361536818334,0.8359361536818334,True,5
Fear,6,InnerBrowRaiserR,-0.1309731152183043,-0.8333536455770321,0.8333536455770321,True,6
Fear,8,JawDrop,-0.11341447667332463,-0.6351967763635086,0.6351967763635086,True,7
Fear,9,LidTightenerR,0.11287273157964954,0.6003077258779727,0.6003077258779727,True,8
Fear,10,LidTightenerL,0.09348121169112997,0.5193952519423026,0.5193952519423026,True,9
Fear,11,UpperLipRaiserR,0.08212563598603968,0.42804238892163565,0.42804238892163565,True,10
Fear,12,BrowLowererL,0.05991577307913724,0.40992990630358533,0.40992990630358533,True,11
Fear,13,CheekRaiserR,0.07923071025034642,0.3825514713355497,0.3825514713355497,True,12
Fear,16,CheekRaiserL,0.07814843373751572,0.3661872207939528,0.3661872207939528,True,13
Fear,17,UpperLipRaiserL,0.06430533140236366,0.3506431494060413,0.3506431494060413,True,14
Fear,20,BrowLowererR,0.0433742511647905,0.3071939715496056,0.3071939715496056,True,15
Fear,29,LipCornerPullerR,0.037259733129826916,0.16138171166155182,0.16138171166155182,True,16
Fear,32,LipCornerPullerL,0.033972291384677174,0.1505033814533835,0.1505033814533835,True,17
Fear,33,NoseWrinklerL,0.02419406512243802,0.1401546620847276,0.1401546620847276,True,18
Fear,34,NoseWrinklerR,0.024163111822118395,0.13790344178768543,0.13790344178768543,True,19
Fear,37,LipStretcherR,-0.014632957386920359,-0.12887288202851646,0.12887288202851646,True,20
Fear,38,LipCornerDepressorR,-0.019455914467208103,-0.12040248090907313,0.12040248090907313,True,21
Fear,40,LipStretcherL,-0.011907738260020465,-0.11043051351936366,0.11043051351936366,True,22
Fear,43,LipCornerDepressorL,-0.013867326419620976,-0.08324574356859735,0.08324574356859735,True,23
Fear,44,ChinRaiserT,0.015607909005654591,0.08247959601603524,0.08247959601603524,True,24
Fear,50,LipTightenerR,0.0009638139141771144,0.017012990466720397,0.017012990466720397,True,25
Fear,51,LipFunnelerRT,0.0006606922591806614,0.016297233129520035,0.016297233129520035,True,26
Fear,52,LowerLipDepressorR,-0.0013114842477971109,-0.011237921243822892,0.011237921243822892,True,27
Fear,54,ChinRaiserB,-0.0019440553467250984,-0.009449819142013125,0.009449819142013125,True,28
Fear,55,LowerLipDepressorL,0.0009871879018091556,0.00824879193805072,0.00824879193805072,True,29
Fear,56,LipFunnelerLT,0.0002715341619487736,0.006712387155444544,0.006712387155444544,True,30
Fear,57,LipPressorR,-8.956544725305724e-05,-0.0020066595214787166,0.0020066595214787166,True,31
Fear,58,LipPressorL,-7.633990219184794e-05,-0.0017229915818018269,0.0017229915818018269,True,32
Fear,59,LipTightenerL,5.952623918674513e-05,0.0010100401246991642,0.0010100401246991642,True,33
Fear,60,LipFunnelerRB,1.5174432840197402e-05,0.000305507997357797,0.000305507997357797,True,34
Fear,61,LipFunnelerLB,7.2256550128288065e-06,0.00014414938943783606,0.00014414938943783606,True,35
Neutral,3,LidTightenerR,0.12692007267358973,0.6750177755836876,0.6750177755836876,True,1
Neutral,4,LidTightenerL,0.09312610355529684,0.5174222193260031,0.5174222193260031,True,2
Neutral,7,CheekRaiserL,0.08028995902316391,0.3762219605207328,0.3762219605207328,True,3
Neutral,8,InnerBrowRaiserR,0.057764622406345265,0.3675438168166966,0.3675438168166966,True,4
Neutral,9,UpperLidRaiserL,-0.05233978463479091,-0.29245811531822663,0.29245811531822663,True,5
Neutral,11,BrowLowererR,0.03687226556679657,0.26114428250212113,0.26114428250212113,True,6
Neutral,12,CheekRaiserR,0.045263610128098666,0.21854733597301212,0.21854733597301212,True,7
Neutral,13,InnerBrowRaiserL,0.03306221421768549,0.2153016467619895,0.2153016467619895,True,8
Neutral,15,BrowLowererL,-0.028277072822391724,-0.19346521319707244,0.19346521319707244,True,9
Neutral,17,UpperLidRaiserR,-0.032086214723501975,-0.14912081774528985,0.14912081774528985,True,10
Neutral,20,LipTightenerR,0.00644539262700743,0.11377238044043905,0.11377238044043905,True,11
Neutral,25,LipTightenerL,0.00522480606045298,0.08865441252341,0.08865441252341,True,12
Neutral,26,UpperLipRaiserL,0.015586969780750887,0.08499239572254798,0.08499239572254798,True,13
Neutral,30,JawDrop,-0.008704168526260134,-0.04874915399671857,0.04874915399671857,True,14
Neutral,31,OuterBrowRaiserL,-0.007410168101909332,-0.04725444383905717,0.04725444383905717,True,15
Neutral,32,UpperLipRaiserR,0.008587342233346618,0.04475760144705814,0.04475760144705814,True,16
Neutral,34,LowerLipDepressorL,-0.00440798772069217,-0.03683247485796419,0.03683247485796419,True,17
Neutral,36,LowerLipDepressorR,-0.0039927036080677,-0.034212907072852426,0.034212907072852426,True,18
Neutral,38,LipCornerPullerL,0.0076183540149189835,0.033750683089672995,0.033750683089672995,True,19
Neutral,39,LipCornerPullerR,0.0076437311419857955,0.033107011552557145,0.033107011552557145,True,20
Neutral,45,NoseWrinklerL,0.001862921395736549,0.010791783744837443,0.010791783744837443,True,21
Neutral,46,OuterBrowRaiserR,-0.001665493890457878,-0.0103953320344447,0.0103953320344447,True,22
Neutral,47,ChinRaiserB,-0.0017110537321464309,-0.008317226327063392,0.008317226327063392,True,23
Neutral,48,LipFunnelerRT,-0.00033624360306859426,-0.008294088982235612,0.008294088982235612,True,24
Neutral,49,LipFunnelerLT,0.0003296468237725687,0.008148945568556203,0.008148945568556203,True,25
Neutral,50,LipCornerDepressorL,0.00101419756123536,0.006088241349178767,0.006088241349178767,True,26
Neutral,51,ChinRaiserT,-0.0010006921935160461,-0.005288132307005469,0.005288132307005469,True,27
Neutral,53,LipCornerDepressorR,0.0005995235076149026,0.003710137490674433,0.003710137490674433,True,28
Neutral,55,LipStretcherR,-0.00027031054862884044,-0.0023806328771001505,0.0023806328771001505,True,29
Neutral,56,NoseWrinklerR,0.000249866562794683,0.0014260356551222013,0.0014260356551222013,True,30
Neutral,57,LipFunnelerRB,-4.565618129652053e-05,-0.0009191993309927913,0.0009191993309927913,True,31
Neutral,58,LipStretcherL,-9.441406763899523e-05,-0.0008755813862512845,0.0008755813862512845,True,32
Neutral,59,LipPressorL,-2.509907734278644e-05,-0.0005664861721191992,0.0005664861721191992,True,33
Neutral,60,LipFunnelerLB,-2.1825676099891782e-05,-0.00043541490401652414,0.00043541490401652414,True,34
Neutral,61,LipPressorR,-1.8587062159007986e-05,-0.00041643185404198376,0.00041643185404198376,True,35
Sadness,3,LipPressorR,0.18574464471066282,4.16149610484539,4.16149610484539,True,1
Sadness,4,LipPressorL,0.1823308086690682,4.115206326180903,4.115206326180903,True,2
Sadness,5,BrowLowererR,0.36315782376870465,2.5720304371128844,2.5720304371128844,True,3
Sadness,6,BrowLowererL,0.3503178378995913,2.3967938839239946,2.3967938839239946,True,4
Sadness,9,NoseWrinklerR,0.2903201425413316,1.6569118734157753,1.6569118734157753,True,5
Sadness,10,NoseWrinklerL,0.2851937542009767,1.6521090625503319,1.6521090625503319,True,6
Sadness,12,LipCornerDepressorR,-0.24723666806008202,-1.5300184556371834,1.5300184556371834,True,7
Sadness,13,CheekRaiserR,0.30625291564156265,1.4786880378744243,1.4786880378744243,True,8
Sadness,14,LipCornerDepressorL,-0.24567967356761575,-1.4748183238038637,1.4748183238038637,True,9
Sadness,15,CheekRaiserL,0.29888006939367573,1.4004895137064468,1.4004895137064468,True,10
Sadness,17,LipFunnelerRB,-0.0654170120099759,-1.3170456215903423,1.3170456215903423,True,11
Sadness,18,LipFunnelerLB,-0.06450547493543249,-1.2868625489082055,1.2868625489082055,True,12
Sadness,19,LipTightenerR,-0.07215722011239094,-1.2737003272309695,1.2737003272309695,True,13
Sadness,20,LipTightenerL,-0.07399294243744313,-1.255510877680557,1.255510877680557,True,14
Sadness,21,LipFunnelerRT,-0.04918129875382456,-1.2131504195275922,1.2131504195275922,True,15
Sadness,22,LipFunnelerLT,-0.04623722731508228,-1.1429949311191252,1.1429949311191252,True,16
Sadness,30,ChinRaiserB,-0.08531131903622813,-0.4146880576301492,0.4146880576301492,True,17
Sadness,33,OuterBrowRaiserL,0.05871653683465618,0.3744337853229367,0.3744337853229367,True,18
Sadness,34,LipStretcherL,-0.039039010005008076,-0.362041710021027,0.362041710021027,True,19
Sadness,35,ChinRaiserT,-0.06758799956586603,-0.357167055350269,0.357167055350269,True,20
Sadness,36,OuterBrowRaiserR,0.05560893800319391,0.34708825888705414,0.34708825888705414,True,21
Sadness,37,LipStretcherR,-0.03632354077591785,-0.3199024818767721,0.3199024818767721,True,22
Sadness,38,UpperLidRaiserR,-0.060542334554091186,-0.28137075422306596,0.28137075422306596,True,23
Sadness,39,InnerBrowRaiserL,0.04260004471038335,0.27741214541443954,0.27741214541443954,True,24
Sadness,45,InnerBrowRaiserR,0.033957952655354076,0.21606711877092635,0.21606711877092635,True,25
Sadness,48,LidTightenerL,0.03228967131778876,0.1794061252078141,0.1794061252078141,True,26
Sadness,50,UpperLipRaiserR,0.03039105176955694,0.15839948446175275,0.15839948446175275,True,27
Sadness,51,LowerLipDepressorL,-0.01841945621412292,-0.15391017418658387,0.15391017418658387,True,28
Sadness,55,LowerLipDepressorR,-0.01644194215893938,-0.14088865450577404,0.14088865450577404,True,29
Sadness,56,UpperLidRaiserL,-0.024061733994311395,-0.1344493376189248,0.1344493376189248,True,30
Sadness,57,LipCornerPullerL,-0.023759752780044083,-0.10525999248628674,0.10525999248628674,True,31
Sadness,58,LipCornerPullerR,-0.022203610192859276,-0.09616968016126407,0.09616968016126407,True,32
Sadness,59,UpperLipRaiserL,0.0133083216784729,0.07256741742686838,0.07256741742686838,True,33
Sadness,60,JawDrop,0.006786034741646324,0.03800632440072223,0.03800632440072223,True,34
Sadness,61,LidTightenerR,0.005569061366518746,0.029618761922587323,0.029618761922587323,True,35
Surprise,1,LipFunnelerLT,0.15701631029448443,3.881479430992651,3.881479430992651,True,1
Surprise,2,LipFunnelerRT,0.15680538043365058,3.8679034079488166,3.8679034079488166,True,2
Surprise,7,OuterBrowRaiserR,-0.3218479459374015,-2.0088433117599074,2.0088433117599074,True,3
Surprise,8,OuterBrowRaiserL,-0.31212951478877365,-1.9904415695101245,1.9904415695101245,True,4
Surprise,9,InnerBrowRaiserR,-0.3109604820190868,-1.97857438825568,1.97857438825568,True,5
Surprise,10,InnerBrowRaiserL,-0.29984278752400473,-1.9525808374047493,1.9525808374047493,True,6
Surprise,13,LipTightenerL,0.10338960865470952,1.754312965927365,1.754312965927365,True,7
Surprise,14,LipTightenerR,0.09326447083675685,1.646279981944613,1.646279981944613,True,8
Surprise,15,UpperLidRaiserR,-0.35328931068361247,-1.6419135558306241,1.6419135558306241,True,9
Surprise,16,LidTightenerL,0.2823360497862098,1.568700288092408,1.568700288092408,True,10
Surprise,17,UpperLidRaiserL,-0.26968890850356825,-1.5069360803360194,1.5069360803360194,True,11
Surprise,18,BrowLowererL,0.17904280273701645,1.224969579435715,1.224969579435715,True,12
Surprise,19,LidTightenerR,0.19869194530698153,1.0567327304676448,1.0567327304676448,True,13
Surprise,20,BrowLowererR,0.13820474424989634,0.9788218386024149,0.9788218386024149,True,14
Surprise,24,LipFunnelerLB,0.03968879116467315,0.7917780469391148,0.7917780469391148,True,15
Surprise,25,LipFunnelerRB,0.03870504873856019,0.7792516565383293,0.7792516565383293,True,16
Surprise,27,JawDrop,-0.11261941441306705,-0.6307438969821705,0.6307438969821705,True,17
Surprise,28,CheekRaiserL,0.13248217610643465,0.6207837771400039,0.6207837771400039,True,18
Surprise,29,LowerLipDepressorL,0.07406956955532759,0.6189140558582226,0.6189140558582226,True,19
Surprise,30,CheekRaiserR,0.12495257670678588,0.603311416940631,0.603311416940631,True,20
Surprise,34,LowerLipDepressorR,0.060312458403825014,0.516808843645665,0.516808843645665,True,21
Surprise,46,NoseWrinklerL,0.04857863393622318,0.2814128997923004,0.2814128997923004,True,22
Surprise,48,NoseWrinklerR,0.041162638400633104,0.23492294992042925,0.23492294992042925,True,23
Surprise,50,UpperLipRaiserL,-0.03661010155646345,-0.19962701427523483,0.19962701427523483,True,24
Surprise,52,UpperLipRaiserR,-0.03519308469183072,-0.18342788904031596,0.18342788904031596,True,25
Surprise,54,LipCornerPullerR,-0.020683132184892192,-0.08958408968978947,0.08958408968978947,True,26
Surprise,55,LipStretcherR,-0.010136267487091462,-0.08927040307252242,0.08927040307252242,True,27
Surprise,56,LipCornerPullerL,-0.01788211142184453,-0.07922098059383956,0.07922098059383956,True,28
Surprise,57,LipStretcherL,-0.008393487531539385,-0.07783989856732687,0.07783989856732687,True,29
Surprise,58,ChinRaiserT,0.0125318149649511,0.06622405571959714,0.06622405571959714,True,30
Surprise,59,LipCornerDepressorR,-0.009140632560278094,-0.05656659517036125,0.05656659517036125,True,31
Surprise,60,ChinRaiserB,0.007317562172727773,0.03556978931140084,0.03556978931140084,True,32
Surprise,61,LipCornerDepressorL,0.005291282375808962,0.03176363795564787,0.03176363795564787,True,33
Surprise,62,LipPressorL,-0.0013241288320198902,-0.029885587553647473,0.029885587553647473,True,34
Surprise,63,LipPressorR,-0.0011956981227627809,-0.02678889121244534,0.02678889121244534,True,35
