true_label,classification_result,fea_name,raw_mean
Anger,Correct,BrowLowererL,0.1577809692136015
Disgust,Correct,BrowLowererL,0.27429085437956846
Fear,Correct,BrowLowererL,0.04345572338823086
Happiness,Correct,BrowLowererL,0.0401343979717335
Neutral,Correct,BrowLowererL,0.03678443468049367
Sadness,Correct,BrowLowererL,0.11313697026578794
Surprise,Correct,BrowLowererL,0.03235837141835784
Anger,Correct,BrowLowererR,0.1508503277946855
Disgust,Correct,BrowLowererR,0.26006698105202214
Fear,Correct,BrowLowererR,0.046749502496631665
Happiness,Correct,BrowLowererR,0.030609654324926926
Neutral,Correct,BrowLowererR,0.03211573618336465
Sadness,Correct,BrowLowererR,0.09718928717835246
Surprise,Correct,BrowLowererR,0.031707883818760225
Anger,Correct,CheekPuffL,0.012309040807325618
Disgust,Correct,CheekPuffL,0.0011963721404219191
Fear,Correct,CheekPuffL,9.817972402605539e-05
Happiness,Correct,CheekPuffL,3.918751895460968e-05
Neutral,Correct,CheekPuffL,6.32729615123672e-05
Sadness,Correct,CheekPuffL,0.017059979315833012
Surprise,Correct,CheekPuffL,0.0031389907862899155
Anger,Correct,CheekPuffR,0.01599650324206389
Disgust,Correct,CheekPuffR,0.0015643010592978482
Fear,Correct,CheekPuffR,0.00010965115845661908
Happiness,Correct,CheekPuffR,0.0004681795873152673
Neutral,Correct,CheekPuffR,0.00014416507992662923
Sadness,Correct,CheekPuffR,0.01893066406246662
Surprise,Correct,CheekPuffR,0.00402595734105206
Anger,Correct,CheekRaiserL,0.17582146558840508
Disgust,Correct,CheekRaiserL,0.30300175358525494
Fear,Correct,CheekRaiserL,0.06352058604045842
Happiness,Correct,CheekRaiserL,0.44623198611766307
Neutral,Correct,CheekRaiserL,0.07218360041436267
Sadness,Correct,CheekRaiserL,0.10671044127759545
Surprise,Correct,CheekRaiserL,0.06279170548542182
Anger,Correct,CheekRaiserR,0.15299894803737554
Disgust,Correct,CheekRaiserR,0.27378535246203944
Fear,Correct,CheekRaiserR,0.05251000625174728
Happiness,Correct,CheekRaiserR,0.43484947832357485
Neutral,Correct,CheekRaiserR,0.057949294284614594
Sadness,Correct,CheekRaiserR,0.09157939733200947
Surprise,Correct,CheekRaiserR,0.05060127399863905
Anger,Correct,CheekSuckL,4.594011454984756e-33
Disgust,Correct,CheekSuckL,2.502851393756729e-22
Fear,Correct,CheekSuckL,4.787492417071824e-10
Happiness,Correct,CheekSuckL,5.718249835638568e-09
Neutral,Correct,CheekSuckL,3.617060174137656e-17
Sadness,Correct,CheekSuckL,5.2978004756035915e-14
Surprise,Correct,CheekSuckL,0.008819534978385129
Anger,Correct,CheekSuckR,1.5052942977760944e-33
Disgust,Correct,CheekSuckR,1.5102296236078065e-21
Fear,Correct,CheekSuckR,1.443494598919296e-09
Happiness,Correct,CheekSuckR,2.6657177958763563e-08
Neutral,Correct,CheekSuckR,1.4432004452063663e-16
Sadness,Correct,CheekSuckR,4.5033727365835503e-14
Surprise,Correct,CheekSuckR,0.0075628718156180354
Anger,Correct,ChinRaiserB,0.3388009425074617
Disgust,Correct,ChinRaiserB,0.14657236043084698
Fear,Correct,ChinRaiserB,0.00876074528389746
Happiness,Correct,ChinRaiserB,0.026908567400396138
Neutral,Correct,ChinRaiserB,0.003666044914703428
Sadness,Correct,ChinRaiserB,0.45153692659163985
Surprise,Correct,ChinRaiserB,0.017777933776028355
Anger,Correct,ChinRaiserT,0.34535166678641555
Disgust,Correct,ChinRaiserT,0.22064468650577762
Fear,Correct,ChinRaiserT,0.04386433633227038
Happiness,Correct,ChinRaiserT,0.108763430574582
Neutral,Correct,ChinRaiserT,0.008148131090742436
Sadness,Correct,ChinRaiserT,0.4118311212608156
Surprise,Correct,ChinRaiserT,0.03609106999850361
Anger,Correct,DimplerL,0.027820300210835553
Disgust,Correct,DimplerL,0.08208190472373685
Fear,Correct,DimplerL,0.07451366063939738
Happiness,Correct,DimplerL,0.26126293827325947
Neutral,Correct,DimplerL,0.021052156432660504
Sadness,Correct,DimplerL,0.017516500922194138
Surprise,Correct,DimplerL,0.037657017053805954
Anger,Correct,DimplerR,0.0279448347851167
Disgust,Correct,DimplerR,0.08216872351244245
Fear,Correct,DimplerR,0.07616677234245264
Happiness,Correct,DimplerR,0.2643406810798648
Neutral,Correct,DimplerR,0.0195628276441534
Sadness,Correct,DimplerR,0.017361427707686856
Surprise,Correct,DimplerR,0.03795956760295342
Anger,Correct,EyesClosedL,0.0390772217632289
Disgust,Correct,EyesClosedL,0.11425764075747528
Fear,Correct,EyesClosedL,0.0032359956086103234
Happiness,Correct,EyesClosedL,0.00850256318692013
Neutral,Correct,EyesClosedL,0.017220477977501602
Sadness,Correct,EyesClosedL,0.04819431704906877
Surprise,Correct,EyesClosedL,0.009791066675440194
Anger,Correct,EyesClosedR,0.04399097983934373
Disgust,Correct,EyesClosedR,0.09957692436876295
Fear,Correct,EyesClosedR,0.0030134361372180967
Happiness,Correct,EyesClosedR,0.018687341569142292
Neutral,Correct,EyesClosedR,0.02790769704713976
Sadness,Correct,EyesClosedR,0.05375050881894952
Surprise,Correct,EyesClosedR,0.016932194718376595
Anger,Correct,EyesLookDownL,0.020001183201015106
Disgust,Correct,EyesLookDownL,0.06458730813391726
Fear,Correct,EyesLookDownL,0.006243034515080743
Happiness,Correct,EyesLookDownL,0.011049522682592265
Neutral,Correct,EyesLookDownL,0.009690827624646688
Sadness,Correct,EyesLookDownL,0.015851129193976795
Surprise,Correct,EyesLookDownL,0.007389122146926252
Anger,Correct,EyesLookDownR,0.020653250003265233
Disgust,Correct,EyesLookDownR,0.0712395332249032
Fear,Correct,EyesLookDownR,0.005960628187650132
Happiness,Correct,EyesLookDownR,0.01430572802461091
Neutral,Correct,EyesLookDownR,0.01706188196218998
Sadness,Correct,EyesLookDownR,0.02397506325104452
Surprise,Correct,EyesLookDownR,0.01316778104677131
Anger,Correct,EyesLookLeftL,0.038935487430648015
Disgust,Correct,EyesLookLeftL,0.05204596568442259
Fear,Correct,EyesLookLeftL,0.032623456632706674
Happiness,Correct,EyesLookLeftL,0.060349583459187485
Neutral,Correct,EyesLookLeftL,0.07399581251086826
Sadness,Correct,EyesLookLeftL,0.06886564045323917
Surprise,Correct,EyesLookLeftL,0.058920690174701834
Anger,Correct,EyesLookLeftR,0.0825269362964155
Disgust,Correct,EyesLookLeftR,0.08943637116941519
Fear,Correct,EyesLookLeftR,0.07058599235818043
Happiness,Correct,EyesLookLeftR,0.1111480927023315
Neutral,Correct,EyesLookLeftR,0.11904371092505896
Sadness,Correct,EyesLookLeftR,0.12472972211738426
Surprise,Correct,EyesLookLeftR,0.10378225957714535
Anger,Correct,EyesLookRightL,0.0727948855964877
Disgust,Correct,EyesLookRightL,0.13229923552408673
Fear,Correct,EyesLookRightL,0.09732394151332564
Happiness,Correct,EyesLookRightL,0.07184653655050269
Neutral,Correct,EyesLookRightL,0.08040907887115713
Sadness,Correct,EyesLookRightL,0.046586686523773485
Surprise,Correct,EyesLookRightL,0.08831741940808474
Anger,Correct,EyesLookRightR,0.02949099444089195
Disgust,Correct,EyesLookRightR,0.08339381206703059
Fear,Correct,EyesLookRightR,0.048956630581571244
Happiness,Correct,EyesLookRightR,0.03634323416289263
Neutral,Correct,EyesLookRightR,0.0393206493539075
Sadness,Correct,EyesLookRightR,0.015880532893101585
Surprise,Correct,EyesLookRightR,0.04659258094386366
Anger,Correct,EyesLookUpL,0.18019962500486922
Disgust,Correct,EyesLookUpL,0.04750171263441905
Fear,Correct,EyesLookUpL,0.05192862645854626
Happiness,Correct,EyesLookUpL,0.08420309690617736
Neutral,Correct,EyesLookUpL,0.08224956522596043
Sadness,Correct,EyesLookUpL,0.06370668793663045
Surprise,Correct,EyesLookUpL,0.04757024577773288
Anger,Correct,EyesLookUpR,0.18037981361320427
Disgust,Correct,EyesLookUpR,0.047539925921268544
Fear,Correct,EyesLookUpR,0.05192593966464915
Happiness,Correct,EyesLookUpR,0.08416119565663392
Neutral,Correct,EyesLookUpR,0.08227654985925241
Sadness,Correct,EyesLookUpR,0.06355988611806726
Surprise,Correct,EyesLookUpR,0.04771592230096796
Anger,Correct,InnerBrowRaiserL,0.03928640626887343
Disgust,Correct,InnerBrowRaiserL,0.037634553747822604
Fear,Correct,InnerBrowRaiserL,0.24244784837996844
Happiness,Correct,InnerBrowRaiserL,0.03833360058407518
Neutral,Correct,InnerBrowRaiserL,0.026166421996529805
Sadness,Correct,InnerBrowRaiserL,0.06815198918579414
Surprise,Correct,InnerBrowRaiserL,0.3060270400024499
Anger,Correct,InnerBrowRaiserR,0.044512802567899815
Disgust,Correct,InnerBrowRaiserR,0.039204208486984964
Fear,Correct,InnerBrowRaiserR,0.2540996504143313
Happiness,Correct,InnerBrowRaiserR,0.04732493757366338
Neutral,Correct,InnerBrowRaiserR,0.028823857784461965
Sadness,Correct,InnerBrowRaiserR,0.06801807406221809
Surprise,Correct,InnerBrowRaiserR,0.31122807933864194
Anger,Correct,JawDrop,0.018946884922629255
Disgust,Correct,JawDrop,0.0796773274533224
Fear,Correct,JawDrop,0.2488203237230044
Happiness,Correct,JawDrop,0.08622985129238202
Neutral,Correct,JawDrop,0.026461910065886773
Sadness,Correct,JawDrop,0.014374776323082109
Surprise,Correct,JawDrop,0.39639728680845826
Anger,Correct,JawSidewaysLeft,0.019986334645927573
Disgust,Correct,JawSidewaysLeft,0.005404555529976859
Fear,Correct,JawSidewaysLeft,0.0008595912879629646
Happiness,Correct,JawSidewaysLeft,0.0016102913141820803
Neutral,Correct,JawSidewaysLeft,0.0002854781858978475
Sadness,Correct,JawSidewaysLeft,0.029257525119272182
Surprise,Correct,JawSidewaysLeft,0.01953679591604042
Anger,Correct,JawSidewaysRight,0.023787915332161597
Disgust,Correct,JawSidewaysRight,0.006960622455382143
Fear,Correct,JawSidewaysRight,0.005941570585164877
Happiness,Correct,JawSidewaysRight,0.0070965104685830225
Neutral,Correct,JawSidewaysRight,0.0005423945441904528
Sadness,Correct,JawSidewaysRight,0.027673411996788938
Surprise,Correct,JawSidewaysRight,0.03035826303754279
Anger,Correct,JawThrust,0.02836131272361509
Disgust,Correct,JawThrust,0.03123508418567914
Fear,Correct,JawThrust,0.03429902658905681
Happiness,Correct,JawThrust,0.018395799434197137
Neutral,Correct,JawThrust,0.0006000241196218353
Sadness,Correct,JawThrust,0.06785640854360553
Surprise,Correct,JawThrust,0.0889699604387509
Anger,Correct,LidTightenerL,0.3650646685646959
Disgust,Correct,LidTightenerL,0.33025240581146253
Fear,Correct,LidTightenerL,0.058707629018927086
Happiness,Correct,LidTightenerL,0.25828635632148084
Neutral,Correct,LidTightenerL,0.06032106000502736
Sadness,Correct,LidTightenerL,0.1312686630490114
Surprise,Correct,LidTightenerL,0.07253861262079407
Anger,Correct,LidTightenerR,0.35547475016535957
Disgust,Correct,LidTightenerR,0.3340970049198887
Fear,Correct,LidTightenerR,0.08617964988588568
Happiness,Correct,LidTightenerR,0.2551019273728762
Neutral,Correct,LidTightenerR,0.08494988249864198
Sadness,Correct,LidTightenerR,0.16213133491834406
Surprise,Correct,LidTightenerR,0.10391952058368205
Anger,Correct,LipCornerDepressorL,0.044288359102527534
Disgust,Correct,LipCornerDepressorL,0.14106567134155337
Fear,Correct,LipCornerDepressorL,0.038211939080122055
Happiness,Correct,LipCornerDepressorL,0.013155509647920708
Neutral,Correct,LipCornerDepressorL,0.00954496242830289
Sadness,Correct,LipCornerDepressorL,0.43158931206122925
Surprise,Correct,LipCornerDepressorL,0.02067525658224291
Anger,Correct,LipCornerDepressorR,0.03778279821891769
Disgust,Correct,LipCornerDepressorR,0.11733387501097318
Fear,Correct,LipCornerDepressorR,0.03474891568108556
Happiness,Correct,LipCornerDepressorR,0.010825344423753025
Neutral,Correct,LipCornerDepressorR,0.006704691384664708
Sadness,Correct,LipCornerDepressorR,0.41735706256475485
Surprise,Correct,LipCornerDepressorR,0.018014941505856683
Anger,Correct,LipCornerPullerL,0.050135219449108405
Disgust,Correct,LipCornerPullerL,0.06321841641892155
Fear,Correct,LipCornerPullerL,0.03691415946617905
Happiness,Correct,LipCornerPullerL,0.56384688294003
Neutral,Correct,LipCornerPullerL,0.02207935717290182
Sadness,Correct,LipCornerPullerL,0.023762648212702662
Surprise,Correct,LipCornerPullerL,0.02128306287283587
Anger,Correct,LipCornerPullerR,0.051367726695978035
Disgust,Correct,LipCornerPullerR,0.06382223473119288
Fear,Correct,LipCornerPullerR,0.03630389472955586
Happiness,Correct,LipCornerPullerR,0.5786678711919011
Neutral,Correct,LipCornerPullerR,0.022636213704350847
Sadness,Correct,LipCornerPullerR,0.0223025446740229
Surprise,Correct,LipCornerPullerR,0.021427884908856533
Anger,Correct,LipFunnelerLB,0.0008805019998637755
Disgust,Correct,LipFunnelerLB,0.0016048450578995954
Fear,Correct,LipFunnelerLB,2.2869219483540714e-08
Happiness,Correct,LipFunnelerLB,4.936081126772769e-09
Neutral,Correct,LipFunnelerLB,2.1825679668674032e-05
Sadness,Correct,LipFunnelerLB,0.06450547493543249
Surprise,Correct,LipFunnelerLB,0.008817524470994178
Anger,Correct,LipFunnelerLT,0.019713935579288085
Disgust,Correct,LipFunnelerLT,0.0030332889548846534
Fear,Correct,LipFunnelerLT,0.0003142231504734636
Happiness,Correct,LipFunnelerLT,0.0009620250372259444
Neutral,Correct,LipFunnelerLT,0.00032336415115174995
Sadness,Correct,LipFunnelerLT,0.050248698348218344
Surprise,Correct,LipFunnelerLT,0.03569915543229994
Anger,Correct,LipFunnelerRB,0.0023991288303936
Disgust,Correct,LipFunnelerRB,0.001702861684957558
Fear,Correct,LipFunnelerRB,4.942101494691287e-08
Happiness,Correct,LipFunnelerRB,1.4360893328356136e-05
Neutral,Correct,LipFunnelerRB,4.56561878516533e-05
Sadness,Correct,LipFunnelerRB,0.06541710044347906
Surprise,Correct,LipFunnelerRB,0.007875482615405683
Anger,Correct,LipFunnelerRT,0.017964146359028647
Disgust,Correct,LipFunnelerRT,0.0025848341926026485
Fear,Correct,LipFunnelerRT,0.0003659942294027165
Happiness,Correct,LipFunnelerRT,0.0002537422950951208
Neutral,Correct,LipFunnelerRT,0.0007118335922781047
Sadness,Correct,LipFunnelerRT,0.0519998213956136
Surprise,Correct,LipFunnelerRT,0.03588070735249425
Anger,Correct,LipPressorL,0.005985838529154572
Disgust,Correct,LipPressorL,0.031562308998649986
Fear,Correct,LipPressorL,0.00012491519230769605
Happiness,Correct,LipPressorL,4.03138603289666e-05
Neutral,Correct,LipPressorL,2.509907734284223e-05
Sadness,Correct,LipPressorL,0.004360145372096087
Surprise,Correct,LipPressorL,0.0030605409863487323
Anger,Correct,LipPressorR,0.0061809846040379824
Disgust,Correct,LipPressorR,0.03168112404604156
Fear,Correct,LipPressorR,8.971170702381158e-05
Happiness,Correct,LipPressorR,0.0011243130255077498
Neutral,Correct,LipPressorR,1.8587062160146683e-05
Sadness,Correct,LipPressorR,0.0020603697240320867
Surprise,Correct,LipPressorR,0.0031412360459675062
Anger,Correct,LipPuckerL,0.15151135799281584
Disgust,Correct,LipPuckerL,0.06278937533131
Fear,Correct,LipPuckerL,0.004395021893843386
Happiness,Correct,LipPuckerL,0.0029963414613328725
Neutral,Correct,LipPuckerL,0.0009967337707185663
Sadness,Correct,LipPuckerL,0.053674745872767306
Surprise,Correct,LipPuckerL,0.09767367040516023
Anger,Correct,LipPuckerR,0.147450196358841
Disgust,Correct,LipPuckerR,0.060360190886200975
Fear,Correct,LipPuckerR,0.003681540782712955
Happiness,Correct,LipPuckerR,0.0023661021756901687
Neutral,Correct,LipPuckerR,0.0012040719424197797
Sadness,Correct,LipPuckerR,0.05889572082351654
Surprise,Correct,LipPuckerR,0.09927152728146238
Anger,Correct,LipStretcherL,0.012035460250428861
Disgust,Correct,LipStretcherL,0.12761503985444464
Fear,Correct,LipStretcherL,0.07570919566701599
Happiness,Correct,LipStretcherL,0.1267818891165058
Neutral,Correct,LipStretcherL,0.0053490539929888494
Sadness,Correct,LipStretcherL,0.06729650323546196
Surprise,Correct,LipStretcherL,0.008402702834761269
Anger,Correct,LipStretcherR,0.010600098734694724
Disgust,Correct,LipStretcherR,0.13010947703013587
Fear,Correct,LipStretcherR,0.08317420189712081
Happiness,Correct,LipStretcherR,0.13289521676764468
Neutral,Correct,LipStretcherR,0.005608626375382503
Sadness,Correct,LipStretcherR,0.07040037414043022
Surprise,Correct,LipStretcherR,0.01148535457811702
Anger,Correct,LipSuckLB,0.1606331951345418
Disgust,Correct,LipSuckLB,0.13452331534001324
Fear,Correct,LipSuckLB,0.04769871249479792
Happiness,Correct,LipSuckLB,0.24228272989299138
Neutral,Correct,LipSuckLB,0.056837883048597465
Sadness,Correct,LipSuckLB,0.04327351366689477
Surprise,Correct,LipSuckLB,0.03739587551320061
Anger,Correct,LipSuckLT,0.050352074285727876
Disgust,Correct,LipSuckLT,0.06338200687801379
Fear,Correct,LipSuckLT,0.019092840778349704
Happiness,Correct,LipSuckLT,0.1359407163446484
Neutral,Correct,LipSuckLT,0.015903217366154222
Sadness,Correct,LipSuckLT,0.027643671063074995
Surprise,Correct,LipSuckLT,0.017769198944672323
Anger,Correct,LipSuckRB,0.1478385310068903
Disgust,Correct,LipSuckRB,0.12070919380690731
Fear,Correct,LipSuckRB,0.03586009659282282
Happiness,Correct,LipSuckRB,0.19223415828366416
Neutral,Correct,LipSuckRB,0.04609924065906966
Sadness,Correct,LipSuckRB,0.0411902470842095
Surprise,Correct,LipSuckRB,0.02860277360263783
Anger,Correct,LipSuckRT,0.042459216713595725
Disgust,Correct,LipSuckRT,0.05427878278109598
Fear,Correct,LipSuckRT,0.014187538284342653
Happiness,Correct,LipSuckRT,0.12713040964365813
Neutral,Correct,LipSuckRT,0.012178996370447734
Sadness,Correct,LipSuckRT,0.018741810193957622
Surprise,Correct,LipSuckRT,0.014343575808987673
Anger,Correct,LipTightenerL,0.1291609308118089
Disgust,Correct,LipTightenerL,0.011721147716552567
Fear,Correct,LipTightenerL,0.001459683769634523
Happiness,Correct,LipTightenerL,0.0009832878754531481
Neutral,Correct,LipTightenerL,0.0006741358081783553
Sadness,Correct,LipTightenerL,0.07560637378927323
Surprise,Correct,LipTightenerL,0.03220499076979945
Anger,Correct,LipTightenerR,0.1271950633418229
Disgust,Correct,LipTightenerR,0.011153074078997152
Fear,Correct,LipTightenerR,0.0013900056474823051
Happiness,Correct,LipTightenerR,0.0010172310635292864
Neutral,Correct,LipTightenerR,0.0005839125274463002
Sadness,Correct,LipTightenerR,0.07310564760253578
Surprise,Correct,LipTightenerR,0.024241986811382565
Anger,Correct,LipsToward,0.035907496776659734
Disgust,Correct,LipsToward,0.04680573563660594
Fear,Correct,LipsToward,0.038812652943986385
Happiness,Correct,LipsToward,0.032669016816944466
Neutral,Correct,LipsToward,0.017542466621613243
Sadness,Correct,LipsToward,0.019841113846659143
Surprise,Correct,LipsToward,0.07971810094615345
Anger,Correct,LowerLipDepressorL,0.006213143776942352
Disgust,Correct,LowerLipDepressorL,0.10522865089944437
Fear,Correct,LowerLipDepressorL,0.0519380741114612
Happiness,Correct,LowerLipDepressorL,0.16700282337968814
Neutral,Correct,LowerLipDepressorL,0.00440798784713312
Sadness,Correct,LowerLipDepressorL,0.01864573166193959
Surprise,Correct,LowerLipDepressorL,0.014476709756445567
Anger,Correct,LowerLipDepressorR,0.005778283833081688
Disgust,Correct,LowerLipDepressorR,0.10466178877813245
Fear,Correct,LowerLipDepressorR,0.052353915122687174
Happiness,Correct,LowerLipDepressorR,0.16134597243128176
Neutral,Correct,LowerLipDepressorR,0.003992704038953218
Sadness,Correct,LowerLipDepressorR,0.016442194016462703
Surprise,Correct,LowerLipDepressorR,0.015452531721019121
Anger,Correct,MouthLeft,0.009699918147822544
Disgust,Correct,MouthLeft,0.015137183651866995
Fear,Correct,MouthLeft,0.0014323435632085447
Happiness,Correct,MouthLeft,0.00715963852343254
Neutral,Correct,MouthLeft,0.0018138072467764517
Sadness,Correct,MouthLeft,0.002771360203097787
Surprise,Correct,MouthLeft,0.0017829196710026816
Anger,Correct,MouthRight,0.002771830203999821
Disgust,Correct,MouthRight,0.009346187553881509
Fear,Correct,MouthRight,0.0009256617942857395
Happiness,Correct,MouthRight,0.0022894262370890713
Neutral,Correct,MouthRight,0.00031289885143746777
Sadness,Correct,MouthRight,0.00016100728946145447
Surprise,Correct,MouthRight,0.0042996872470928
Anger,Correct,NoseWrinklerL,0.11117312634056198
Disgust,Correct,NoseWrinklerL,0.38990757741705734
Fear,Correct,NoseWrinklerL,0.004686492965945049
Happiness,Correct,NoseWrinklerL,0.009612272926248082
Neutral,Correct,NoseWrinklerL,0.0018905956750934526
Sadness,Correct,NoseWrinklerL,0.02033747524846067
Surprise,Correct,NoseWrinklerL,0.0030686320296520663
Anger,Correct,NoseWrinklerR,0.11076392223282175
Disgust,Correct,NoseWrinklerR,0.39499705904284066
Fear,Correct,NoseWrinklerR,0.003268239147956739
Happiness,Correct,NoseWrinklerR,0.0033470549814865686
Neutral,Correct,NoseWrinklerR,0.0008072560858445335
Sadness,Correct,NoseWrinklerR,0.023684971170157925
Surprise,Correct,NoseWrinklerR,0.0030088895929937754
Anger,Correct,OuterBrowRaiserL,0.023513137252867366
Disgust,Correct,OuterBrowRaiserL,0.039968369491745544
Fear,Correct,OuterBrowRaiserL,0.2503124271250901
Happiness,Correct,OuterBrowRaiserL,0.05000696982895631
Neutral,Correct,OuterBrowRaiserL,0.019147139891075072
Sadness,Correct,OuterBrowRaiserL,0.029000876066434058
Surprise,Correct,OuterBrowRaiserL,0.3122887534152319
Anger,Correct,OuterBrowRaiserR,0.024423266355036853
Disgust,Correct,OuterBrowRaiserR,0.048689990314975215
Fear,Correct,OuterBrowRaiserR,0.260883637971358
Happiness,Correct,OuterBrowRaiserR,0.053431532230427424
Neutral,Correct,OuterBrowRaiserR,0.02139589785807346
Sadness,Correct,OuterBrowRaiserR,0.03773414149746184
Surprise,Correct,OuterBrowRaiserR,0.32272752546503963
Anger,Correct,UpperLidRaiserL,0.1031588879581543
Disgust,Correct,UpperLidRaiserL,0.104090507864382
Fear,Correct,UpperLidRaiserL,0.298301458031693
Happiness,Correct,UpperLidRaiserL,0.034327000879855976
Neutral,Correct,UpperLidRaiserL,0.05304413085011197
Sadness,Correct,UpperLidRaiserL,0.05462729580510675
Surprise,Correct,UpperLidRaiserL,0.2696889446739539
Anger,Correct,UpperLidRaiserR,0.12754064196102438
Disgust,Correct,UpperLidRaiserR,0.11682971680702113
Fear,Correct,UpperLidRaiserR,0.39541919596230585
Happiness,Correct,UpperLidRaiserR,0.08343510837128955
Neutral,Correct,UpperLidRaiserR,0.08556303404680178
Sadness,Correct,UpperLidRaiserR,0.09181371234617997
Surprise,Correct,UpperLidRaiserR,0.35328953612882513
Anger,Correct,UpperLipRaiserL,0.15344132144131523
Disgust,Correct,UpperLipRaiserL,0.34382511416588035
Fear,Correct,UpperLipRaiserL,0.09505058301952465
Happiness,Correct,UpperLipRaiserL,0.29253935144270415
Neutral,Correct,UpperLipRaiserL,0.023580652406320485
Sadness,Correct,UpperLipRaiserL,0.03494419657169139
Surprise,Correct,UpperLipRaiserL,0.04239173153721377
Anger,Correct,UpperLipRaiserR,0.1627081619386747
Disgust,Correct,UpperLipRaiserR,0.36387214341973323
Fear,Correct,UpperLipRaiserR,0.10164539394867593
Happiness,Correct,UpperLipRaiserR,0.2854030334491823
Neutral,Correct,UpperLipRaiserR,0.0231710470974498
Sadness,Correct,UpperLipRaiserR,0.03980219012160135
Surprise,Correct,UpperLipRaiserR,0.042984824524573605
Anger,Incorrect,BrowLowererL,0.2625979010782545
Disgust,Incorrect,BrowLowererL,0.11534647948408527
Fear,Incorrect,BrowLowererL,0.1033714964673681
Happiness,Incorrect,BrowLowererL,
Neutral,Incorrect,BrowLowererL,0.008507361858101947
Sadness,Incorrect,BrowLowererL,0.46345480816537926
Surprise,Incorrect,BrowLowererL,0.2114011741553743
Anger,Incorrect,BrowLowererR,0.25648681495095804
Disgust,Incorrect,BrowLowererR,0.09411912491970333
Fear,Incorrect,BrowLowererR,0.09012375366142217
Happiness,Incorrect,BrowLowererR,
Neutral,Incorrect,BrowLowererR,0.06898800175016122
Sadness,Incorrect,BrowLowererR,0.4603471109470571
Surprise,Incorrect,BrowLowererR,0.16991262806865656
Anger,Incorrect,CheekPuffL,0.0008334422247216393
Disgust,Incorrect,CheekPuffL,0.004028533014159048
Fear,Incorrect,CheekPuffL,0.00027464778987484407
Happiness,Incorrect,CheekPuffL,
Neutral,Incorrect,CheekPuffL,8.965976078332406e-05
Sadness,Incorrect,CheekPuffL,0.0045079395899645415
Surprise,Incorrect,CheekPuffL,0.020857196285856555
Anger,Incorrect,CheekPuffR,0.0009657081503256318
Disgust,Incorrect,CheekPuffR,0.004285152666262967
Fear,Incorrect,CheekPuffR,0.00022072523024877985
Happiness,Incorrect,CheekPuffR,
Neutral,Incorrect,CheekPuffR,8.967871891147396e-05
Sadness,Incorrect,CheekPuffR,0.0013632801991091397
Surprise,Incorrect,CheekPuffR,0.028471036913803448
Anger,Incorrect,CheekRaiserL,0.2901968898387437
Disgust,Incorrect,CheekRaiserL,0.277821283453086
Fear,Incorrect,CheekRaiserL,0.14166901977797414
Happiness,Incorrect,CheekRaiserL,
Neutral,Incorrect,CheekRaiserL,0.15247355943752658
Sadness,Incorrect,CheekRaiserL,0.40559051067127116
Surprise,Incorrect,CheekRaiserL,0.19527388159185646
Anger,Incorrect,CheekRaiserR,0.2639767233660116
Disgust,Incorrect,CheekRaiserR,0.25233527524813304
Fear,Incorrect,CheekRaiserR,0.1317407165020937
Happiness,Incorrect,CheekRaiserR,
Neutral,Incorrect,CheekRaiserR,0.10321290441271326
Sadness,Incorrect,CheekRaiserR,0.39783231297357213
Surprise,Incorrect,CheekRaiserR,0.17555385070542492
Anger,Incorrect,CheekSuckL,3.812657532100847e-10
Disgust,Incorrect,CheekSuckL,5.50591673951801e-05
Fear,Incorrect,CheekSuckL,1.4395893237260442e-11
Happiness,Incorrect,CheekSuckL,
Neutral,Incorrect,CheekSuckL,4.812814552800853e-08
Sadness,Incorrect,CheekSuckL,1.650738696031622e-22
Surprise,Incorrect,CheekSuckL,1.401298464324817e-45
Anger,Incorrect,CheekSuckR,1.4508648355242088e-09
Disgust,Incorrect,CheekSuckR,5.607333078100216e-21
Fear,Incorrect,CheekSuckR,9.254157706887383e-10
Happiness,Incorrect,CheekSuckR,
Neutral,Incorrect,CheekSuckR,2.9027263612722842e-08
Sadness,Incorrect,CheekSuckR,9.017020112882482e-22
Surprise,Incorrect,CheekSuckR,1.401298464324817e-45
Anger,Incorrect,ChinRaiserB,0.17177650850311618
Disgust,Incorrect,ChinRaiserB,0.06826635891048217
Fear,Incorrect,ChinRaiserB,0.006816689937172361
Happiness,Incorrect,ChinRaiserB,
Neutral,Incorrect,ChinRaiserB,0.001954991182556997
Sadness,Incorrect,ChinRaiserB,0.3662256075554117
Surprise,Incorrect,ChinRaiserB,0.025095495948756128
Anger,Incorrect,ChinRaiserT,0.23965836946702085
Disgust,Incorrect,ChinRaiserT,0.11120199477467123
Fear,Incorrect,ChinRaiserT,0.05947224533792497
Happiness,Incorrect,ChinRaiserT,
Neutral,Incorrect,ChinRaiserT,0.007147438897226389
Sadness,Incorrect,ChinRaiserT,0.3442431216949496
Surprise,Incorrect,ChinRaiserT,0.04862288496345471
Anger,Incorrect,DimplerL,0.09201933585825382
Disgust,Incorrect,DimplerL,0.13008584452832353
Fear,Incorrect,DimplerL,0.11717044984387866
Happiness,Incorrect,DimplerL,
Neutral,Incorrect,DimplerL,0.010027548566819677
Sadness,Incorrect,DimplerL,8.637034730971214e-08
Surprise,Incorrect,DimplerL,0.0004212966445440424
Anger,Incorrect,DimplerR,0.09373564542691219
Disgust,Incorrect,DimplerR,0.12941007883292466
Fear,Incorrect,DimplerR,0.11858530030634519
Happiness,Incorrect,DimplerR,
Neutral,Incorrect,DimplerR,0.01107054816894653
Sadness,Incorrect,DimplerR,0.000642651978952818
Surprise,Incorrect,DimplerR,0.0021996036152382202
Anger,Incorrect,EyesClosedL,0.12074863822152643
Disgust,Incorrect,EyesClosedL,0.039663272228183215
Fear,Incorrect,EyesClosedL,0.00725959217619474
Happiness,Incorrect,EyesClosedL,
Neutral,Incorrect,EyesClosedL,0.01894829331704621
Sadness,Incorrect,EyesClosedL,0.5358348752445966
Surprise,Incorrect,EyesClosedL,0.04834703610977156
Anger,Incorrect,EyesClosedR,0.11584950503747063
Disgust,Incorrect,EyesClosedR,0.05809620709713412
Fear,Incorrect,EyesClosedR,0.019249887683105
Happiness,Incorrect,EyesClosedR,
Neutral,Incorrect,EyesClosedR,0.025165891839785792
Sadness,Incorrect,EyesClosedR,0.5153975773540891
Surprise,Incorrect,EyesClosedR,0.0772603057014445
Anger,Incorrect,EyesLookDownL,0.04685105106184305
Disgust,Incorrect,EyesLookDownL,0.02930289925316672
Fear,Incorrect,EyesLookDownL,0.004152611115791163
Happiness,Incorrect,EyesLookDownL,
Neutral,Incorrect,EyesLookDownL,0.0068663892203033065
Sadness,Incorrect,EyesLookDownL,0.006355300791841284
Surprise,Incorrect,EyesLookDownL,0.08155864727538842
Anger,Incorrect,EyesLookDownR,0.05548192214839509
Disgust,Incorrect,EyesLookDownR,0.035603524577620144
Fear,Incorrect,EyesLookDownR,0.010184793477469794
Happiness,Incorrect,EyesLookDownR,
Neutral,Incorrect,EyesLookDownR,0.007838897594731338
Sadness,Incorrect,EyesLookDownR,0.006581794135210689
Surprise,Incorrect,EyesLookDownR,0.1153633568435907
Anger,Incorrect,EyesLookLeftL,0.03370346485324448
Disgust,Incorrect,EyesLookLeftL,0.0367461140328588
Fear,Incorrect,EyesLookLeftL,0.05627264579321951
Happiness,Incorrect,EyesLookLeftL,
Neutral,Incorrect,EyesLookLeftL,0.0015984385791752032
Sadness,Incorrect,EyesLookLeftL,0.025639674663155643
Surprise,Incorrect,EyesLookLeftL,0.09951779333253699
Anger,Incorrect,EyesLookLeftR,0.07250763008735538
Disgust,Incorrect,EyesLookLeftR,0.08032068182211431
Fear,Incorrect,EyesLookLeftR,0.0987124638587591
Happiness,Incorrect,EyesLookLeftR,
Neutral,Incorrect,EyesLookLeftR,0.014958425606083521
Sadness,Incorrect,EyesLookLeftR,0.05343634453403229
Surprise,Incorrect,EyesLookLeftR,0.15680957340324916
Anger,Incorrect,EyesLookRightL,0.10018588254819263
Disgust,Incorrect,EyesLookRightL,0.07089407148321493
Fear,Incorrect,EyesLookRightL,0.07121097671603949
Happiness,Incorrect,EyesLookRightL,
Neutral,Incorrect,EyesLookRightL,0.1056931145282255
Sadness,Incorrect,EyesLookRightL,0.08439520611088176
Surprise,Incorrect,EyesLookRightL,0.0460445297261079
Anger,Incorrect,EyesLookRightR,0.052836457682767485
Disgust,Incorrect,EyesLookRightR,0.02803675178680955
Fear,Incorrect,EyesLookRightR,0.026639169162150367
Happiness,Incorrect,EyesLookRightR,
Neutral,Incorrect,EyesLookRightR,0.03268394935437802
Sadness,Incorrect,EyesLookRightR,0.02607264736434443
Surprise,Incorrect,EyesLookRightR,0.01741316855574646
Anger,Incorrect,EyesLookUpL,0.08474982221766064
Disgust,Incorrect,EyesLookUpL,0.05912126890347683
Fear,Incorrect,EyesLookUpL,0.03768216118231297
Happiness,Incorrect,EyesLookUpL,
Neutral,Incorrect,EyesLookUpL,0.033556353523292455
Sadness,Incorrect,EyesLookUpL,0.03767032231424105
Surprise,Incorrect,EyesLookUpL,0.0
Anger,Incorrect,EyesLookUpR,0.084849627385101
Disgust,Incorrect,EyesLookUpR,0.05917697989874188
Fear,Incorrect,EyesLookUpR,0.03762285197079772
Happiness,Incorrect,EyesLookUpR,
Neutral,Incorrect,EyesLookUpR,0.033537690106054965
Sadness,Incorrect,EyesLookUpR,0.03776129632937629
Surprise,Incorrect,EyesLookUpR,0.0
Anger,Incorrect,InnerBrowRaiserL,0.023883959729903037
Disgust,Incorrect,InnerBrowRaiserL,0.04941489645207256
Fear,Incorrect,InnerBrowRaiserL,0.1140795771614495
Happiness,Incorrect,InnerBrowRaiserL,
Neutral,Incorrect,InnerBrowRaiserL,0.05922863621421529
Sadness,Incorrect,InnerBrowRaiserL,0.11075203389617749
Surprise,Incorrect,InnerBrowRaiserL,0.006184252478445154
Anger,Incorrect,InnerBrowRaiserR,0.021301937116282026
Disgust,Incorrect,InnerBrowRaiserR,0.0415360935749692
Fear,Incorrect,InnerBrowRaiserR,0.12312653519602701
Happiness,Incorrect,InnerBrowRaiserR,
Neutral,Incorrect,InnerBrowRaiserR,0.08658848019080723
Sadness,Incorrect,InnerBrowRaiserR,0.10197602671757217
Surprise,Incorrect,InnerBrowRaiserR,0.0002675973195550866
Anger,Incorrect,JawDrop,0.12552157879415585
Disgust,Incorrect,JawDrop,0.1451193416129478
Fear,Incorrect,JawDrop,0.13540584704967976
Happiness,Incorrect,JawDrop,
Neutral,Incorrect,JawDrop,0.01775774153962664
Sadness,Incorrect,JawDrop,0.021160811064728433
Surprise,Incorrect,JawDrop,0.2837778723953912
Anger,Incorrect,JawSidewaysLeft,0.0035868319386203025
Disgust,Incorrect,JawSidewaysLeft,0.00424310979952153
Fear,Incorrect,JawSidewaysLeft,0.004137064897317029
Happiness,Incorrect,JawSidewaysLeft,
Neutral,Incorrect,JawSidewaysLeft,0.001009703683636447
Sadness,Incorrect,JawSidewaysLeft,0.006284944342834521
Surprise,Incorrect,JawSidewaysLeft,0.03495165739150248
Anger,Incorrect,JawSidewaysRight,0.0051246304965850455
Disgust,Incorrect,JawSidewaysRight,0.009069381406075171
Fear,Incorrect,JawSidewaysRight,0.0035753096136981037
Happiness,Incorrect,JawSidewaysRight,
Neutral,Incorrect,JawSidewaysRight,0.0010030325247175921
Sadness,Incorrect,JawSidewaysRight,0.004891170097932445
Surprise,Incorrect,JawSidewaysRight,0.04524859428456689
Anger,Incorrect,JawThrust,0.024591173975058125
Disgust,Incorrect,JawThrust,0.047991175503197515
Fear,Incorrect,JawThrust,0.02264458274955625
Happiness,Incorrect,JawThrust,
Neutral,Incorrect,JawThrust,0.003082943702717412
Sadness,Incorrect,JawThrust,0.0008822157263435234
Surprise,Incorrect,JawThrust,0.14292906686656953
Anger,Incorrect,LidTightenerL,0.2545485198215055
Disgust,Incorrect,LidTightenerL,0.2579918928787383
Fear,Incorrect,LidTightenerL,0.15218884071005706
Happiness,Incorrect,LidTightenerL,
Neutral,Incorrect,LidTightenerL,0.1534471635603242
Sadness,Incorrect,LidTightenerL,0.16355833436680017
Surprise,Incorrect,LidTightenerL,0.3548746624070039
Anger,Incorrect,LidTightenerR,0.2907862344290269
Disgust,Incorrect,LidTightenerR,0.2122470551212199
Fear,Incorrect,LidTightenerR,0.19905238146553522
Happiness,Incorrect,LidTightenerR,
Neutral,Incorrect,LidTightenerR,0.2118699551722317
Sadness,Incorrect,LidTightenerR,0.1677003962848628
Surprise,Incorrect,LidTightenerR,0.30261146589066357
Anger,Incorrect,LipCornerDepressorL,0.05824225691251465
Disgust,Incorrect,LipCornerDepressorL,0.0856386498649895
Fear,Incorrect,LipCornerDepressorL,0.02434461266050108
Happiness,Incorrect,LipCornerDepressorL,
Neutral,Incorrect,LipCornerDepressorL,0.01055915998953825
Sadness,Incorrect,LipCornerDepressorL,0.1859096384936135
Surprise,Incorrect,LipCornerDepressorL,0.02596653895805187
Anger,Incorrect,LipCornerDepressorR,0.049956669868444555
Disgust,Incorrect,LipCornerDepressorR,0.07439751695297946
Fear,Incorrect,LipCornerDepressorR,0.015293001213877458
Happiness,Incorrect,LipCornerDepressorR,
Neutral,Incorrect,LipCornerDepressorR,0.00730421489227961
Sadness,Incorrect,LipCornerDepressorR,0.17012039450467284
Surprise,Incorrect,LipCornerDepressorR,0.008874308945578589
Anger,Incorrect,LipCornerPullerL,0.05869083922651373
Disgust,Incorrect,LipCornerPullerL,0.20006384364862895
Fear,Incorrect,LipCornerPullerL,0.07088645085085622
Happiness,Incorrect,LipCornerPullerL,
Neutral,Incorrect,LipCornerPullerL,0.029697711187820802
Sadness,Incorrect,LipCornerPullerL,2.8954326585773245e-06
Surprise,Incorrect,LipCornerPullerL,0.00340095145099134
Anger,Incorrect,LipCornerPullerR,0.059422865314862225
Disgust,Incorrect,LipCornerPullerR,0.20292835511700089
Fear,Incorrect,LipCornerPullerR,0.07356362785938278
Happiness,Incorrect,LipCornerPullerR,
Neutral,Incorrect,LipCornerPullerR,0.030279944846336643
Sadness,Incorrect,LipCornerPullerR,9.893448116362507e-05
Surprise,Incorrect,LipCornerPullerR,0.0007447527239643406
Anger,Incorrect,LipFunnelerLB,2.9915933302388145e-08
Disgust,Incorrect,LipFunnelerLB,0.0005531805421584303
Fear,Incorrect,LipFunnelerLB,7.248524232312348e-06
Happiness,Incorrect,LipFunnelerLB,
Neutral,Incorrect,LipFunnelerLB,3.568782248681206e-12
Sadness,Incorrect,LipFunnelerLB,2.572504420169471e-18
Surprise,Incorrect,LipFunnelerLB,0.048506315635667326
Anger,Incorrect,LipFunnelerLT,0.0037528066875670073
Disgust,Incorrect,LipFunnelerLT,0.004545649972241639
Fear,Incorrect,LipFunnelerLT,0.0005857573124222372
Happiness,Incorrect,LipFunnelerLT,
Neutral,Incorrect,LipFunnelerLT,0.0006530109749243187
Sadness,Incorrect,LipFunnelerLT,0.004011471033136067
Surprise,Incorrect,LipFunnelerLT,0.19271546572678439
Anger,Incorrect,LipFunnelerRB,1.8053873317224265e-07
Disgust,Incorrect,LipFunnelerRB,0.00045653734450463545
Fear,Incorrect,LipFunnelerRB,1.5223853855144316e-05
Happiness,Incorrect,LipFunnelerRB,
Neutral,Incorrect,LipFunnelerRB,6.555132763076951e-12
Sadness,Incorrect,LipFunnelerRB,8.84335031607929e-08
Surprise,Incorrect,LipFunnelerRB,0.04658053135396587
Anger,Incorrect,LipFunnelerRT,0.0019245555506952118
Disgust,Incorrect,LipFunnelerRT,0.003434438790181406
Fear,Incorrect,LipFunnelerRT,0.001026686488583378
Happiness,Incorrect,LipFunnelerRT,
Neutral,Incorrect,LipFunnelerRT,0.0003755899892095105
Sadness,Incorrect,LipFunnelerRT,0.002818522641789043
Surprise,Incorrect,LipFunnelerRT,0.19268608778614482
Anger,Incorrect,LipPressorL,0.04634759827150673
Disgust,Incorrect,LipPressorL,0.0024433790161734782
Fear,Incorrect,LipPressorL,4.857529011584811e-05
Happiness,Incorrect,LipPressorL,
Neutral,Incorrect,LipPressorL,5.578970972631238e-17
Sadness,Incorrect,LipPressorL,0.1866909540411643
Surprise,Incorrect,LipPressorL,0.0017364121543288421
Anger,Incorrect,LipPressorR,0.04671130700800596
Disgust,Incorrect,LipPressorR,0.002505193082257671
Fear,Incorrect,LipPressorR,1.4625977075434107e-07
Happiness,Incorrect,LipPressorR,
Neutral,Incorrect,LipPressorR,1.1386961758997643e-15
Sadness,Incorrect,LipPressorR,0.1878050144346949
Surprise,Incorrect,LipPressorR,0.0019455379232047253
Anger,Incorrect,LipPuckerL,0.10903732926810673
Disgust,Incorrect,LipPuckerL,0.022013811215872536
Fear,Incorrect,LipPuckerL,0.0015004371648886113
Happiness,Incorrect,LipPuckerL,
Neutral,Incorrect,LipPuckerL,0.0033690574065381256
Sadness,Incorrect,LipPuckerL,0.2581446285056876
Surprise,Incorrect,LipPuckerL,0.37654988255279326
Anger,Incorrect,LipPuckerR,0.10512051326478004
Disgust,Incorrect,LipPuckerR,0.02185891604876945
Fear,Incorrect,LipPuckerR,0.0011198712030042884
Happiness,Incorrect,LipPuckerR,
Neutral,Incorrect,LipPuckerR,0.0026077156608932985
Sadness,Incorrect,LipPuckerR,0.25180615864529726
Surprise,Incorrect,LipPuckerR,0.3843339654085222
Anger,Incorrect,LipStretcherL,0.0782257085738814
Disgust,Incorrect,LipStretcherL,0.07399814858828306
Fear,Incorrect,LipStretcherL,0.06380145740699553
Happiness,Incorrect,LipStretcherL,
Neutral,Incorrect,LipStretcherL,0.005254639925349854
Sadness,Incorrect,LipStretcherL,0.028257493230453887
Surprise,Incorrect,LipStretcherL,9.215303221883932e-06
Anger,Incorrect,LipStretcherR,0.08269177184595937
Disgust,Incorrect,LipStretcherR,0.08005197088046674
Fear,Incorrect,LipStretcherR,0.06854124451020045
Happiness,Incorrect,LipStretcherR,
Neutral,Incorrect,LipStretcherR,0.005338315826753663
Sadness,Incorrect,LipStretcherR,0.03407683336451237
Surprise,Incorrect,LipStretcherR,0.0013490870910255568
Anger,Incorrect,LipSuckLB,0.21362106664201844
Disgust,Incorrect,LipSuckLB,0.1208932276084516
Fear,Incorrect,LipSuckLB,0.07753790032274147
Happiness,Incorrect,LipSuckLB,
Neutral,Incorrect,LipSuckLB,0.06759752834193067
Sadness,Incorrect,LipSuckLB,0.0959406051029333
Surprise,Incorrect,LipSuckLB,0.00221230387165924
Anger,Incorrect,LipSuckLT,0.06858649260691295
Disgust,Incorrect,LipSuckLT,0.07459012014491068
Fear,Incorrect,LipSuckLT,0.0405811970214995
Happiness,Incorrect,LipSuckLT,
Neutral,Incorrect,LipSuckLT,0.007999231286846388
Sadness,Incorrect,LipSuckLT,0.010103512458686311
Surprise,Incorrect,LipSuckLT,0.0030167160588640057
Anger,Incorrect,LipSuckRB,0.19332295216041404
Disgust,Incorrect,LipSuckRB,0.10012772980427591
Fear,Incorrect,LipSuckRB,0.06169828916422215
Happiness,Incorrect,LipSuckRB,
Neutral,Incorrect,LipSuckRB,0.058396909838882176
Sadness,Incorrect,LipSuckRB,0.08864106492294982
Surprise,Incorrect,LipSuckRB,0.003932644858081716
Anger,Incorrect,LipSuckRT,0.05927859466013788
Disgust,Incorrect,LipSuckRT,0.0660301108056182
Fear,Incorrect,LipSuckRT,0.03656722322788718
Happiness,Incorrect,LipSuckRT,
Neutral,Incorrect,LipSuckRT,0.006747360485208752
Sadness,Incorrect,LipSuckRT,0.006093370567348371
Surprise,Incorrect,LipSuckRT,0.00111953293091953
Anger,Incorrect,LipTightenerL,0.013086570157142643
Disgust,Incorrect,LipTightenerL,0.009607085859399157
Fear,Incorrect,LipTightenerL,0.0015192100088212682
Happiness,Incorrect,LipTightenerL,
Neutral,Incorrect,LipTightenerL,0.005898941868631335
Sadness,Incorrect,LipTightenerL,0.0016134313518301018
Surprise,Incorrect,LipTightenerL,0.13559459942450897
Anger,Incorrect,LipTightenerR,0.01063965081192554
Disgust,Incorrect,LipTightenerR,0.00801508827261327
Fear,Incorrect,LipTightenerR,0.0023538195616594195
Happiness,Incorrect,LipTightenerR,
Neutral,Incorrect,LipTightenerR,0.00702930515445373
Sadness,Incorrect,LipTightenerR,0.0009484274901448418
Surprise,Incorrect,LipTightenerR,0.11750645764813941
Anger,Incorrect,LipsToward,0.04615666458430959
Disgust,Incorrect,LipsToward,0.03579752427734391
Fear,Incorrect,LipsToward,0.026605534040561228
Happiness,Incorrect,LipsToward,
Neutral,Incorrect,LipsToward,0.023664386591149656
Sadness,Incorrect,LipsToward,0.028360984125174533
Surprise,Incorrect,LipsToward,0.09303421538788821
Anger,Incorrect,LowerLipDepressorL,0.07227016896534112
Disgust,Incorrect,LowerLipDepressorL,0.17019920722395876
Fear,Incorrect,LowerLipDepressorL,0.05292526201327036
Happiness,Incorrect,LowerLipDepressorL,
Neutral,Incorrect,LowerLipDepressorL,1.2644094950642988e-10
Sadness,Incorrect,LowerLipDepressorL,0.00022627544781666676
Surprise,Incorrect,LowerLipDepressorL,0.08854627931177315
Anger,Incorrect,LowerLipDepressorR,0.06918498570501515
Disgust,Incorrect,LowerLipDepressorR,0.16277852987791253
Fear,Incorrect,LowerLipDepressorR,0.05104243087489006
Happiness,Incorrect,LowerLipDepressorR,
Neutral,Incorrect,LowerLipDepressorR,4.308855180670161e-10
Sadness,Incorrect,LowerLipDepressorR,2.5185752332224246e-07
Surprise,Incorrect,LowerLipDepressorR,0.07576499012484414
Anger,Incorrect,MouthLeft,0.017485799111006815
Disgust,Incorrect,MouthLeft,0.0030286194549527614
Fear,Incorrect,MouthLeft,0.010605536410263204
Happiness,Incorrect,MouthLeft,
Neutral,Incorrect,MouthLeft,0.0038338543152970227
Sadness,Incorrect,MouthLeft,0.005891411944575722
Surprise,Incorrect,MouthLeft,0.0003359767624560993
Anger,Incorrect,MouthRight,0.01125309786911209
Disgust,Incorrect,MouthRight,0.001061298566076574
Fear,Incorrect,MouthRight,9.127922120221622e-05
Happiness,Incorrect,MouthRight,
Neutral,Incorrect,MouthRight,0.0006031353422258622
Sadness,Incorrect,MouthRight,0.0013508442796413653
Surprise,Incorrect,MouthRight,3.6213604525756316e-16
Anger,Incorrect,NoseWrinklerL,0.3744442038185755
Disgust,Incorrect,NoseWrinklerL,0.05442906609738283
Fear,Incorrect,NoseWrinklerL,0.02888055808838307
Happiness,Incorrect,NoseWrinklerL,
Neutral,Incorrect,NoseWrinklerL,0.0037535170708300016
Sadness,Incorrect,NoseWrinklerL,0.3055312294494374
Surprise,Incorrect,NoseWrinklerL,0.051647265965875246
Anger,Incorrect,NoseWrinklerR,0.37632301099389037
Disgust,Incorrect,NoseWrinklerR,0.04783196988729049
Fear,Incorrect,NoseWrinklerR,0.027431350970075135
Happiness,Incorrect,NoseWrinklerR,
Neutral,Incorrect,NoseWrinklerR,0.0010571226486392165
Sadness,Incorrect,NoseWrinklerR,0.31400511371148954
Surprise,Incorrect,NoseWrinklerR,0.04417152799362688
Anger,Incorrect,OuterBrowRaiserL,0.03084137521354717
Disgust,Incorrect,OuterBrowRaiserL,0.02872009588737395
Fear,Incorrect,OuterBrowRaiserL,0.09779111915322122
Happiness,Incorrect,OuterBrowRaiserL,
Neutral,Incorrect,OuterBrowRaiserL,0.01173697178916574
Sadness,Incorrect,OuterBrowRaiserL,0.08771741290109024
Surprise,Incorrect,OuterBrowRaiserL,0.00015923862645820405
Anger,Incorrect,OuterBrowRaiserR,0.033105468447509404
Disgust,Incorrect,OuterBrowRaiserR,0.02706128163554138
Fear,Incorrect,OuterBrowRaiserR,0.10611588410076997
Happiness,Incorrect,OuterBrowRaiserR,
Neutral,Incorrect,OuterBrowRaiserR,0.019730403967615582
Sadness,Incorrect,OuterBrowRaiserR,0.09334307950065575
Surprise,Incorrect,OuterBrowRaiserR,0.0008795795276380951
Anger,Incorrect,UpperLidRaiserL,0.1375992690309606
Disgust,Incorrect,UpperLidRaiserL,0.016711344586557413
Fear,Incorrect,UpperLidRaiserL,0.1011365320577875
Happiness,Incorrect,UpperLidRaiserL,
Neutral,Incorrect,UpperLidRaiserL,0.0007043462153210619
Sadness,Incorrect,UpperLidRaiserL,0.030565561810795356
Surprise,Incorrect,UpperLidRaiserL,3.6170385650700384e-08
Anger,Incorrect,UpperLidRaiserR,0.16744634599018277
Disgust,Incorrect,UpperLidRaiserR,0.03344749043347213
Fear,Incorrect,UpperLidRaiserR,0.0984334407412075
Happiness,Incorrect,UpperLidRaiserR,
Neutral,Incorrect,UpperLidRaiserR,0.053476819323299805
Sadness,Incorrect,UpperLidRaiserR,0.03127137779208878
Surprise,Incorrect,UpperLidRaiserR,2.2544521265384182e-07
Anger,Incorrect,UpperLipRaiserL,0.33583759463697277
Disgust,Incorrect,UpperLipRaiserL,0.1989087732788152
Fear,Incorrect,UpperLipRaiserL,0.15935591442188832
Happiness,Incorrect,UpperLipRaiserL,
Neutral,Incorrect,UpperLipRaiserL,0.03916762218707137
Sadness,Incorrect,UpperLipRaiserL,0.04825251825016429
Surprise,Incorrect,UpperLipRaiserL,0.00578162998075032
Anger,Incorrect,UpperLipRaiserR,0.35879057082298194
Disgust,Incorrect,UpperLipRaiserR,0.20545308347196864
Fear,Incorrect,UpperLipRaiserR,0.1837710299347156
Happiness,Incorrect,UpperLipRaiserR,
Neutral,Incorrect,UpperLipRaiserR,0.031758389330796416
Sadness,Incorrect,UpperLipRaiserR,0.07019324189115829
Surprise,Incorrect,UpperLipRaiserR,0.007791739832742891
