reenactment_id,participant_id,true_label,final_predicted_class,correct_final_prediction,true_probability_first,true_probability_final,final_class_probability_first,final_class_probability_final,max_true_probability_increase,step_of_max_true_probability_increase,max_final_class_probability_increase,step_of_max_final_class_probability_increase,first_final_class_probability_ge_0_50,first_final_class_probability_ge_0_80,first_final_class_probability_ge_0_90,persistent_final_class_probability_ge_0_80_from,drops_below_0_80_after_first_crossing,final_label_stable_from,label_switches
1700478995850-2-1-1-0-0,1,Anger,Anger,True,0.5526141,0.5192049,0.5526141,0.5192049,0.22131730000000005,2,0.22131730000000005,2,1.0,3.0,5.0,,True,1,0
1700478998549-2-1-1-1-5,1,Sadness,Sadness,True,0.6127555,0.9990969,0.6127555,0.9990969,0.28369097,2,0.28369097,2,1.0,2.0,3.0,2.0,False,1,0
1700479001137-2-1-1-2-3,1,Happiness,Happiness,True,0.7559029,0.9976628,0.7559029,0.9976628,0.20856533999999993,2,0.20856533999999993,2,1.0,2.0,2.0,2.0,False,1,0
1700479004312-2-1-1-3-0,1,Anger,Neutral,False,0.35310122,0.014783267,0.10194064,0.9679481,0.15754258,2,0.22559846,8,9.0,10.0,12.0,10.0,False,8,1
1700479005401-2-1-1-4-0,1,Anger,Anger,True,0.45995298,0.8572989,0.45995298,0.8572989,0.23142581999999995,2,0.23142581999999995,2,2.0,3.0,6.0,3.0,False,1,0
1700479007738-2-1-1-5-5,1,Sadness,Sadness,True,0.48237404,0.9954365,0.48237404,0.9954365,0.35452856000000005,2,0.35452856000000005,2,2.0,2.0,3.0,2.0,False,1,0
1700479015441-2-1-1-8-3,1,Happiness,Happiness,True,0.13195434,0.99940395,0.13195434,0.99940395,0.35744328000000003,4,0.35744328000000003,4,4.0,4.0,5.0,4.0,False,3,1
1700479105264-2-1-2-0-4,1,Neutral,Neutral,True,0.26930678,0.98934734,0.26930678,0.98934734,0.16383346999999998,3,0.16383346999999998,3,3.0,5.0,7.0,5.0,False,1,0
1700479106931-2-1-2-1-1,1,Disgust,Sadness,False,0.09304035,0.02567074,0.106743775,0.9272054,0.14640200000000003,20,0.30557595,28,28.0,29.0,30.0,29.0,False,28,3
1700479111705-2-1-2-3-2,1,Fear,Fear,True,0.7512815,0.9721042,0.7512815,0.9721042,0.17834949999999994,2,0.17834949999999994,2,1.0,2.0,2.0,2.0,False,1,0
1700479113933-2-1-2-4-1,1,Disgust,Fear,False,0.15873896,0.009014997,0.42976013,0.9856448,0.014430909999999991,6,0.19890103000000003,2,2.0,7.0,16.0,7.0,False,1,0
1700479117593-2-1-2-5-1,1,Disgust,Fear,False,0.09055434,0.07497082,0.28376478,0.9198172,0.038162549999999996,16,0.25528332,12,12.0,13.0,14.0,13.0,False,12,2
1700479119890-2-1-2-6-2,1,Fear,Fear,True,0.33714655,0.55202144,0.33714655,0.55202144,0.10273396000000001,17,0.10273396000000001,17,19.0,,,,False,19,1
1700479129747-2-1-2-10-2,1,Fear,Fear,True,0.29129225,0.67519695,0.29129225,0.67519695,0.14233216999999998,28,0.14233216999999998,28,29.0,,,,False,28,1
1700479131977-2-1-2-11-4,1,Neutral,Neutral,True,0.29928535,0.95304245,0.29928535,0.95304245,0.15917483,2,0.15917483,2,3.0,6.0,9.0,6.0,False,1,0
1700479238544-2-1-3-0-4,1,Neutral,Neutral,True,0.27070868,0.45251337,0.27070868,0.45251337,0.09019080000000002,2,0.09019080000000002,2,24.0,,,,False,22,2
1700479240547-2-1-3-1-1,1,Disgust,Surprise,False,0.09883979,0.00096938247,0.11025993,0.979107,0.0002935044000000001,15,0.13937139999999992,21,20.0,22.0,24.0,22.0,False,20,2
1700479243878-2-1-3-3-6,1,Surprise,Surprise,True,0.03782672,0.991687,0.03782672,0.991687,0.48693576000000005,25,0.48693576000000005,25,25.0,26.0,26.0,26.0,False,25,2
1700479245714-2-1-3-4-3,1,Happiness,Happiness,True,0.10379801,0.99945396,0.10379801,0.99945396,0.42701132500000005,19,0.42701132500000005,19,19.0,20.0,20.0,20.0,False,19,2
1700479248151-2-1-3-5-2,1,Fear,Fear,True,0.23169446,0.9638999,0.23169446,0.9638999,0.23250404000000002,8,0.23250404000000002,8,7.0,9.0,9.0,9.0,False,7,1
1700479250572-2-1-3-6-5,1,Sadness,Neutral,False,0.25616133,0.33133984,0.19275169,0.48234797,0.22443870000000005,3,0.29908029,30,,,,,False,30,1
1700479253441-2-1-3-8-0,1,Anger,Anger,True,0.0915841,0.92942613,0.0915841,0.92942613,0.48174998,21,0.48174998,21,21.0,22.0,24.0,22.0,False,21,1
1700479258342-2-1-3-10-0,1,Anger,Neutral,False,0.07033784,0.010297336,0.14116248,0.91100365,0.0016651499999999998,27,0.10179666000000004,14,15.0,20.0,25.0,20.0,False,15,1
1700479260806-2-1-3-11-3,1,Happiness,Happiness,True,0.11027288,0.9994252,0.11027288,0.9994252,0.28904115999999996,23,0.28904115999999996,23,23.0,24.0,24.0,24.0,False,22,1
1700479262241-2-1-3-12-4,1,Neutral,Neutral,True,0.1899132,0.9614632,0.1899132,0.9614632,0.06499456999999997,17,0.06499456999999997,17,15.0,20.0,24.0,20.0,False,10,2
1700479264139-2-1-3-13-6,1,Surprise,Surprise,True,0.14785348,0.99628866,0.14785348,0.99628866,0.36861725000000006,12,0.36861725000000006,12,12.0,12.0,13.0,12.0,False,12,2
1700479265444-2-1-3-14-4,1,Neutral,Happiness,False,0.31375802,0.14726262,0.0929042,0.7665262,0.17175619999999997,2,0.12771567999999997,25,27.0,,,,False,26,1
1700479274174-2-1-3-18-1,1,Disgust,Fear,False,0.09063175,0.07066553,0.06035841,0.56972486,0.021499653999999993,27,0.21425933000000003,29,29.0,,,,False,28,4
1700479276498-2-1-3-19-6,1,Surprise,Surprise,True,0.07173623,0.9954005,0.07173623,0.9954005,0.70159904,17,0.70159904,17,17.0,17.0,18.0,17.0,False,17,1
1700479278671-2-1-3-20-2,1,Fear,Fear,True,0.79289263,0.8393447,0.79289263,0.8393447,0.14718563000000007,2,0.14718563000000007,2,1.0,2.0,2.0,2.0,False,1,0
1700479411435-2-1-4-0-1,1,Disgust,Fear,False,0.13412282,0.008398056,0.44987613,0.94765425,0.0012334599999999918,8,0.22394746999999998,2,2.0,4.0,7.0,4.0,False,1,0
1700479413527-2-1-4-1-5,1,Sadness,Sadness,True,0.13241915,0.9497314,0.13241915,0.9497314,0.44507553,3,0.44507553,3,3.0,4.0,21.0,4.0,False,3,1
1700479417615-2-1-4-3-6,1,Surprise,Surprise,True,0.12521993,0.9926381,0.12521993,0.9926381,0.49410290000000007,5,0.49410290000000007,5,5.0,6.0,6.0,6.0,False,5,1
1700479420641-2-1-4-5-4,1,Neutral,Neutral,True,0.12610854,0.7918116,0.12610854,0.7918116,0.12382820000000005,29,0.12382820000000005,29,28.0,,,,False,27,1
1700479422411-2-1-4-6-3,1,Happiness,Happiness,True,0.15153056,0.9997229,0.15153056,0.9997229,0.40303318999999993,10,0.40303318999999993,10,9.0,10.0,10.0,10.0,False,9,1
1700479424021-2-1-4-7-0,1,Anger,Anger,True,0.09347272,0.9655614,0.09347272,0.9655614,0.520045,24,0.520045,24,24.0,24.0,25.0,24.0,False,24,3
1700479426367-2-1-4-8-5,1,Sadness,Sadness,True,0.110002354,0.9930736,0.110002354,0.9930736,0.49109674000000003,7,0.49109674000000003,7,7.0,8.0,9.0,8.0,False,7,1
1700479427742-2-1-4-9-2,1,Fear,Fear,True,0.18610096,0.9220234,0.18610096,0.9220234,0.3637397,17,0.3637397,17,17.0,24.0,27.0,24.0,False,17,1
1700479432977-2-1-4-12-1,1,Disgust,Surprise,False,0.12066462,0.022977652,0.064306706,0.6813681,0.016365343000000004,23,0.14906647000000006,29,29.0,,,,False,29,2
1700479435090-2-1-4-13-3,1,Happiness,Happiness,True,0.86992973,0.99955314,0.86992973,0.99955314,0.11833957000000006,2,0.11833957000000006,2,1.0,1.0,2.0,1.0,False,1,0
1700479438658-2-1-4-15-1,1,Disgust,Fear,False,0.11396248,0.19751027,0.14005764,0.78955877,0.036031358000000006,20,0.25574036,19,20.0,22.0,,,True,19,1
1700479442178-2-1-4-17-5,1,Sadness,Sadness,True,0.07220554,0.99654263,0.07220554,0.99654263,0.30146935999999996,22,0.30146935999999996,22,22.0,23.0,24.0,23.0,False,21,1
1700479445256-2-1-4-19-6,1,Surprise,Surprise,True,0.048181005,0.98152965,0.048181005,0.98152965,0.45016976000000003,10,0.45016976000000003,10,10.0,11.0,12.0,11.0,False,10,1
1700479447373-2-1-4-20-5,1,Sadness,Sadness,True,0.63415587,0.95652765,0.63415587,0.95652765,0.26747173,2,0.26747173,2,1.0,2.0,2.0,2.0,False,1,0
1700479452800-2-1-4-23-2,1,Fear,Fear,True,0.1856058,0.95868456,0.1856058,0.95868456,0.22435225999999997,16,0.22435225999999997,16,16.0,18.0,19.0,18.0,False,16,1
1700479457287-2-1-4-26-1,1,Disgust,Fear,False,0.09787941,0.2972688,0.29520822,0.68303037,0.05747624,25,0.23902627999999992,25,3.0,,,,False,25,3
1700479459026-2-1-4-27-6,1,Surprise,Surprise,True,0.13720249,0.99628323,0.13720249,0.99628323,0.40557676,17,0.40557676,17,17.0,18.0,18.0,18.0,False,17,2
1700567688235-2-8-1-0-0,8,Anger,Disgust,False,0.25610524,0.0042552813,0.36265582,0.99499184,0.00026537800000000014,29,0.36825353,2,2.0,3.0,3.0,3.0,False,1,0
1700567691497-2-8-1-1-5,8,Sadness,Disgust,False,0.097939566,0.0030353377,0.081971504,0.92816794,0.0080427811,11,0.729827608,12,12.0,13.0,13.0,13.0,False,12,3
1700567693686-2-8-1-2-3,8,Happiness,Happiness,True,0.09547903,0.99909043,0.09547903,0.99909043,0.6331909600000001,19,0.6331909600000001,19,19.0,19.0,20.0,19.0,False,19,2
1700567695958-2-8-1-3-0,8,Anger,Disgust,False,0.0761952,0.007629892,0.085650235,0.9889949,0.050571642,21,0.43586854999999997,21,22.0,22.0,22.0,22.0,False,21,1
1700567698824-2-8-1-4-0,8,Anger,Disgust,False,0.06976836,0.0033093847,0.09037884,0.97812134,0.004769082500000001,17,0.30155273,18,18.0,20.0,23.0,20.0,False,18,1
1700567702985-2-8-1-6-3,8,Happiness,Happiness,True,0.101082735,0.997894,0.101082735,0.997894,0.50980966,9,0.50980966,9,9.0,10.0,10.0,10.0,False,9,1
1700567706828-2-8-1-7-5,8,Sadness,Disgust,False,0.12414607,0.0044867573,0.2867307,0.85222495,0.0013887141999999997,30,0.30818277000000005,3,2.0,3.0,4.0,3.0,False,2,1
1700567708570-2-8-1-8-3,8,Happiness,Happiness,True,0.13516605,0.99927217,0.13516605,0.99927217,0.2312493,21,0.2312493,21,20.0,21.0,22.0,21.0,False,18,2
1700567787758-2-8-2-1-1,8,Disgust,Disgust,True,0.10342197,0.9735617,0.10342197,0.9735617,0.34234471,3,0.34234471,3,4.0,5.0,5.0,5.0,False,3,2
1700567790485-2-8-2-2-6,8,Surprise,Surprise,True,0.1870527,0.835999,0.1870527,0.835999,0.30860205,25,0.30860205,25,26.0,29.0,,29.0,False,25,1
1700567792669-2-8-2-3-2,8,Fear,Fear,True,0.37655976,0.7386973,0.37655976,0.7386973,0.20664243999999998,2,0.20664243999999998,2,2.0,5.0,8.0,,True,1,0
1700567795123-2-8-2-4-1,8,Disgust,Disgust,True,0.08671205,0.97366613,0.08671205,0.97366613,0.47372008,10,0.47372008,10,10.0,10.0,11.0,10.0,False,10,1
1700567799982-2-8-2-6-2,8,Fear,Fear,True,0.26616952,0.62121814,0.26616952,0.62121814,0.13360415000000003,3,0.13360415000000003,3,3.0,8.0,11.0,,True,1,0
1700567803057-2-8-2-7-4,8,Neutral,Neutral,True,0.26167345,0.6191787,0.26167345,0.6191787,0.09600693000000005,2,0.09600693000000005,2,5.0,,,,False,1,0
1700567804174-2-8-2-8-6,8,Surprise,Surprise,True,0.16941448,0.98528594,0.16941448,0.98528594,0.26462937000000003,17,0.26462937000000003,17,17.0,18.0,19.0,18.0,False,17,1
1700567807289-2-8-2-9-6,8,Surprise,Surprise,True,0.20657268,0.8804943,0.20657268,0.8804943,0.16654241000000003,27,0.16654241000000003,27,27.0,29.0,,29.0,False,27,1
1700567809324-2-8-2-10-2,8,Fear,Fear,True,0.33689508,0.73480475,0.33689508,0.73480475,0.10967114,2,0.10967114,2,3.0,,,,False,1,0
1700567812479-2-8-2-11-4,8,Neutral,Neutral,True,0.27869582,0.7616607,0.27869582,0.7616607,0.12769732,2,0.12769732,2,3.0,,,,False,1,0
1700567902030-2-8-3-0-4,8,Neutral,Neutral,True,0.28658026,0.9553657,0.28658026,0.9553657,0.13705078000000004,2,0.13705078000000004,2,3.0,16.0,25.0,16.0,False,1,0
1700567903352-2-8-3-1-1,8,Disgust,Disgust,True,0.08629496,0.84385896,0.08629496,0.84385896,0.09958803,15,0.09958803,15,17.0,26.0,,26.0,False,17,2
1700567906760-2-8-3-2-0,8,Anger,Disgust,False,0.28008786,0.0013464035,0.5412585,0.9394524,0.00047124765000000006,30,0.23548926000000003,2,1.0,3.0,4.0,3.0,False,1,0
1700567907954-2-8-3-3-6,8,Surprise,Surprise,True,0.13519202,0.9914364,0.13519202,0.9914364,0.37336963,18,0.37336963,18,18.0,19.0,19.0,19.0,False,18,1
1700567911689-2-8-3-5-2,8,Fear,Fear,True,0.20987822,0.6725485,0.20987822,0.6725485,0.13241857,8,0.13241857,8,7.0,,,,False,5,1
1700567914515-2-8-3-6-5,8,Sadness,Disgust,False,0.11340027,0.0005553107,0.078608625,0.9859752,0.0846741,5,0.43104212000000003,7,7.0,8.0,9.0,8.0,False,7,2
1700567916813-2-8-3-7-5,8,Sadness,Disgust,False,0.0300088,0.00964941,0.7970557,0.79847217,0.0038343543000000004,30,0.1559718,2,1.0,2.0,2.0,,True,1,0
1700567918385-2-8-3-8-0,8,Anger,Disgust,False,0.07074896,0.0025183144,0.09142338,0.9722964,0.014125977000000001,12,0.48100325999999993,12,12.0,13.0,14.0,13.0,False,12,1
1700567920333-2-8-3-9-1,8,Disgust,Disgust,True,0.08085027,0.69927657,0.08085027,0.69927657,0.11440376999999999,23,0.11440376999999999,23,26.0,,,,False,26,2
1700567922812-2-8-3-10-0,8,Anger,Disgust,False,0.27444828,0.001665426,0.43183666,0.9732895,7.732170000000066e-05,14,0.29715704,2,2.0,3.0,4.0,3.0,False,1,0
1700567926584-2-8-3-12-4,8,Neutral,Neutral,True,0.31164008,0.75604385,0.31164008,0.75604385,0.16807688000000004,2,0.16807688000000004,2,3.0,7.0,,,True,1,0
1700567928618-2-8-3-13-6,8,Surprise,Surprise,True,0.20462783,0.89179415,0.20462783,0.89179415,0.25480370999999996,5,0.25480370999999996,5,5.0,6.0,8.0,6.0,False,5,1
1700567932221-2-8-3-15-5,8,Sadness,Fear,False,0.09164882,0.0039119828,0.27244946,0.7717299,0.10273735,18,0.11884385999999997,20,4.0,,,,False,1,0
1700567934618-2-8-3-16-2,8,Fear,Fear,True,0.46616063,0.6545604,0.46616063,0.6545604,0.15495999999999993,2,0.15495999999999993,2,2.0,,,,False,1,0
1700567938373-2-8-3-18-1,8,Disgust,Disgust,True,0.07655234,0.9933073,0.07655234,0.9933073,0.47027975000000005,7,0.47027975000000005,7,7.0,8.0,9.0,8.0,False,7,2
1700567942412-2-8-3-20-2,8,Fear,Fear,True,0.25093564,0.6324014,0.25093564,0.6324014,0.16753586999999998,4,0.16753586999999998,4,4.0,,,,False,1,0
1700568075798-2-8-4-0-1,8,Disgust,Disgust,True,0.20961688,0.9917018,0.20961688,0.9917018,0.17131169999999996,5,0.17131169999999996,5,4.0,6.0,7.0,6.0,False,1,0
1700568077758-2-8-4-1-5,8,Sadness,Sadness,True,0.24034278,0.8078579,0.24034278,0.8078579,0.19682125999999997,2,0.19682125999999997,2,3.0,30.0,,30.0,False,20,5
1700568081350-2-8-4-3-6,8,Surprise,Surprise,True,0.37094915,0.9123975,0.37094915,0.9123975,0.27783281000000004,3,0.27783281000000004,3,2.0,3.0,4.0,3.0,False,2,1
1700568082939-2-8-4-4-4,8,Neutral,Neutral,True,0.2611584,0.9518833,0.2611584,0.9518833,0.0959159,2,0.0959159,2,5.0,18.0,22.0,18.0,False,1,0
1700568086128-2-8-4-6-3,8,Happiness,Happiness,True,0.09284644,0.99902046,0.09284644,0.99902046,0.5695495500000001,22,0.5695495500000001,22,22.0,22.0,23.0,22.0,False,22,2
1700568088202-2-8-4-7-0,8,Anger,Disgust,False,0.081136376,0.0022011632,0.078979574,0.9839298,0.033520241,6,0.52158901,7,7.0,8.0,8.0,8.0,False,7,2
1700568090919-2-8-4-9-2,8,Fear,Fear,True,0.20905793,0.6233708,0.20905793,0.6233708,0.13551543999999993,11,0.13551543999999993,11,9.0,12.0,,,True,9,1
1700568092978-2-8-4-10-0,8,Anger,Disgust,False,0.101420395,0.0052155657,0.09336822,0.9918873,0.0210111288,20,0.4510045,21,21.0,22.0,23.0,22.0,False,21,2
1700568095008-2-8-4-11-3,8,Happiness,Happiness,True,0.11742101,0.9985557,0.11742101,0.9985557,0.32267637000000005,9,0.32267637000000005,9,9.0,10.0,11.0,10.0,False,8,1
1700568096451-2-8-4-12-1,8,Disgust,Disgust,True,0.093229614,0.9816259,0.093229614,0.9816259,0.36682620000000005,22,0.36682620000000005,22,22.0,23.0,24.0,23.0,False,22,2
1700568100175-2-8-4-14-0,8,Anger,Fear,False,0.09235488,0.0016800606,0.1921244,0.5203801,0.0009989956999999997,26,0.20372614,18,18.0,20.0,21.0,,True,18,1
1700568102387-2-8-4-15-1,8,Disgust,Disgust,True,0.08409599,0.99192315,0.08409599,0.99192315,0.37781066,18,0.37781066,18,19.0,19.0,20.0,19.0,False,18,2
1700568103657-2-8-4-16-2,8,Fear,Fear,True,0.1944047,0.5734731,0.1944047,0.5734731,0.07784916999999991,17,0.07784916999999991,17,13.0,,,,False,12,1
1700568107499-2-8-4-18-4,8,Neutral,Neutral,True,0.30767566,0.717592,0.30767566,0.717592,0.14522693999999997,2,0.14522693999999997,2,3.0,,,,False,1,0
1700568112955-2-8-4-21-6,8,Surprise,Surprise,True,0.16248527,0.99395025,0.16248527,0.99395025,0.35582369999999997,6,0.35582369999999997,6,6.0,8.0,8.0,8.0,False,6,2
1700568114265-2-8-4-22-0,8,Anger,Disgust,False,0.06853135,0.004421016,0.09137415,0.96004486,0.0018379520999999995,21,0.23691606999999998,22,22.0,25.0,27.0,25.0,False,22,1
1700568116382-2-8-4-23-2,8,Fear,Fear,True,0.2383274,0.5916052,0.2383274,0.5916052,0.17612260000000002,4,0.17612260000000002,4,4.0,,,,False,1,0
1700568118260-2-8-4-24-3,8,Happiness,Happiness,True,0.086290546,0.9979528,0.086290546,0.9979528,0.33689985,6,0.33689985,6,5.0,6.0,6.0,6.0,False,5,1
1700568119916-2-8-4-25-2,8,Fear,Fear,True,0.20793952,0.58053553,0.20793952,0.58053553,0.17585856,7,0.17585856,7,6.0,8.0,,,True,5,1
1700568121727-2-8-4-26-1,8,Disgust,Disgust,True,0.081489615,0.9814944,0.081489615,0.9814944,0.7444119499999999,15,0.7444119499999999,15,15.0,15.0,15.0,15.0,False,15,1
1700577641790-2-10-1-1-5,10,Sadness,Sadness,True,0.6019131,0.9147184,0.6019131,0.9147184,0.24521100000000007,2,0.24521100000000007,2,1.0,2.0,3.0,2.0,False,1,0
1700577644246-2-10-1-2-3,10,Happiness,Happiness,True,0.51591045,0.9995561,0.51591045,0.9995561,0.35520385,2,0.35520385,2,1.0,2.0,3.0,2.0,False,1,0
1700577653948-2-10-1-6-3,10,Happiness,Happiness,True,0.2471212,0.99967384,0.2471212,0.99967384,0.23772045999999997,3,0.23772045999999997,3,3.0,5.0,13.0,10.0,True,1,0
1700577659103-2-10-1-8-3,10,Happiness,Happiness,True,0.19508378,0.9997017,0.19508378,0.9997017,0.20519622000000004,4,0.20519622000000004,4,4.0,6.0,7.0,6.0,False,4,1
1700577731858-2-10-2-0-4,10,Neutral,Neutral,True,0.23784773,0.9513548,0.23784773,0.9513548,0.10459496999999998,2,0.10459496999999998,2,4.0,10.0,15.0,10.0,False,1,0
1700577733309-2-10-2-1-1,10,Disgust,Happiness,False,0.097036816,0.29128996,0.16998373,0.31051305,0.13744888000000002,30,0.11770063,29,,,,,False,30,1
1700577738960-2-10-2-3-2,10,Fear,Fear,True,0.150952,0.577566,0.150952,0.577566,0.34927919,12,0.34927919,12,13.0,,,,False,28,3
1700577740656-2-10-2-4-1,10,Disgust,Disgust,True,0.14042923,0.772126,0.14042923,0.772126,0.11200199999999993,30,0.11200199999999993,30,27.0,,,,False,26,3
1700577744274-2-10-2-5-1,10,Disgust,Happiness,False,0.11402172,0.017706323,0.3048137,0.9372802,0.0026829799999999997,30,0.18592565,2,3.0,5.0,15.0,15.0,True,1,0
1700577751365-2-10-2-8-6,10,Surprise,Surprise,True,0.12787098,0.959971,0.12787098,0.959971,0.18781564,22,0.18781564,22,22.0,24.0,26.0,24.0,False,22,2
1700577753271-2-10-2-9-6,10,Surprise,Surprise,True,0.15171812,0.62160695,0.15171812,0.62160695,0.07428851999999997,24,0.07428851999999997,24,27.0,,,,False,27,3
1700577756759-2-10-2-10-2,10,Fear,Fear,True,0.19626135,0.50418115,0.19626135,0.50418115,0.11287712999999999,7,0.11287712999999999,7,9.0,,,,False,8,1
1700577759366-2-10-2-11-4,10,Neutral,Neutral,True,0.31776828,0.9847547,0.31776828,0.9847547,0.19278982,2,0.19278982,2,2.0,4.0,6.0,4.0,False,1,0
1700577839039-2-10-3-0-4,10,Neutral,Neutral,True,0.26891822,0.46827823,0.26891822,0.46827823,0.07898542000000003,2,0.07898542000000003,2,18.0,,,,False,1,0
1700577841033-2-10-3-1-1,10,Disgust,Happiness,False,0.09500942,0.0003195838,0.2372863,0.99914825,0.0002135125000000005,20,0.12482179999999998,2,4.0,18.0,21.0,18.0,False,1,0
1700577843732-2-10-3-2-0,10,Anger,Anger,True,0.09021483,0.8769112,0.09021483,0.8769112,0.44289140000000005,8,0.44289140000000005,8,9.0,10.0,,10.0,False,8,1
1700577847201-2-10-3-4-3,10,Happiness,Happiness,True,0.09601287,0.99968255,0.09601287,0.99968255,0.48552497400000005,16,0.48552497400000005,16,16.0,17.0,17.0,17.0,False,16,1
1700577849695-2-10-3-5-2,10,Fear,Happiness,False,0.07159786,0.00930071,0.6023537,0.986571,0.0012208979999999998,26,0.30023429999999995,2,1.0,2.0,2.0,2.0,False,1,0
1700577851526-2-10-3-6-5,10,Sadness,Sadness,True,0.056260172,0.9901877,0.056260172,0.9901877,0.3224344599999999,23,0.3224344599999999,23,23.0,24.0,25.0,24.0,False,22,2
1700577854173-2-10-3-7-5,10,Sadness,Sadness,True,0.2330092,0.9654214,0.2330092,0.9654214,0.16827231999999998,18,0.16827231999999998,18,19.0,21.0,23.0,21.0,False,18,1
1700577855799-2-10-3-8-0,10,Anger,Disgust,False,0.03256263,0.019285865,0.055412468,0.976651,0.11234537000000003,14,0.1612289,26,24.0,26.0,27.0,26.0,False,23,2
1700577857687-2-10-3-9-1,10,Disgust,Neutral,False,0.14596997,0.20948926,0.2011266,0.48980615,0.18160447500000002,30,0.09485740000000004,3,5.0,10.0,14.0,,True,1,0
1700577863441-2-10-3-12-4,10,Neutral,Neutral,True,0.23367283,0.65675044,0.23367283,0.65675044,0.07902121000000004,23,0.07902121000000004,23,27.0,,,,False,26,2
1700577867123-2-10-3-14-4,10,Neutral,Neutral,True,0.043009885,0.42793554,0.043009885,0.42793554,0.15148494,29,0.15148494,29,,,,,False,30,1
1700577870256-2-10-3-15-5,10,Sadness,Sadness,True,0.51354903,0.99663913,0.51354903,0.99663913,0.26974197,2,0.26974197,2,1.0,3.0,3.0,3.0,False,1,0
1700577877659-2-10-3-19-6,10,Surprise,Surprise,True,0.042241555,0.90371084,0.042241555,0.90371084,0.25916933,23,0.25916933,23,24.0,26.0,29.0,26.0,False,23,1
1700577880261-2-10-3-20-2,10,Fear,Fear,True,0.18371473,0.7136406,0.18371473,0.7136406,0.15591821,16,0.15591821,16,18.0,21.0,,,True,18,1
1700578007024-2-10-4-0-1,10,Disgust,Happiness,False,0.08986319,0.00036343496,0.8352772,0.9994049,5.2653249999999976e-05,24,0.1444309399999999,2,1.0,1.0,2.0,1.0,False,1,0
1700578011711-2-10-4-3-6,10,Surprise,Surprise,True,0.118062854,0.6550827,0.118062854,0.6550827,0.09736776999999999,12,0.09736776999999999,12,16.0,,,,False,16,2
1700578014206-2-10-4-4-4,10,Neutral,Neutral,True,0.30778253,0.98026526,0.30778253,0.98026526,0.18736672999999998,3,0.18736672999999998,3,3.0,5.0,6.0,5.0,False,1,0
1700578015880-2-10-4-5-4,10,Neutral,Neutral,True,0.2009954,0.98536867,0.2009954,0.98536867,0.10088491999999999,4,0.10088491999999999,4,5.0,11.0,13.0,11.0,False,1,0
1700578017539-2-10-4-6-3,10,Happiness,Happiness,True,0.1071238,0.9996916,0.1071238,0.9996916,0.76095992,11,0.76095992,11,11.0,11.0,11.0,11.0,False,11,1
1700578020748-2-10-4-8-5,10,Sadness,Sadness,True,0.091853626,0.9643623,0.091853626,0.9643623,0.35440016999999996,22,0.35440016999999996,22,22.0,23.0,25.0,23.0,False,22,2
1700578022517-2-10-4-9-2,10,Fear,Fear,True,0.19172198,0.9864688,0.19172198,0.9864688,0.75292085,24,0.75292085,24,24.0,24.0,24.0,24.0,False,24,1
1700578026276-2-10-4-11-3,10,Happiness,Happiness,True,0.10822648,0.9996551,0.10822648,0.9996551,0.4467025,13,0.4467025,13,13.0,13.0,14.0,13.0,False,13,2
1700578027679-2-10-4-12-1,10,Disgust,Disgust,True,0.11791808,0.58685124,0.11791808,0.58685124,0.13476712,28,0.13476712,28,30.0,,,,False,29,3
1700578029507-2-10-4-13-3,10,Happiness,Happiness,True,0.54512787,0.9996227,0.54512787,0.9996227,0.36279313,2,0.36279313,2,1.0,2.0,2.0,2.0,False,1,0
1700578035450-2-10-4-16-2,10,Fear,Fear,True,0.18304798,0.8173689,0.18304798,0.8173689,0.13739627999999998,6,0.13739627999999998,6,6.0,21.0,,21.0,False,5,1
1700578036809-2-10-4-17-5,10,Sadness,Sadness,True,0.09117581,0.84471595,0.09117581,0.84471595,0.15468555999999994,27,0.15468555999999994,27,27.0,30.0,,30.0,False,27,3
1700578042343-2-10-4-20-5,10,Sadness,Sadness,True,0.09243274,0.9958931,0.09243274,0.9958931,0.34622965,12,0.34622965,12,12.0,14.0,15.0,14.0,False,12,1
1700578043747-2-10-4-21-6,10,Surprise,Surprise,True,0.15440065,0.57068884,0.15440065,0.57068884,0.12268352,26,0.12268352,26,29.0,,,,False,29,3
1700578045766-2-10-4-22-0,10,Anger,Disgust,False,0.08403421,0.0027620248,0.12321738,0.5359659,0.0005331935000000001,27,0.16745818999999998,29,30.0,,,,False,30,3
1700578047686-2-10-4-23-2,10,Fear,Neutral,False,0.1822318,0.13696288,0.23081824,0.8355273,0.17252051999999996,18,0.15074422000000004,28,4.0,6.0,8.0,30.0,True,27,2
1700578050680-2-10-4-25-2,10,Fear,Fear,True,0.09457725,0.67478085,0.09457725,0.67478085,0.14914265,26,0.14914265,26,26.0,,,,False,26,1
1700578052853-2-10-4-26-1,10,Disgust,Disgust,True,0.12175573,0.55708444,0.12175573,0.55708444,0.050036606,9,0.050036606,9,25.0,,,,False,25,3
1700578053937-2-10-4-27-6,10,Surprise,Surprise,True,0.082623735,0.9480452,0.082623735,0.9480452,0.18856156000000007,22,0.18856156000000007,22,22.0,23.0,25.0,23.0,False,21,4
1700583797412-2-13-1-0-0,13,Anger,Anger,True,0.09970466,0.60669893,0.09970466,0.60669893,0.25502460999999993,10,0.25502460999999993,10,10.0,11.0,,,True,9,1
1700583805997-2-13-1-3-0,13,Anger,Disgust,False,0.13908894,0.3732185,0.17717034,0.6245264,0.14673859000000003,3,0.12443981000000001,3,19.0,,,,False,22,5
1700583807891-2-13-1-4-0,13,Anger,Anger,True,0.15063392,0.7413335,0.15063392,0.7413335,0.31531771999999997,23,0.31531771999999997,23,23.0,26.0,,,True,21,2
1700583813812-2-13-1-6-3,13,Happiness,Happiness,True,0.869494,0.99963117,0.869494,0.99963117,0.11895469999999997,2,0.11895469999999997,2,1.0,1.0,2.0,1.0,False,1,0
1700583815717-2-13-1-7-5,13,Sadness,Sadness,True,0.107772894,0.8731429,0.107772894,0.8731429,0.17817477999999998,8,0.17817477999999998,8,8.0,10.0,12.0,10.0,False,8,4
1700583883653-2-13-2-0-4,13,Neutral,Neutral,True,0.3346537,0.9905095,0.3346537,0.9905095,0.2044373,2,0.2044373,2,2.0,4.0,6.0,4.0,False,1,0
1700583887578-2-13-2-2-6,13,Surprise,Surprise,True,0.11294548,0.7570636,0.11294548,0.7570636,0.11257773999999998,18,0.11257773999999998,18,19.0,,,,False,19,2
1700583891213-2-13-2-3-2,13,Fear,Fear,True,0.21833248,0.82880753,0.21833248,0.82880753,0.2374786,19,0.2374786,19,20.0,22.0,,22.0,False,19,3
1700583893370-2-13-2-4-1,13,Disgust,Disgust,True,0.0862005,0.5289,0.0862005,0.5289,0.06261857999999998,18,0.06261857999999998,18,29.0,,,,False,29,2
1700583897868-2-13-2-6-2,13,Fear,Fear,True,0.16476785,0.47643292,0.16476785,0.47643292,0.10559100999999999,27,0.10559100999999999,27,,,,,False,28,1
1700583903979-2-13-2-8-6,13,Surprise,Surprise,True,0.32631093,0.9596892,0.32631093,0.9596892,0.09835591999999999,2,0.09835591999999999,2,6.0,14.0,18.0,14.0,False,6,1
1700583910942-2-13-2-11-4,13,Neutral,Neutral,True,0.120142974,0.92493314,0.120142974,0.92493314,0.2567816,18,0.2567816,18,6.0,20.0,23.0,20.0,False,18,3
1700583999169-2-13-3-0-4,13,Neutral,Neutral,True,0.2818879,0.9911572,0.2818879,0.9911572,0.21000799999999997,3,0.21000799999999997,3,3.0,4.0,5.0,4.0,False,1,0
1700584001197-2-13-3-1-1,13,Disgust,Anger,False,0.090573125,0.32281455,0.10156015,0.5308867,0.13261401,12,0.3349535,12,12.0,,,,False,12,1
1700584007863-2-13-3-4-3,13,Happiness,Happiness,True,0.31961545,0.99967813,0.31961545,0.99967813,0.29037682,2,0.29037682,2,2.0,3.0,4.0,3.0,False,1,0
1700584009992-2-13-3-5-2,13,Fear,Fear,True,0.17473464,0.742917,0.17473464,0.742917,0.26913483,15,0.26913483,15,16.0,,,,False,15,1
1700584012456-2-13-3-6-5,13,Sadness,Sadness,True,0.102976315,0.99601644,0.102976315,0.99601644,0.16679540999999998,15,0.16679540999999998,15,15.0,18.0,19.0,18.0,False,14,1
1700584020161-2-13-3-10-0,13,Anger,Anger,True,0.021134341,0.8089002,0.021134341,0.8089002,0.33979564,15,0.33979564,15,15.0,17.0,20.0,17.0,False,15,1
1700584022622-2-13-3-11-3,13,Happiness,Happiness,True,0.47719103,0.99933845,0.47719103,0.99933845,0.27373986999999994,2,0.27373986999999994,2,2.0,3.0,4.0,3.0,False,1,0
1700584023624-2-13-3-12-4,13,Neutral,Neutral,True,0.00970817,0.98391736,0.00970817,0.98391736,0.28477166,23,0.28477166,23,24.0,25.0,26.0,25.0,False,23,1
1700584025989-2-13-3-13-6,13,Surprise,Surprise,True,0.16813105,0.66294473,0.16813105,0.66294473,0.060794159999999986,5,0.060794159999999986,5,16.0,,,,False,16,1
1700584027538-2-13-3-14-4,13,Neutral,Neutral,True,0.10210133,0.97706443,0.10210133,0.97706443,0.24552192999999994,10,0.24552192999999994,10,10.0,12.0,13.0,12.0,False,10,1
1700584030294-2-13-3-15-5,13,Sadness,Sadness,True,0.5360045,0.99894744,0.5360045,0.99894744,0.31132004999999996,2,0.31132004999999996,2,1.0,2.0,3.0,2.0,False,1,0
1700584032421-2-13-3-16-2,13,Fear,Fear,True,0.18241516,0.77548313,0.18241516,0.77548313,0.12853512,10,0.12853512,10,11.0,,,,False,9,2
1700584034051-2-13-3-17-3,13,Happiness,Happiness,True,0.11557686,0.9996556,0.11557686,0.9996556,0.38073979999999996,16,0.38073979999999996,16,15.0,16.0,17.0,16.0,False,15,2
1700584035954-2-13-3-18-1,13,Disgust,Disgust,True,0.10845501,0.7288375,0.10845501,0.7288375,0.10491444,21,0.10491444,21,25.0,,,,False,24,4
1700584037726-2-13-3-19-6,13,Surprise,Surprise,True,0.11416653,0.68955815,0.11416653,0.68955815,0.11140557999999998,21,0.11140557999999998,21,25.0,,,,False,25,2
1700584201525-2-13-4-0-1,13,Disgust,Disgust,True,0.55368555,0.6881033,0.55368555,0.6881033,0.20061528000000006,2,0.20061528000000006,2,1.0,3.0,,,True,1,0
1700584204317-2-13-4-1-5,13,Sadness,Sadness,True,0.560387,0.996834,0.560387,0.996834,0.2763385300000001,2,0.2763385300000001,2,1.0,2.0,3.0,2.0,False,1,0
1700584206113-2-13-4-2-4,13,Neutral,Neutral,True,0.34371623,0.99034685,0.34371623,0.99034685,0.21845522999999994,2,0.21845522999999994,2,2.0,4.0,5.0,4.0,False,1,0
1700584207271-2-13-4-3-6,13,Surprise,Surprise,True,0.121665835,0.7291202,0.121665835,0.7291202,0.09775997000000003,17,0.09775997000000003,17,19.0,,,,False,19,2
1700584212931-2-13-4-6-3,13,Happiness,Happiness,True,0.09061763,0.999426,0.09061763,0.999426,0.557341216,7,0.557341216,7,7.0,8.0,8.0,8.0,False,7,1
1700584214184-2-13-4-7-0,13,Anger,Disgust,False,0.09624615,0.049559094,0.09222609,0.94872594,0.16111084000000003,14,0.32516368,14,15.0,26.0,28.0,26.0,False,24,3
1700584216493-2-13-4-8-5,13,Sadness,Sadness,True,0.09557228,0.99090755,0.09557228,0.99090755,0.334571,20,0.334571,20,20.0,22.0,24.0,22.0,False,20,2
1700584217663-2-13-4-9-2,13,Fear,Fear,True,0.03290972,0.84884953,0.03290972,0.84884953,0.19229855999999998,23,0.19229855999999998,23,24.0,27.0,,27.0,False,24,2
1700584219640-2-13-4-10-0,13,Anger,Anger,True,0.0863075,0.8612404,0.0863075,0.8612404,0.62285683,21,0.62285683,21,21.0,21.0,23.0,21.0,False,21,2
1700584221354-2-13-4-11-3,13,Happiness,Happiness,True,0.3113561,0.99961543,0.3113561,0.99961543,0.1815365,2,0.1815365,2,3.0,4.0,6.0,4.0,False,1,0
1700584223413-2-13-4-12-1,13,Disgust,Disgust,True,0.12722373,0.82451075,0.12722373,0.82451075,0.16417247000000001,3,0.16417247000000001,3,4.0,26.0,,26.0,False,2,1
1700584232123-2-13-4-17-5,13,Sadness,Sadness,True,0.0046954504,0.8956554,0.0046954504,0.8956554,0.16459146999999996,21,0.16459146999999996,21,23.0,27.0,,27.0,False,22,2
1700584234061-2-13-4-18-4,13,Neutral,Neutral,True,0.11777262,0.98855454,0.11777262,0.98855454,0.20936939999999998,5,0.20936939999999998,5,5.0,7.0,8.0,7.0,False,4,1
1700584237227-2-13-4-20-5,13,Sadness,Sadness,True,0.105827525,0.9951395,0.105827525,0.9951395,0.46239689000000006,21,0.46239689000000006,21,21.0,21.0,22.0,21.0,False,21,2
1700584238451-2-13-4-21-6,13,Surprise,Surprise,True,0.17938416,0.612991,0.17938416,0.612991,0.07571286999999999,12,0.07571286999999999,12,20.0,,,,False,24,3
1700584240494-2-13-4-22-0,13,Anger,Anger,True,0.09365379,0.7437483,0.09365379,0.7437483,0.21077202999999997,24,0.21077202999999997,24,25.0,,,,False,25,1
1700584242638-2-13-4-23-2,13,Fear,Fear,True,0.24898407,0.8262652,0.24898407,0.8262652,0.10461658000000001,2,0.10461658000000001,2,4.0,11.0,,28.0,True,1,0
1700584244435-2-13-4-24-3,13,Happiness,Happiness,True,0.15565112,0.99953794,0.15565112,0.99953794,0.19952451999999998,6,0.19952451999999998,6,6.0,8.0,9.0,8.0,False,4,1
1700584249628-2-13-4-27-6,13,Surprise,Surprise,True,0.11577423,0.7272692,0.11577423,0.7272692,0.19029466000000003,23,0.19029466000000003,23,25.0,,,,False,23,1
1700747144334-2-15-1-0-0,15,Anger,Disgust,False,0.092784256,0.34087974,0.088643,0.65795547,0.20636353,20,0.24873710000000002,20,21.0,,,,False,21,2
1700747147435-2-15-1-1-5,15,Sadness,Sadness,True,0.40987238,0.9981604,0.40987238,0.9981604,0.40310176999999997,2,0.40310176999999997,2,2.0,2.0,3.0,2.0,False,1,0
1700747149418-2-15-1-2-3,15,Happiness,Happiness,True,0.113558166,0.99915385,0.113558166,0.99915385,0.5382218559999999,13,0.5382218559999999,13,13.0,14.0,14.0,14.0,False,13,1
1700747151558-2-15-1-3-0,15,Anger,Anger,True,0.07684052,0.6722059,0.07684052,0.6722059,0.405990313,29,0.405990313,29,30.0,,,,False,29,1
1700747153913-2-15-1-4-0,15,Anger,Disgust,False,0.08348148,0.4185694,0.09907869,0.57919866,0.4400849,28,0.21954284999999998,29,30.0,,,,False,30,2
1700747157106-2-15-1-5-5,15,Sadness,Sadness,True,0.09399675,0.998086,0.09399675,0.998086,0.37961492999999996,10,0.37961492999999996,10,10.0,11.0,11.0,11.0,False,9,1
1700747159259-2-15-1-6-3,15,Happiness,Happiness,True,0.14492488,0.99804366,0.14492488,0.99804366,0.4057211,23,0.4057211,23,23.0,23.0,24.0,23.0,False,22,1
1700747164257-2-15-1-8-3,15,Happiness,Happiness,True,0.21533656,0.9991209,0.21533656,0.9991209,0.29344897,19,0.29344897,19,19.0,20.0,21.0,20.0,False,19,2
1700747228293-2-15-2-0-4,15,Neutral,Neutral,True,0.32413882,0.98743975,0.32413882,0.98743975,0.19696224,2,0.19696224,2,2.0,4.0,6.0,4.0,False,1,0
1700747230387-2-15-2-1-1,15,Disgust,Happiness,False,0.08815411,0.0030196188,0.08825012,0.9955686,0.0326729694,20,0.74609766,21,21.0,21.0,22.0,21.0,False,21,1
1700747233836-2-15-2-2-6,15,Surprise,Disgust,False,0.061080612,0.07307208,0.27591604,0.47612032,0.040096549999999995,14,0.14322073,27,,,,,False,30,1
1700747235785-2-15-2-3-2,15,Fear,Surprise,False,0.10295679,0.38513592,0.075924575,0.58299494,0.13757626,27,0.14353156,28,30.0,,,,False,30,2
1700747237919-2-15-2-4-1,15,Disgust,Disgust,True,0.0875019,0.74999636,0.0875019,0.74999636,0.697318494,28,0.697318494,28,28.0,29.0,,,True,28,1
1700747240521-2-15-2-5-1,15,Disgust,Happiness,False,0.18669726,0.010601843,0.2129661,0.9793187,0.07944957999999999,28,0.5237940999999999,29,29.0,29.0,30.0,29.0,False,29,1
1700747244029-2-15-2-6-2,15,Fear,Disgust,False,0.17104189,0.004419818,0.09062615,0.85917497,0.031940899999999994,6,0.18398526999999998,15,17.0,21.0,,21.0,False,16,2
1700747244934-2-15-2-7-4,15,Neutral,Neutral,True,0.23353429,0.98639005,0.23353429,0.98639005,0.16788419999999998,18,0.16788419999999998,18,18.0,20.0,21.0,20.0,False,17,2
1700747248666-2-15-2-8-6,15,Surprise,Surprise,True,0.17735799,0.95531887,0.17735799,0.95531887,0.21315196000000003,3,0.21315196000000003,3,3.0,6.0,8.0,6.0,False,2,1
1700747250542-2-15-2-9-6,15,Surprise,Surprise,True,0.07434412,0.50203395,0.07434412,0.50203395,0.11767912000000003,28,0.11767912000000003,28,30.0,,,,False,29,2
1700747253760-2-15-2-10-2,15,Fear,Disgust,False,0.13504723,0.058194056,0.24263698,0.5653209,0.000642959999999998,14,0.03380095999999999,2,21.0,,,,False,6,1
1700747345899-2-15-3-0-4,15,Neutral,Neutral,True,0.3359578,0.98790425,0.3359578,0.98790425,0.21248087000000004,2,0.21248087000000004,2,2.0,4.0,6.0,4.0,False,1,0
1700747349332-2-15-3-1-1,15,Disgust,Happiness,False,0.07180191,0.00068412605,0.8639072,0.99851185,0.00024874498,29,0.12228466999999998,2,1.0,1.0,2.0,1.0,False,1,0
1700747349900-2-15-3-2-0,15,Anger,Disgust,False,0.14522293,0.12506634,0.2182894,0.8745672,0.14924185,15,0.2572874700000001,15,15.0,19.0,,19.0,False,1,0
1700747352492-2-15-3-3-6,15,Surprise,Surprise,True,0.13436371,0.99351776,0.13436371,0.99351776,0.47247388,11,0.47247388,11,11.0,12.0,12.0,12.0,False,11,1
1700747359928-2-15-3-7-5,15,Sadness,Sadness,True,0.09809893,0.9981839,0.09809893,0.9981839,0.33976938,18,0.33976938,18,18.0,19.0,19.0,19.0,False,17,4
1700747368098-2-15-3-11-3,15,Happiness,Happiness,True,0.21386713,0.998406,0.21386713,0.998406,0.40244711,16,0.40244711,16,16.0,16.0,17.0,16.0,False,15,2
1700747372332-2-15-3-13-6,15,Surprise,Surprise,True,0.11207251,0.7287243,0.11207251,0.7287243,0.43130992,16,0.43130992,16,16.0,20.0,,,True,16,1
1700747374991-2-15-3-14-4,15,Neutral,Neutral,True,0.31384733,0.9412925,0.31384733,0.9412925,0.19051162,2,0.19051162,2,2.0,5.0,6.0,5.0,False,1,0
1700747376723-2-15-3-15-5,15,Sadness,Sadness,True,0.4573031,0.99787474,0.4573031,0.99787474,0.22163119999999997,2,0.22163119999999997,2,2.0,4.0,5.0,4.0,False,1,0
1700747378458-2-15-3-16-2,15,Fear,Neutral,False,0.1781023,0.05017338,0.1680978,0.9427668,0.020428610000000014,2,0.12286221999999997,7,7.0,10.0,12.0,10.0,False,4,3
1700747380059-2-15-3-17-3,15,Happiness,Happiness,True,0.08724812,0.99950707,0.08724812,0.99950707,0.761265387,12,0.761265387,12,12.0,13.0,13.0,13.0,False,12,1
1700747382885-2-15-3-18-1,15,Disgust,Happiness,False,0.055525806,0.00013823126,0.8956654,0.9997291,3.2845999999999245e-07,23,0.09583300000000006,2,1.0,1.0,2.0,1.0,False,1,0
1700747384624-2-15-3-19-6,15,Surprise,Fear,False,0.3929346,0.10810901,0.23934516,0.88012606,0.24273946000000002,2,0.07358423000000003,18,19.0,25.0,,25.0,False,19,1
1700747386351-2-15-3-20-2,15,Fear,Neutral,False,0.29932818,0.027657118,0.10771951,0.9676,0.18020861999999999,2,0.11733126999999999,14,15.0,19.0,22.0,19.0,False,15,1
1700747514980-2-15-4-1-5,15,Sadness,Sadness,True,0.007231151,0.99636406,0.007231151,0.99636406,0.2637904,14,0.2637904,14,13.0,15.0,15.0,15.0,False,13,2
1700747516587-2-15-4-2-4,15,Neutral,Neutral,True,0.17805332,0.9876702,0.17805332,0.9876702,0.10555440000000005,9,0.10555440000000005,9,5.0,9.0,11.0,9.0,False,1,0
1700747522488-2-15-4-5-4,15,Neutral,Neutral,True,0.31453174,0.97822684,0.31453174,0.97822684,0.18591142,2,0.18591142,2,2.0,5.0,7.0,5.0,False,1,0
1700747523299-2-15-4-6-3,15,Happiness,Happiness,True,0.8709926,0.99974424,0.8709926,0.99974424,0.1183457,2,0.1183457,2,1.0,1.0,2.0,1.0,False,1,0
1700747526081-2-15-4-7-0,15,Anger,Anger,True,0.16683085,0.75260407,0.16683085,0.75260407,0.042858779999999985,20,0.042858779999999985,20,16.0,,,,False,16,1
1700747527030-2-15-4-8-5,15,Sadness,Sadness,True,0.10377387,0.9973616,0.10377387,0.9973616,0.25585135000000003,2,0.25585135000000003,2,3.0,4.0,5.0,4.0,False,2,1
1700747528937-2-15-4-9-2,15,Fear,Neutral,False,0.21326153,0.010339363,0.26097846,0.96423376,0.05957092,2,0.10597875999999995,2,4.0,8.0,9.0,8.0,False,1,0
1700747534547-2-15-4-12-1,15,Disgust,Happiness,False,0.25281748,0.014388951,0.6567137,0.97977316,0.00923953999999999,10,0.2036808,2,1.0,2.0,3.0,2.0,False,1,0
1700747535828-2-15-4-13-3,15,Happiness,Happiness,True,0.6389946,0.9921748,0.6389946,0.9921748,0.2810549,2,0.2810549,2,1.0,2.0,2.0,2.0,False,1,0
1700747538056-2-15-4-14-0,15,Anger,Disgust,False,0.13877,0.34757626,0.11923426,0.65155727,0.25941042000000003,5,0.10794864000000004,20,22.0,,,,False,22,2
1700747543178-2-15-4-17-5,15,Sadness,Sadness,True,0.11475793,0.9967679,0.11475793,0.9967679,0.17329569999999997,5,0.17329569999999997,5,7.0,11.0,13.0,11.0,False,5,1
1700747545324-2-15-4-18-4,15,Neutral,Neutral,True,0.27878696,0.9813654,0.27878696,0.9813654,0.17833193999999997,3,0.17833193999999997,3,3.0,5.0,6.0,5.0,False,1,0
1700747550545-2-15-4-21-6,15,Surprise,Surprise,True,0.11336753,0.95908606,0.11336753,0.95908606,0.43225893000000004,5,0.43225893000000004,5,5.0,6.0,6.0,6.0,False,5,2
1700747556782-2-15-4-25-2,15,Fear,Neutral,False,0.17581157,0.011049817,0.28958616,0.98271376,0.22067902,4,0.1684618,2,12.0,16.0,19.0,16.0,False,12,2
1700747558772-2-15-4-26-1,15,Disgust,Disgust,True,0.08565448,0.993361,0.08565448,0.993361,0.325728764,21,0.325728764,21,22.0,23.0,24.0,23.0,False,21,3
1700756274306-2-18-1-0-0,18,Anger,Anger,True,0.58465207,0.9092298,0.58465207,0.9092298,0.24500149000000004,2,0.24500149000000004,2,1.0,2.0,3.0,2.0,False,1,0
1700756276004-2-18-1-1-5,18,Sadness,Sadness,True,0.1050101,0.99857914,0.1050101,0.99857914,0.46318709999999996,18,0.46318709999999996,18,18.0,18.0,18.0,18.0,False,18,2
1700756278030-2-18-1-2-3,18,Happiness,Happiness,True,0.07907378,0.9992322,0.07907378,0.9992322,0.812037733,16,0.812037733,16,16.0,16.0,17.0,16.0,False,16,1
1700756280474-2-18-1-3-0,18,Anger,Anger,True,0.41983512,0.9791245,0.41983512,0.9791245,0.28890201000000004,2,0.28890201000000004,2,2.0,3.0,4.0,3.0,False,1,0
1700756283788-2-18-1-4-0,18,Anger,Anger,True,0.14757335,0.94811356,0.14757335,0.94811356,0.21109113000000002,3,0.21109113000000002,3,4.0,5.0,7.0,5.0,False,3,1
1700756285404-2-18-1-5-5,18,Sadness,Sadness,True,0.10319885,0.9982243,0.10319885,0.9982243,0.3059057,11,0.3059057,11,11.0,13.0,14.0,13.0,False,11,1
1700756292963-2-18-1-8-3,18,Happiness,Happiness,True,0.08565208,0.99965215,0.08565208,0.99965215,0.47443057999999994,16,0.47443057999999994,16,16.0,16.0,16.0,16.0,False,16,1
1700756363513-2-18-2-1-1,18,Disgust,Disgust,True,0.23028539,0.7189578,0.23028539,0.7189578,0.12790213000000006,25,0.12790213000000006,25,25.0,,,,False,25,1
1700756365257-2-18-2-2-6,18,Surprise,Surprise,True,0.121333785,0.965661,0.121333785,0.965661,0.6371427900000001,10,0.6371427900000001,10,10.0,11.0,12.0,11.0,False,10,2
1700756370115-2-18-2-4-1,18,Disgust,Disgust,True,0.18393016,0.9915439,0.18393016,0.9915439,0.730021346,21,0.730021346,21,21.0,21.0,22.0,21.0,False,21,2
1700756373040-2-18-2-5-1,18,Disgust,Disgust,True,0.11319939,0.8265476,0.11319939,0.8265476,0.299971785,8,0.299971785,8,9.0,11.0,20.0,11.0,False,8,1
1700756380628-2-18-2-8-6,18,Surprise,Surprise,True,0.12410246,0.68898404,0.12410246,0.68898404,0.186177,14,0.186177,14,15.0,,,,False,15,2
1700756382762-2-18-2-9-6,18,Surprise,Surprise,True,0.120862424,0.8288165,0.120862424,0.8288165,0.25057229999999997,22,0.25057229999999997,22,23.0,29.0,,29.0,False,23,2
1700756481968-2-18-3-0-4,18,Neutral,Neutral,True,0.3383165,0.9843045,0.3383165,0.9843045,0.21311599999999997,2,0.21311599999999997,2,2.0,4.0,6.0,4.0,False,1,0
1700756486528-2-18-3-2-0,18,Anger,Anger,True,0.09641824,0.97824836,0.09641824,0.97824836,0.47396123,11,0.47396123,11,11.0,12.0,13.0,12.0,False,11,3
1700756490593-2-18-3-4-3,18,Happiness,Happiness,True,0.09004335,0.99965525,0.09004335,0.99965525,0.691793907,6,0.691793907,6,6.0,7.0,7.0,7.0,False,6,1
1700756494467-2-18-3-6-5,18,Sadness,Sadness,True,0.10358476,0.7231868,0.10358476,0.7231868,0.3875311,5,0.3875311,5,5.0,10.0,12.0,,True,5,1
1700756499157-2-18-3-8-0,18,Anger,Anger,True,0.7025832,0.83712304,0.7025832,0.83712304,0.19940227,2,0.19940227,2,1.0,2.0,2.0,2.0,False,1,0
1700756505088-2-18-3-11-3,18,Happiness,Happiness,True,0.8847017,0.9994161,0.8847017,0.9994161,0.1062687,2,0.1062687,2,1.0,1.0,2.0,1.0,False,1,0
1700756506384-2-18-3-12-4,18,Neutral,Neutral,True,0.34429678,0.9876875,0.34429678,0.9876875,0.21924691999999996,2,0.21924691999999996,2,2.0,4.0,5.0,4.0,False,1,0
1700756508190-2-18-3-13-6,18,Surprise,Surprise,True,0.12040477,0.8755778,0.12040477,0.8755778,0.33141618000000006,10,0.33141618000000006,10,10.0,12.0,13.0,12.0,False,10,2
1700756511419-2-18-3-14-4,18,Neutral,Neutral,True,0.3428001,0.97617996,0.3428001,0.97617996,0.23477284000000004,2,0.23477284000000004,2,2.0,4.0,5.0,4.0,False,1,0
1700756512745-2-18-3-15-5,18,Sadness,Sadness,True,0.3729052,0.96431863,0.3729052,0.96431863,0.13150804000000005,3,0.13150804000000005,3,3.0,6.0,9.0,6.0,False,3,1
1700756516990-2-18-3-17-3,18,Happiness,Happiness,True,0.08901686,0.99971014,0.08901686,0.99971014,0.733474065,10,0.733474065,10,10.0,11.0,11.0,11.0,False,10,1
1700756520318-2-18-3-19-6,18,Surprise,Surprise,True,0.12227515,0.83682287,0.12227515,0.83682287,0.26770104,5,0.26770104,5,6.0,29.0,,29.0,False,6,2
1700756706103-2-18-4-1-5,18,Sadness,Sadness,True,0.5436409,0.9867405,0.5436409,0.9867405,0.21206179999999997,2,0.21206179999999997,2,1.0,21.0,23.0,21.0,False,19,2
1700756707997-2-18-4-2-4,18,Neutral,Neutral,True,0.32475966,0.99320716,0.32475966,0.99320716,0.22162744,2,0.22162744,2,2.0,4.0,5.0,4.0,False,1,0
1700756711213-2-18-4-4-4,18,Neutral,Neutral,True,0.33051813,0.9889625,0.33051813,0.9889625,0.19867801000000002,2,0.19867801000000002,2,2.0,4.0,7.0,4.0,False,1,0
1700756713736-2-18-4-5-4,18,Neutral,Neutral,True,0.3423427,0.9927583,0.3423427,0.9927583,0.23021210000000003,2,0.23021210000000003,2,2.0,4.0,5.0,4.0,False,1,0
1700756716598-2-18-4-7-0,18,Anger,Anger,True,0.08255285,0.9808966,0.08255285,0.9808966,0.30485078,8,0.30485078,8,9.0,17.0,19.0,17.0,False,8,1
1700756719177-2-18-4-8-5,18,Sadness,Sadness,True,0.5422993,0.99625105,0.5422993,0.99625105,0.2734436699999999,2,0.2734436699999999,2,1.0,2.0,3.0,2.0,False,1,0
1700756720027-2-18-4-9-2,18,Fear,Fear,True,0.041229874,0.76705146,0.041229874,0.76705146,0.45992018700000004,16,0.45992018700000004,16,16.0,25.0,,,True,20,4
1700756722474-2-18-4-10-0,18,Anger,Anger,True,0.67613816,0.9829707,0.67613816,0.9829707,0.22311004,2,0.22311004,2,1.0,2.0,3.0,2.0,False,1,0
1700756725541-2-18-4-12-1,18,Disgust,Disgust,True,0.09025777,0.9647777,0.09025777,0.9647777,0.28601947000000005,14,0.28601947000000005,14,14.0,17.0,28.0,25.0,True,14,2
1700756727000-2-18-4-13-3,18,Happiness,Happiness,True,0.15048566,0.9996958,0.15048566,0.9996958,0.47541199,2,0.47541199,2,2.0,3.0,3.0,3.0,False,2,1
1700756728630-2-18-4-14-0,18,Anger,Anger,True,0.633408,0.9745213,0.633408,0.9745213,0.21765584999999998,2,0.21765584999999998,2,1.0,2.0,3.0,2.0,False,1,0
1700756730921-2-18-4-15-1,18,Disgust,Sadness,False,0.08457276,0.4146921,0.095880516,0.42430264,0.11138966,30,0.34677431000000003,4,4.0,5.0,16.0,,True,3,1
1700756736108-2-18-4-18-4,18,Neutral,Neutral,True,0.3529345,0.9920787,0.3529345,0.9920787,0.23712865,2,0.23712865,2,2.0,4.0,5.0,4.0,False,1,0
1700756739446-2-18-4-20-5,18,Sadness,Sadness,True,0.10027551,0.9912014,0.10027551,0.9912014,0.48894858,5,0.48894858,5,5.0,5.0,6.0,5.0,False,5,1
1700756740978-2-18-4-21-6,18,Surprise,Surprise,True,0.4116986,0.7478415,0.4116986,0.7478415,0.22612604999999997,2,0.22612604999999997,2,2.0,4.0,10.0,,True,1,0
1700756743678-2-18-4-22-0,18,Anger,Anger,True,0.58736026,0.9415258,0.58736026,0.9415258,0.23416078000000007,2,0.23416078000000007,2,1.0,2.0,3.0,2.0,False,1,0
1700756746478-2-18-4-24-3,18,Happiness,Happiness,True,0.08673005,0.9996859,0.08673005,0.9996859,0.5667673,5,0.5667673,5,5.0,5.0,6.0,5.0,False,5,1
1700756752506-2-18-4-27-6,18,Surprise,Surprise,True,0.13128239,0.88508713,0.13128239,0.88508713,0.33175194999999996,19,0.33175194999999996,19,19.0,21.0,,21.0,False,19,3
1701085397170-2-23-1-1-5,23,Sadness,Sadness,True,0.6138119,0.98163795,0.6138119,0.98163795,0.2339637,2,0.2339637,2,1.0,2.0,3.0,2.0,False,1,0
1701085399209-2-23-1-2-3,23,Happiness,Happiness,True,0.42936763,0.99968004,0.42936763,0.99968004,0.39109616999999997,2,0.39109616999999997,2,2.0,2.0,3.0,2.0,False,1,0
1701085406198-2-23-1-5-5,23,Sadness,Sadness,True,0.12645496,0.9877314,0.12645496,0.9877314,0.31989714,21,0.31989714,21,22.0,23.0,25.0,23.0,False,22,2
1701085409026-2-23-1-6-3,23,Happiness,Happiness,True,0.44148746,0.9996357,0.44148746,0.9996357,0.28282479,2,0.28282479,2,2.0,3.0,4.0,3.0,False,1,0
1701085411341-2-23-1-7-5,23,Sadness,Sadness,True,0.09652285,0.87351525,0.09652285,0.87351525,0.29885582000000005,29,0.29885582000000005,29,29.0,30.0,,30.0,False,29,2
1701085482708-2-23-2-0-4,23,Neutral,Neutral,True,0.32439825,0.95586675,0.32439825,0.95586675,0.16168135,2,0.16168135,2,3.0,6.0,11.0,6.0,False,1,0
1701085488586-2-23-2-2-6,23,Surprise,Surprise,True,0.36659053,0.6857311,0.36659053,0.6857311,0.06246134999999997,2,0.06246134999999997,2,10.0,,,,False,10,1
1701085490489-2-23-2-3-2,23,Fear,Happiness,False,0.17868096,0.010672251,0.10184973,0.9696685,0.09874721000000003,16,0.42739305499999997,17,17.0,18.0,19.0,18.0,False,17,1
1701085495679-2-23-2-5-1,23,Disgust,Anger,False,0.08378496,0.010937342,0.054184206,0.98647296,0.035577934,26,0.20932963999999998,20,20.0,21.0,22.0,21.0,False,16,1
1701085500311-2-23-2-7-4,23,Neutral,Neutral,True,0.061548017,0.9067934,0.061548017,0.9067934,0.14907315999999998,25,0.14907315999999998,25,25.0,28.0,30.0,28.0,False,24,2
1701085503372-2-23-2-8-6,23,Surprise,Surprise,True,0.13817768,0.69489074,0.13817768,0.69489074,0.2032161,23,0.2032161,23,26.0,,,,False,26,2
1701085508188-2-23-2-10-2,23,Fear,Happiness,False,0.08749111,0.16486105,0.53372633,0.6549921,0.10948725000000001,30,0.3152984999999999,2,1.0,2.0,3.0,,True,1,0
1701085510979-2-23-2-11-4,23,Neutral,Neutral,True,0.16674696,0.8890241,0.16674696,0.8890241,0.12511154999999996,21,0.12511154999999996,21,22.0,26.0,,26.0,False,20,2
1701085605407-2-23-3-1-1,23,Disgust,Disgust,True,0.10569809,0.7211462,0.10569809,0.7211462,0.12782554999999995,23,0.12782554999999995,23,22.0,25.0,,,True,22,2
1701085606801-2-23-3-2-0,23,Anger,Anger,True,0.23086452,0.97601706,0.23086452,0.97601706,0.66908968,19,0.66908968,19,19.0,20.0,20.0,20.0,False,19,2
1701085609204-2-23-3-3-6,23,Surprise,Surprise,True,0.0625726,0.87889045,0.0625726,0.87889045,0.29871623,18,0.29871623,18,19.0,25.0,,25.0,False,18,4
1701085611540-2-23-3-4-3,23,Happiness,Happiness,True,0.8183566,0.9988433,0.8183566,0.9988433,0.16280360000000005,2,0.16280360000000005,2,1.0,1.0,2.0,1.0,False,1,0
1701085612711-2-23-3-5-2,23,Fear,Surprise,False,0.059911173,0.42012843,0.043755207,0.5399806,0.12691089000000003,27,0.19100422,27,28.0,,,,False,27,1
1701085617891-2-23-3-7-5,23,Sadness,Sadness,True,0.55499303,0.90965396,0.55499303,0.90965396,0.25122917,2,0.25122917,2,1.0,2.0,3.0,2.0,False,1,0
1701085619479-2-23-3-8-0,23,Anger,Anger,True,0.114532955,0.6173828,0.114532955,0.6173828,0.59706672,16,0.59706672,16,16.0,16.0,18.0,,True,16,1
1701085621175-2-23-3-9-1,23,Disgust,Disgust,True,0.053851686,0.98711747,0.053851686,0.98711747,0.42694407999999995,23,0.42694407999999995,23,23.0,24.0,24.0,24.0,False,23,1
1701085622872-2-23-3-10-0,23,Anger,Anger,True,0.08402329,0.98402643,0.08402329,0.98402643,0.36557843,19,0.36557843,19,20.0,20.0,21.0,20.0,False,19,1
1701085625896-2-23-3-11-3,23,Happiness,Happiness,True,0.8863986,0.99955577,0.8863986,0.99955577,0.10500604999999996,2,0.10500604999999996,2,1.0,1.0,2.0,1.0,False,1,0
1701085629667-2-23-3-13-6,23,Surprise,Surprise,True,0.13466896,0.87643075,0.13466896,0.87643075,0.24412515999999995,9,0.24412515999999995,9,9.0,14.0,,14.0,False,9,4
1701085630752-2-23-3-14-4,23,Neutral,Neutral,True,0.20736572,0.95973575,0.20736572,0.95973575,0.25259566,20,0.25259566,20,6.0,21.0,22.0,21.0,False,19,2
1701085633973-2-23-3-15-5,23,Sadness,Sadness,True,0.56615204,0.905588,0.56615204,0.905588,0.23940700000000004,2,0.23940700000000004,2,1.0,2.0,3.0,2.0,False,1,0
1701085635772-2-23-3-16-2,23,Fear,Happiness,False,0.113869324,0.0359016,0.32384115,0.8899158,0.005087867000000001,25,0.20188540999999993,2,2.0,9.0,18.0,9.0,False,1,0
1701085639668-2-23-3-18-1,23,Disgust,Disgust,True,0.14722702,0.9881991,0.14722702,0.9881991,0.1825212,3,0.1825212,3,4.0,7.0,16.0,7.0,False,3,2
1701085643199-2-23-3-20-2,23,Fear,Neutral,False,0.11743582,0.3379584,0.11580644,0.44916368,0.031652969999999975,25,0.11928348000000005,20,20.0,,,,False,19,1
1701085783312-2-23-4-0-1,23,Disgust,Disgust,True,0.1294754,0.99181795,0.1294754,0.99181795,0.16250553,6,0.16250553,6,6.0,8.0,10.0,8.0,False,4,2
1701085784771-2-23-4-1-5,23,Sadness,Sadness,True,0.08810688,0.99389535,0.08810688,0.99389535,0.39132787,12,0.39132787,12,12.0,13.0,14.0,13.0,False,12,3
1701085786811-2-23-4-2-4,23,Neutral,Neutral,True,0.052308552,0.96159506,0.052308552,0.96159506,0.15510965000000004,14,0.15510965000000004,14,15.0,17.0,19.0,17.0,False,14,1
1701085788374-2-23-4-3-6,23,Surprise,Surprise,True,0.12898068,0.5866707,0.12898068,0.5866707,0.1292569,20,0.1292569,20,26.0,,,,False,26,4
1701085789639-2-23-4-4-4,23,Neutral,Neutral,True,0.2832912,0.9809926,0.2832912,0.9809926,0.17530315000000002,6,0.17530315000000002,6,6.0,8.0,12.0,8.0,False,1,0
1701085791397-2-23-4-5-4,23,Neutral,Neutral,True,0.33031347,0.9795857,0.33031347,0.9795857,0.19783983000000005,2,0.19783983000000005,2,2.0,4.0,6.0,4.0,False,1,0
1701085793939-2-23-4-6-3,23,Happiness,Happiness,True,0.24383245,0.9990808,0.24383245,0.9990808,0.48478349,2,0.48478349,2,2.0,3.0,3.0,3.0,False,1,0
1701085795548-2-23-4-7-0,23,Anger,Anger,True,0.2724143,0.46412057,0.2724143,0.46412057,0.22406232999999998,5,0.22406232999999998,5,4.0,5.0,5.0,,True,1,0
1701085796688-2-23-4-8-5,23,Sadness,Sadness,True,0.10719016,0.9888975,0.10719016,0.9888975,0.26560639999999996,8,0.26560639999999996,8,8.0,9.0,11.0,9.0,False,8,2
1701085798672-2-23-4-9-2,23,Fear,Surprise,False,0.021032615,0.23930472,0.035613086,0.62521017,0.09098262999999998,24,0.11870766999999999,26,28.0,,,,False,27,3
1701085800908-2-23-4-10-0,23,Anger,Anger,True,0.08521091,0.92866,0.08521091,0.92866,0.48491438000000003,14,0.48491438000000003,14,14.0,14.0,15.0,14.0,False,14,1
1701085802372-2-23-4-11-3,23,Happiness,Happiness,True,0.1522914,0.99969256,0.1522914,0.99969256,0.19372205999999992,8,0.19372205999999992,8,7.0,9.0,11.0,9.0,False,7,1
1701085804610-2-23-4-12-1,23,Disgust,Disgust,True,0.16717787,0.9942983,0.16717787,0.9942983,0.20975773000000003,7,0.20975773000000003,7,7.0,8.0,9.0,8.0,False,6,1
1701085805933-2-23-4-13-3,23,Happiness,Happiness,True,0.5364157,0.9996873,0.5364157,0.9996873,0.3299703599999999,2,0.3299703599999999,2,1.0,2.0,3.0,2.0,False,1,0
1701085807269-2-23-4-14-0,23,Anger,Anger,True,0.10566547,0.9578769,0.10566547,0.9578769,0.24942729000000002,13,0.24942729000000002,13,14.0,16.0,17.0,16.0,False,13,3
1701085809428-2-23-4-15-1,23,Disgust,Disgust,True,0.10571863,0.97713727,0.10571863,0.97713727,0.24201015999999997,25,0.24201015999999997,25,24.0,26.0,27.0,26.0,False,23,1
1701085810970-2-23-4-16-2,23,Fear,Surprise,False,0.121823065,0.36014023,0.092399865,0.63790834,0.17098598000000004,23,0.24999537,23,24.0,,,,False,23,1
1701085812843-2-23-4-17-5,23,Sadness,Sadness,True,0.045070466,0.97522527,0.045070466,0.97522527,0.3926526,26,0.3926526,26,26.0,26.0,27.0,26.0,False,25,3
1701085820057-2-23-4-21-6,23,Surprise,Surprise,True,0.12188995,0.86889035,0.12188995,0.86889035,0.21209471,18,0.21209471,18,19.0,26.0,,26.0,False,19,2
1701085821482-2-23-4-22-0,23,Anger,Anger,True,0.12059775,0.9697147,0.12059775,0.9697147,0.4357177,19,0.4357177,19,19.0,20.0,21.0,20.0,False,19,2
1701085823245-2-23-4-23-2,23,Fear,Surprise,False,0.10192839,0.38436714,0.066013664,0.61444396,0.27895602999999997,21,0.25179549999999995,22,23.0,,,,False,23,4
1701085827129-2-23-4-25-2,23,Fear,Surprise,False,0.15371618,0.26091927,0.099939816,0.73799133,0.10841863000000002,16,0.20523800000000003,18,19.0,,,,False,18,2
1701085829241-2-23-4-26-1,23,Disgust,Fear,False,0.10089982,0.22735213,0.14205322,0.4856856,0.080673575,20,0.09319457,24,27.0,,,,False,24,1
1701085830697-2-23-4-27-6,23,Surprise,Surprise,True,0.036208127,0.93046963,0.036208127,0.93046963,0.40138426,13,0.40138426,13,14.0,16.0,25.0,16.0,False,13,1
1701094438118-2-27-1-0-0,27,Anger,Disgust,False,0.1004663,0.04201074,0.14193207,0.95760006,0.05879758,25,0.41216853000000003,24,24.0,25.0,28.0,25.0,False,24,2
1701094443379-2-27-1-2-3,27,Happiness,Happiness,True,0.10837902,0.99978334,0.10837902,0.99978334,0.39266512,6,0.39266512,6,6.0,7.0,7.0,7.0,False,6,1
1701094445452-2-27-1-3-0,27,Anger,Disgust,False,0.09891726,0.04540559,0.12987426,0.9542787,0.04492902499999999,22,0.46206756000000004,20,20.0,20.0,21.0,20.0,False,19,1
1701094448444-2-27-1-4-0,27,Anger,Disgust,False,0.09108228,0.025954187,0.1286185,0.97376955,0.009842133000000003,16,0.45646250000000005,16,16.0,17.0,17.0,17.0,False,16,2
1701094450282-2-27-1-5-5,27,Sadness,Sadness,True,0.045077987,0.94713575,0.045077987,0.94713575,0.1718731,21,0.1718731,21,24.0,28.0,29.0,28.0,False,24,2
1701094455829-2-27-1-7-5,27,Sadness,Sadness,True,0.5990013,0.8853276,0.5990013,0.8853276,0.25587117000000004,2,0.25587117000000004,2,1.0,2.0,3.0,2.0,False,1,0
1701094458007-2-27-1-8-3,27,Happiness,Happiness,True,0.90294534,0.9997688,0.90294534,0.9997688,0.09054365999999991,2,0.09054365999999991,2,1.0,1.0,1.0,1.0,False,1,0
1701094536373-2-27-2-2-6,27,Surprise,Surprise,True,0.54555005,0.8438147,0.54555005,0.8438147,0.19334735000000003,2,0.19334735000000003,2,1.0,3.0,,30.0,True,1,0
1701094539306-2-27-2-3-2,27,Fear,Fear,True,0.028774187,0.4958207,0.028774187,0.4958207,0.059998860000000015,14,0.059998860000000015,14,24.0,,,,False,21,2
1701094549501-2-27-2-7-4,27,Neutral,Neutral,True,0.09624461,0.9665689,0.09624461,0.9665689,0.13461067000000004,6,0.13461067000000004,6,7.0,11.0,15.0,11.0,False,5,1
1701094559720-2-27-2-11-4,27,Neutral,Disgust,False,0.19196066,0.23139961,0.11684391,0.464712,0.18916007,5,0.16374135999999997,28,,,,,False,29,2
1701094652485-2-27-3-0-4,27,Neutral,Neutral,True,0.26750293,0.7800509,0.26750293,0.7800509,0.12189680999999997,2,0.12189680999999997,2,3.0,8.0,16.0,,True,1,0
1701094656847-2-27-3-2-0,27,Anger,Disgust,False,0.16632053,0.010117397,0.8001808,0.9893882,0.0034404803000000006,28,0.11841493000000003,2,1.0,1.0,2.0,1.0,False,1,0
1701094657984-2-27-3-3-6,27,Surprise,Surprise,True,0.09798848,0.9521231,0.09798848,0.9521231,0.17133206999999995,19,0.17133206999999995,19,18.0,21.0,27.0,21.0,False,17,3
1701094661584-2-27-3-5-2,27,Fear,Fear,True,0.25388953,0.6373459,0.25388953,0.6373459,0.060346750000000005,2,0.060346750000000005,2,7.0,,,,False,6,1
1701094664518-2-27-3-6-5,27,Sadness,Sadness,True,0.078809656,0.8119592,0.078809656,0.8119592,0.21822923,6,0.21822923,6,9.0,12.0,14.0,28.0,True,9,4
1701094668813-2-27-3-8-0,27,Anger,Disgust,False,0.1471196,0.024392242,0.68709725,0.9752315,0.0031025459999999977,6,0.25981204999999996,2,1.0,2.0,2.0,2.0,False,1,0
1701094669809-2-27-3-9-1,27,Disgust,Happiness,False,0.49746472,0.2489588,0.025063429,0.7424563,0.4234214499999999,20,0.15446490000000002,23,26.0,,,,False,25,3
1701094672347-2-27-3-10-0,27,Anger,Disgust,False,0.089158565,0.030706348,0.13982809,0.9688533,0.048497233,8,0.3564694,8,8.0,9.0,9.0,9.0,False,7,1
1701094679684-2-27-3-14-4,27,Neutral,Neutral,True,0.20235169,0.9759276,0.20235169,0.9759276,0.20750809000000003,3,0.20750809000000003,3,3.0,5.0,7.0,5.0,False,1,0
1701094684847-2-27-3-16-2,27,Fear,Disgust,False,0.22909921,0.103997774,0.3254838,0.5417816,0.11218377999999998,15,0.14653500000000003,2,3.0,9.0,,,True,22,2
1701094686349-2-27-3-17-3,27,Happiness,Happiness,True,0.16447058,0.99976784,0.16447058,0.99976784,0.3541519000000001,17,0.3541519000000001,17,16.0,17.0,17.0,17.0,False,15,1
1701094688507-2-27-3-18-1,27,Disgust,Disgust,True,0.79887146,0.86618924,0.79887146,0.86618924,0.13561194,2,0.13561194,2,1.0,2.0,2.0,2.0,False,1,0
1701094689680-2-27-3-19-6,27,Surprise,Surprise,True,0.14632429,0.9667572,0.14632429,0.9667572,0.41177542999999994,8,0.41177542999999994,8,8.0,9.0,10.0,9.0,False,8,3
1701094692584-2-27-3-20-2,27,Fear,Surprise,False,0.40309107,0.2866277,0.34074387,0.644669,0.07641884999999998,2,0.09497919999999999,2,4.0,,,,False,4,1
1701094821546-2-27-4-1-5,27,Sadness,Sadness,True,0.10894363,0.9928133,0.10894363,0.9928133,0.26389394,7,0.26389394,7,8.0,11.0,13.0,11.0,False,8,2
1701094823610-2-27-4-2-4,27,Neutral,Neutral,True,0.1496672,0.74954164,0.1496672,0.74954164,0.08804813,18,0.08804813,18,19.0,,,,False,17,4
1701094824960-2-27-4-3-6,27,Surprise,Surprise,True,0.27439338,0.9531597,0.27439338,0.9531597,0.16773561999999997,2,0.16773561999999997,2,3.0,7.0,14.0,7.0,False,2,1
1701094829010-2-27-4-5-4,27,Neutral,Happiness,False,0.2195072,0.075578496,0.105505794,0.8173802,0.09100452999999997,5,0.68234887,30,30.0,30.0,,30.0,False,30,1
1701094830423-2-27-4-6-3,27,Happiness,Happiness,True,0.80325437,0.9990169,0.80325437,0.9990169,0.17406843000000005,2,0.17406843000000005,2,1.0,1.0,2.0,1.0,False,1,0
1701094835647-2-27-4-9-2,27,Fear,Surprise,False,0.026160102,0.21286404,0.0351147,0.7806218,0.18547454,27,0.34823713,27,28.0,,,,False,27,3
1701094839307-2-27-4-11-3,27,Happiness,Happiness,True,0.12240747,0.99945337,0.12240747,0.99945337,0.32739107,15,0.32739107,15,15.0,16.0,17.0,16.0,False,15,2
1701094842669-2-27-4-13-3,27,Happiness,Happiness,True,0.8715946,0.999521,0.8715946,0.999521,0.11395949999999999,2,0.11395949999999999,2,1.0,1.0,2.0,1.0,False,1,0
1701094848288-2-27-4-16-2,27,Fear,Fear,True,0.26632944,0.8507741,0.26632944,0.8507741,0.08883530000000006,13,0.08883530000000006,13,11.0,17.0,,17.0,False,9,1
1701094851143-2-27-4-18-4,27,Neutral,Neutral,True,0.16010568,0.62478274,0.16010568,0.62478274,0.049081919999999946,9,0.049081919999999946,9,14.0,,,,False,10,1
1701094852692-2-27-4-19-6,27,Surprise,Surprise,True,0.46942312,0.9301478,0.46942312,0.9301478,0.16627058,2,0.16627058,2,2.0,4.0,8.0,4.0,False,1,0
1701094855279-2-27-4-20-5,27,Sadness,Sadness,True,0.50711584,0.9761101,0.50711584,0.9761101,0.19840286000000007,2,0.19840286000000007,2,1.0,3.0,5.0,3.0,False,1,0
1701094856933-2-27-4-21-6,27,Surprise,Surprise,True,0.528042,0.95972043,0.528042,0.95972043,0.21050234,2,0.21050234,2,1.0,3.0,5.0,3.0,False,1,0
1701094862346-2-27-4-24-3,27,Happiness,Happiness,True,0.014671644,0.99270105,0.014671644,0.99270105,0.57419277,11,0.57419277,11,11.0,11.0,11.0,11.0,False,11,1
1701094865205-2-27-4-26-1,27,Disgust,Disgust,True,0.11889847,0.99348676,0.11889847,0.99348676,0.60621207,14,0.60621207,14,14.0,15.0,16.0,15.0,False,14,1
1701094866874-2-27-4-27-6,27,Surprise,Surprise,True,0.20114988,0.95339704,0.20114988,0.95339704,0.1275134,9,0.1275134,9,7.0,10.0,12.0,10.0,False,3,1
